{"sources":[{"type":"directory","source":"entity","prefix":"entity/"},{"type":"filter","pattern":{"namespace":"minecraft","path":"entity/fishing_hook"}},{"type":"directory","source":"entity","prefix":"entity/"},{"type":"filter","pattern":{"namespace":"minecraft","path":"entity/fishing_hook"}},{"type":"directory","source":"entity","prefix":"entity/"},{"type":"filter","pattern":{"namespace":"minecraft","path":"entity/fishing_hook"}},{"type":"directory","source":"entity","prefix":"entity/"},{"type":"filter","pattern":{"namespace":"minecraft","path":"entity/fishing_hook"}},{"type":"single","resource":"1fb9b528-64fa-4f99-af83-5f8db9d54690"},{"type":"single","resource":"ff13aa0d-0109-4975-af2e-d7ff389cad2f"},{"type":"single","resource":"18891e7b-fc86-46c4-b0ba-2969d7a60944"},{"type":"single","resource":"3cd537c4-600a-4663-a47d-350ea4b3994f"},{"type":"single","resource":"3f37806b-7fa7-44ca-9a33-168d35f70dea"},{"type":"single","resource":"0640b3f7-dbbf-4846-87ed-634e5f47e766"},{"type":"single","resource":"c75fdc00-656a-4ede-9c08-e7df52e0fb5f"},{"type":"single","resource":"59184287-3b5c-440b-b84f-6d356e130560"},{"type":"single","resource":"0e19f6f1-1a1d-48ca-b20a-af3ec870846f"},{"type":"single","resource":"42525be8-deec-488b-8482-b5fcff62111e"},{"type":"single","resource":"4edf69d4-2397-4fab-9c52-8ed4e2c873ad"},{"type":"single","resource":"e7fc2c17-d09b-4045-bc1e-413bc6780e2a"},{"type":"single","resource":"d10b9645-0c41-455e-9126-36e378d708ec"},{"type":"single","resource":"bloons:balloons/balloon_blue"},{"type":"single","resource":"bloons:balloons/balloon_dyeable"},{"type":"single","resource":"bloons:balloons/balloon_green"},{"type":"single","resource":"bloons:balloons/balloon_pink"},{"type":"single","resource":"bloons:balloons/balloon_yellow"},{"type":"single","resource":"84fab38e-b604-425e-9aca-46fb786f71e2"},{"type":"single","resource":"1bf2b81c-e062-4707-b63e-0a83de12c259"},{"type":"single","resource":"21771594-4d63-41c6-8fbb-cdf8f234eb27"},{"type":"single","resource":"097e65e5-b594-4a5e-a5eb-6351fa6f4718"},{"type":"single","resource":"b6b69318-7eb1-4af3-ba7c-5a7534b164a4"},{"type":"single","resource":"cfd43087-b445-4477-a1a2-8bd3426b3339"},{"type":"single","resource":"e53aaaa3-3766-45a5-b9c9-1cad82d507bf"},{"type":"single","resource":"6ad09e0a-d141-4115-925f-3aa4c36b1a5a"},{"type":"single","resource":"1c68f45c-819f-4bb5-9b7e-bcf71d5a20f3"},{"type":"single","resource":"block/dark_oak_planks"},{"type":"single","resource":"block/dirt"},{"type":"single","resource":"block/podzol_side"},{"type":"single","resource":"block/podzol_top"},{"type":"single","resource":"1024dee7-8314-4961-a0da-acdd906a29ad"},{"type":"single","resource":"1024dee7-8314-4961-a0da-acdd906a29ad"},{"type":"single","resource":"1024dee7-8314-4961-a0da-acdd906a29ad"},{"type":"single","resource":"b00accbe-f520-4101-b8bb-2fbba7d75512"},{"type":"single","resource":"b00accbe-f520-4101-b8bb-2fbba7d75512"},{"type":"single","resource":"ce661829-f25b-4925-84b2-15f6306e0442"},{"type":"single","resource":"ce661829-f25b-4925-84b2-15f6306e0442"},{"type":"single","resource":"f25268e0-5e15-4ec2-aa8a-dc439ef130f3"},{"type":"single","resource":"b240244f-2a81-41bc-8eb7-62b546b88586"},{"type":"single","resource":"b240244f-2a81-41bc-8eb7-62b546b88586"},{"type":"single","resource":"d3f83556-4813-47f5-9ead-c435f7397b3a"},{"type":"single","resource":"d3f83556-4813-47f5-9ead-c435f7397b3a"},{"type":"single","resource":"26dce8cf-3ed3-46e7-9d4f-7ec467506149"},{"type":"single","resource":"26dce8cf-3ed3-46e7-9d4f-7ec467506149"},{"type":"single","resource":"98ba66cd-8304-464a-a127-b491e251468d"},{"type":"single","resource":"98ba66cd-8304-464a-a127-b491e251468d"},{"type":"single","resource":"23adec32-1ae1-4a99-b849-56f0740dc06c"},{"type":"single","resource":"23adec32-1ae1-4a99-b849-56f0740dc06c"},{"type":"single","resource":"3173110a-5069-4026-8b9e-59a2097330b9"},{"type":"single","resource":"3173110a-5069-4026-8b9e-59a2097330b9"},{"type":"single","resource":"0d4d0dcc-74c8-4e64-9775-86a39773a12d"},{"type":"single","resource":"0d4d0dcc-74c8-4e64-9775-86a39773a12d"},{"type":"single","resource":"9a9dbeb4-ad2a-46b0-be6b-27b8c46a3d92"},{"type":"single","resource":"9a9dbeb4-ad2a-46b0-be6b-27b8c46a3d92"},{"type":"single","resource":"cb2cb118-40f7-4194-9686-d931d245c984"},{"type":"single","resource":"cb2cb118-40f7-4194-9686-d931d245c984"},{"type":"single","resource":"e753294c-ac42-486e-b328-1c470ca2c118"},{"type":"single","resource":"e753294c-ac42-486e-b328-1c470ca2c118"},{"type":"single","resource":"eae1f8bb-dfb2-4809-a76a-ca2c60158bbd"},{"type":"single","resource":"eae1f8bb-dfb2-4809-a76a-ca2c60158bbd"},{"type":"single","resource":"57591bb7-0497-4ea3-b6cc-ac6cd10c54ad"},{"type":"single","resource":"57591bb7-0497-4ea3-b6cc-ac6cd10c54ad"},{"type":"single","resource":"68732212-84d2-42f5-91e7-d2bc9fa473e5"},{"type":"single","resource":"6ebd66a2-2506-41ae-adfe-473fb7497659"},{"type":"single","resource":"1dd8be1a-bbe1-4ace-b0de-309e64c53007"},{"type":"single","resource":"0f822ef1-918a-4768-aadd-1a7eb81a6e0d"},{"type":"single","resource":"16d15568-1903-4821-8569-f6f3310abfcf"},{"type":"single","resource":"81acb2d7-de73-4d1e-b29d-0fac254f483d"},{"type":"single","resource":"191bb8f3-fa91-4816-82bc-c47e2b37ddca"},{"type":"single","resource":"f485b6f6-8287-4eb6-9560-49b747a09d43"},{"type":"single","resource":"f485b6f6-8287-4eb6-9560-49b747a09d43"},{"type":"single","resource":"b536d62e-b6f2-4ff9-bd29-db2d09b66d76"},{"type":"single","resource":"6900994b-8d16-4b20-a0cd-d3342b322add"},{"type":"single","resource":"2f458140-a76f-44da-a675-9bdd4e5db0f7"},{"type":"single","resource":"2f458140-a76f-44da-a675-9bdd4e5db0f7"},{"type":"single","resource":"2f458140-a76f-44da-a675-9bdd4e5db0f7"},{"type":"single","resource":"2f458140-a76f-44da-a675-9bdd4e5db0f7"},{"type":"single","resource":"28aee22a-32d4-4461-9aea-a40df7b9602c"},{"type":"single","resource":"0b8fca19-62cb-4714-a184-4e3f41bdd8d9"},{"type":"single","resource":"85ef0738-d15f-4f0c-bbd4-4a1f99f93621"},{"type":"single","resource":"5c1cd09d-3a2b-4e7a-93ff-cc5c67437019"},{"type":"single","resource":"ce30baa3-795e-44a2-aafa-41f3b56955bf"},{"type":"single","resource":"3f3e5fac-58d6-4d11-9856-7e6a47e0d016"},{"type":"single","resource":"3f3e5fac-58d6-4d11-9856-7e6a47e0d016"},{"type":"single","resource":"ed08ee44-2552-4bb1-9284-e57e9c50d638"},{"type":"single","resource":"ed08ee44-2552-4bb1-9284-e57e9c50d638"},{"type":"single","resource":"e38af858-07f9-42fb-b7fb-19893f488d33"},{"type":"single","resource":"8c9204e0-7f4b-45ee-ba69-35dd263292c3"},{"type":"single","resource":"8c9204e0-7f4b-45ee-ba69-35dd263292c3"},{"type":"single","resource":"51d895ef-e9a4-442e-b8c0-5470dccdce9a"},{"type":"single","resource":"9aca9f1a-3ea2-47df-9bcd-591fe0ee2f04"},{"type":"single","resource":"9aca9f1a-3ea2-47df-9bcd-591fe0ee2f04"},{"type":"single","resource":"9ae18304-7e96-48c2-b540-774b28f430e3"},{"type":"single","resource":"9ae18304-7e96-48c2-b540-774b28f430e3"},{"type":"single","resource":"883b4f3f-4e7b-42df-b582-423c5603a46a"},{"type":"single","resource":"883b4f3f-4e7b-42df-b582-423c5603a46a"},{"type":"single","resource":"457a4b26-62ee-4859-b04d-5825aa3b3c9d"},{"type":"single","resource":"457a4b26-62ee-4859-b04d-5825aa3b3c9d"},{"type":"single","resource":"82c2fe54-17a1-4e76-b3b9-80cae92cc771"},{"type":"single","resource":"79f2bfe7-48fa-4767-bcfa-cc652e474772"},{"type":"single","resource":"7a4a5cca-5a61-4497-9229-83ba826e5412"},{"type":"single","resource":"99a94a45-1ff5-4721-8544-c9f80432554c"},{"type":"single","resource":"4991aa09-bf3c-4531-9e33-651f25d6b8b7"},{"type":"single","resource":"d1fc0c9e-3018-4675-990d-917e5ef345a2"},{"type":"single","resource":"d1fc0c9e-3018-4675-990d-917e5ef345a2"},{"type":"single","resource":"7291c32b-ce96-4c0b-904e-85203e5eb25d"},{"type":"single","resource":"7291c32b-ce96-4c0b-904e-85203e5eb25d"},{"type":"single","resource":"5933802d-8f20-4893-9914-ec9b61f8148b"},{"type":"single","resource":"9b09c2a3-e155-4426-a278-917a28ca311f"},{"type":"single","resource":"9b09c2a3-e155-4426-a278-917a28ca311f"},{"type":"single","resource":"9b09c2a3-e155-4426-a278-917a28ca311f"},{"type":"single","resource":"9b09c2a3-e155-4426-a278-917a28ca311f"},{"type":"single","resource":"11108e23-0c86-474e-957d-f5dcfafe510a"},{"type":"single","resource":"11108e23-0c86-474e-957d-f5dcfafe510a"},{"type":"single","resource":"5b8ac457-d219-4490-bcdd-8010806f5418"},{"type":"single","resource":"ec7da483-11d0-4275-a685-303a91eccd4d"},{"type":"single","resource":"ec7da483-11d0-4275-a685-303a91eccd4d"},{"type":"single","resource":"a72b37ff-a30c-4052-a68c-40fa41bbf72a"},{"type":"single","resource":"a12cd146-6fd5-4ef6-a1ba-a95c37a3374f"},{"type":"single","resource":"bf16c473-933c-440d-86ff-3d31c522db82"},{"type":"single","resource":"bf16c473-933c-440d-86ff-3d31c522db82"},{"type":"single","resource":"e9e93d23-4ec6-480d-92ac-050d0ee864c4"},{"type":"single","resource":"e9e93d23-4ec6-480d-92ac-050d0ee864c4"},{"type":"single","resource":"65bb7911-4079-442c-acc4-9d191ffef481"},{"type":"single","resource":"15f16ce7-ff56-44db-920c-4584243dc871"},{"type":"single","resource":"d2eef16a-d78b-4d2d-8f54-95502a8de6a8"},{"type":"single","resource":"29d77857-4bac-4c49-aab4-ed826add2f06"},{"type":"single","resource":"cf8645cd-0630-4109-8751-0c3c07bcf91c"},{"type":"single","resource":"b0ccd9a3-52a8-4e29-9715-736287b67279"},{"type":"single","resource":"b1ad21ad-8273-4249-975f-b860ccedf619"},{"type":"single","resource":"61e07e42-8b5d-4e9b-bbfd-b7583a4dac02"},{"type":"single","resource":"453ddce5-318f-4d70-a317-9b1ea5a2ec82"},{"type":"single","resource":"003ff77f-5970-4a60-a233-fa403e90dad8"},{"type":"single","resource":"8c4371d4-85cb-44c0-89d5-62f13ce5864a"},{"type":"single","resource":"8c4371d4-85cb-44c0-89d5-62f13ce5864a"},{"type":"single","resource":"87943ee5-1766-4dcd-bab3-38cf83ab62ce"},{"type":"single","resource":"87943ee5-1766-4dcd-bab3-38cf83ab62ce"},{"type":"single","resource":"c7fd8b7c-9e27-47ce-8aa3-b497676a877c"},{"type":"single","resource":"034c1277-5ed2-4af5-b0c7-e2bd11be5a89"},{"type":"single","resource":"034c1277-5ed2-4af5-b0c7-e2bd11be5a89"},{"type":"single","resource":"8970978b-938a-41ff-b44a-bf3f1fd99dca"},{"type":"single","resource":"8970978b-938a-41ff-b44a-bf3f1fd99dca"},{"type":"single","resource":"c2ebe9d0-ea68-44ed-bd75-76729e8e7d7b"},{"type":"single","resource":"c2ebe9d0-ea68-44ed-bd75-76729e8e7d7b"},{"type":"single","resource":"e0b20df7-d8f4-45cd-aaf6-f8970765d640"},{"type":"single","resource":"e0b20df7-d8f4-45cd-aaf6-f8970765d640"},{"type":"single","resource":"5f864e0e-777e-4fc8-815b-a29998f10949"},{"type":"single","resource":"5f864e0e-777e-4fc8-815b-a29998f10949"},{"type":"single","resource":"ef0151b8-0b75-478c-bb2b-cccaf412153e"},{"type":"single","resource":"ef0151b8-0b75-478c-bb2b-cccaf412153e"},{"type":"single","resource":"34761ca4-f8b1-427b-a0d1-1b6b6b7e8f13"},{"type":"single","resource":"e9264fd6-aab5-417d-97cb-1680a080aa57"},{"type":"single","resource":"e9264fd6-aab5-417d-97cb-1680a080aa57"},{"type":"single","resource":"cc054a38-36af-4c6e-aec8-c82daf2e440e"},{"type":"single","resource":"cc054a38-36af-4c6e-aec8-c82daf2e440e"},{"type":"single","resource":"15ee5a2d-865b-451c-86e5-c9591222cbb7"},{"type":"single","resource":"15ee5a2d-865b-451c-86e5-c9591222cbb7"},{"type":"single","resource":"11bf1c3b-4a68-4143-89a1-1f1d580b9ee8"},{"type":"single","resource":"11bf1c3b-4a68-4143-89a1-1f1d580b9ee8"},{"type":"single","resource":"d849b680-5089-4fc9-93cb-d9382d4f2f94"},{"type":"single","resource":"57bd796e-ce61-4b5b-8d49-763c60b8a3aa"},{"type":"single","resource":"9442380b-ad0a-4043-a9d1-51bd461234f0"},{"type":"single","resource":"34f9c1da-772a-4afe-ad23-95489c7b935a"},{"type":"single","resource":"32dfd3d3-1baa-4b24-8152-e88ac8cc53c5"},{"type":"single","resource":"68b685d9-8731-4e0d-8c34-d5ccecc7c87a"},{"type":"single","resource":"bcbfdfe2-a79e-467d-ad11-3680ba9b8d38"},{"type":"single","resource":"396244f4-22ed-4515-8684-72c20e211578"},{"type":"single","resource":"396244f4-22ed-4515-8684-72c20e211578"},{"type":"single","resource":"5e970abc-1777-4c56-bb89-6434c59ff6e3"},{"type":"single","resource":"5e970abc-1777-4c56-bb89-6434c59ff6e3"},{"type":"single","resource":"5e970abc-1777-4c56-bb89-6434c59ff6e3"},{"type":"single","resource":"b184e800-f0aa-4a37-ad6d-00f84a9863ca"},{"type":"single","resource":"e689049e-d683-4020-9e03-28354ff36d28"},{"type":"single","resource":"b2542e15-c3e8-44bc-9204-4cf340df9889"},{"type":"single","resource":"b2542e15-c3e8-44bc-9204-4cf340df9889"},{"type":"single","resource":"9074aead-4141-4287-ad90-ab304b6ed8f2"},{"type":"single","resource":"9074aead-4141-4287-ad90-ab304b6ed8f2"},{"type":"single","resource":"9bad781b-7894-45ef-8e74-ac812256c7d1"},{"type":"single","resource":"3926cdac-7e75-49a0-baea-12aee1e9c040"},{"type":"single","resource":"0123ae93-66a8-4466-9c54-00200ec9514f"},{"type":"single","resource":"0123ae93-66a8-4466-9c54-00200ec9514f"},{"type":"single","resource":"0e23fe02-3d31-461c-9b61-de5a41934c8c"},{"type":"single","resource":"b1de5e29-0678-4604-ac73-618f66f265a5"},{"type":"single","resource":"8e3a8b05-d961-4fb1-bfc2-baa4aabbbf70"},{"type":"single","resource":"267199d7-c78a-4955-94b6-be9c91dc5121"},{"type":"single","resource":"1fc79eca-c79f-448b-ac5a-53db5aa8ecf4"},{"type":"single","resource":"modelengine:6a2cc59c-89e4-498d-9b44-2d8d75cd92c0"},{"type":"single","resource":"modelengine:6a2cc59c-89e4-498d-9b44-2d8d75cd92c0"},{"type":"single","resource":"modelengine:6a2cc59c-89e4-498d-9b44-2d8d75cd92c0"},{"type":"single","resource":"modelengine:a215eb96-da44-4357-9a83-e0188531b5c7"},{"type":"single","resource":"modelengine:a215eb96-da44-4357-9a83-e0188531b5c7"},{"type":"single","resource":"modelengine:bfb5d194-6b89-4c11-9e7f-18f7e52f844f"},{"type":"single","resource":"modelengine:051df412-4b8e-4d2e-ad00-a4f595af6ce5"},{"type":"single","resource":"modelengine:051df412-4b8e-4d2e-ad00-a4f595af6ce5"},{"type":"single","resource":"modelengine:051df412-4b8e-4d2e-ad00-a4f595af6ce5"},{"type":"single","resource":"modelengine:051df412-4b8e-4d2e-ad00-a4f595af6ce5"},{"type":"single","resource":"modelengine:051df412-4b8e-4d2e-ad00-a4f595af6ce5"},{"type":"single","resource":"modelengine:051df412-4b8e-4d2e-ad00-a4f595af6ce5"},{"type":"single","resource":"modelengine:051df412-4b8e-4d2e-ad00-a4f595af6ce5"},{"type":"single","resource":"modelengine:051df412-4b8e-4d2e-ad00-a4f595af6ce5"},{"type":"single","resource":"modelengine:051df412-4b8e-4d2e-ad00-a4f595af6ce5"},{"type":"single","resource":"modelengine:b90c02ff-d204-4587-99e5-11bb6d4a7102"},{"type":"single","resource":"modelengine:a93a6c47-ff42-446c-8b30-a1692267140e"},{"type":"single","resource":"modelengine:078324cd-aec4-4d6d-8134-10cc802ce8d8"},{"type":"single","resource":"modelengine:078324cd-aec4-4d6d-8134-10cc802ce8d8"},{"type":"single","resource":"modelengine:baedc3db-683e-42af-a8d7-de20432337b3"},{"type":"single","resource":"modelengine:baedc3db-683e-42af-a8d7-de20432337b3"},{"type":"single","resource":"modelengine:53c6d8c1-7535-4b9f-81d1-41e12d486a75"},{"type":"single","resource":"modelengine:53c6d8c1-7535-4b9f-81d1-41e12d486a75"},{"type":"single","resource":"modelengine:22f3183a-03db-41fd-8e7d-3fd981e2fd0a"},{"type":"single","resource":"modelengine:22f3183a-03db-41fd-8e7d-3fd981e2fd0a"},{"type":"single","resource":"modelengine:30f2b2e1-6425-432b-be0e-154126eafee8"},{"type":"single","resource":"modelengine:30f2b2e1-6425-432b-be0e-154126eafee8"},{"type":"single","resource":"modelengine:e348c7e7-b61a-4091-ab3e-62d3dfad0489"},{"type":"single","resource":"modelengine:e348c7e7-b61a-4091-ab3e-62d3dfad0489"},{"type":"single","resource":"modelengine:2245e0af-7cdb-495e-9da4-bef2df770fd0"},{"type":"single","resource":"modelengine:2245e0af-7cdb-495e-9da4-bef2df770fd0"},{"type":"single","resource":"modelengine:aa5f7393-e5b6-434a-842e-4cd3594a414f"},{"type":"single","resource":"modelengine:aa5f7393-e5b6-434a-842e-4cd3594a414f"},{"type":"single","resource":"modelengine:26b91e7e-3789-4520-a865-a1b5beb9b457"},{"type":"single","resource":"modelengine:26b91e7e-3789-4520-a865-a1b5beb9b457"},{"type":"single","resource":"modelengine:f012efe6-2135-4c0b-a3b4-9e5a666162f2"},{"type":"single","resource":"modelengine:edb8fb59-85ff-41e4-91c3-43a10b76baea"},{"type":"single","resource":"modelengine:9b3b4a87-9bcb-41cc-9e17-827295df8541"},{"type":"single","resource":"modelengine:e187a2ad-261a-4e58-8f45-e832e2148181"},{"type":"single","resource":"modelengine:e187a2ad-261a-4e58-8f45-e832e2148181"},{"type":"single","resource":"modelengine:e187a2ad-261a-4e58-8f45-e832e2148181"},{"type":"single","resource":"modelengine:119dfda6-b0cd-4730-854f-45c9707f15ee"},{"type":"single","resource":"modelengine:119dfda6-b0cd-4730-854f-45c9707f15ee"},{"type":"single","resource":"modelengine:64cd8f96-571c-4ca5-a421-c780c22417be"},{"type":"single","resource":"modelengine:837e83cc-5a62-4b3c-8b01-9b2d849d3bac"},{"type":"single","resource":"modelengine:5324a041-6b53-4444-8199-bc56e75a9d21"},{"type":"single","resource":"modelengine:5324a041-6b53-4444-8199-bc56e75a9d21"},{"type":"single","resource":"modelengine:5324a041-6b53-4444-8199-bc56e75a9d21"},{"type":"single","resource":"modelengine:5324a041-6b53-4444-8199-bc56e75a9d21"},{"type":"single","resource":"modelengine:5324a041-6b53-4444-8199-bc56e75a9d21"},{"type":"single","resource":"modelengine:5324a041-6b53-4444-8199-bc56e75a9d21"},{"type":"single","resource":"modelengine:5324a041-6b53-4444-8199-bc56e75a9d21"},{"type":"single","resource":"modelengine:b3249e86-9619-48b0-a595-af0a1f5d6b95"},{"type":"single","resource":"modelengine:b5c21cdf-2e2a-4461-b4a3-fcd84c427f41"},{"type":"single","resource":"modelengine:b5c21cdf-2e2a-4461-b4a3-fcd84c427f41"},{"type":"single","resource":"modelengine:b5c21cdf-2e2a-4461-b4a3-fcd84c427f41"},{"type":"single","resource":"modelengine:b5c21cdf-2e2a-4461-b4a3-fcd84c427f41"},{"type":"single","resource":"modelengine:b5c21cdf-2e2a-4461-b4a3-fcd84c427f41"},{"type":"single","resource":"modelengine:b5c21cdf-2e2a-4461-b4a3-fcd84c427f41"},{"type":"single","resource":"modelengine:b5c21cdf-2e2a-4461-b4a3-fcd84c427f41"},{"type":"single","resource":"modelengine:b5c21cdf-2e2a-4461-b4a3-fcd84c427f41"},{"type":"single","resource":"modelengine:b5c21cdf-2e2a-4461-b4a3-fcd84c427f41"},{"type":"single","resource":"modelengine:b5c21cdf-2e2a-4461-b4a3-fcd84c427f41"},{"type":"single","resource":"modelengine:b5c21cdf-2e2a-4461-b4a3-fcd84c427f41"},{"type":"single","resource":"modelengine:b5c21cdf-2e2a-4461-b4a3-fcd84c427f41"},{"type":"single","resource":"modelengine:b5c21cdf-2e2a-4461-b4a3-fcd84c427f41"},{"type":"single","resource":"modelengine:b5c21cdf-2e2a-4461-b4a3-fcd84c427f41"},{"type":"single","resource":"modelengine:448fd041-19bb-4252-9754-8f0af02ed47d"},{"type":"single","resource":"modelengine:f16e5d92-fce5-43a0-84c1-5e25802752f8"},{"type":"single","resource":"modelengine:f16e5d92-fce5-43a0-84c1-5e25802752f8"},{"type":"single","resource":"modelengine:f16e5d92-fce5-43a0-84c1-5e25802752f8"},{"type":"single","resource":"modelengine:f16e5d92-fce5-43a0-84c1-5e25802752f8"},{"type":"single","resource":"modelengine:f16e5d92-fce5-43a0-84c1-5e25802752f8"},{"type":"single","resource":"modelengine:f16e5d92-fce5-43a0-84c1-5e25802752f8"},{"type":"single","resource":"modelengine:f16e5d92-fce5-43a0-84c1-5e25802752f8"},{"type":"single","resource":"modelengine:f16e5d92-fce5-43a0-84c1-5e25802752f8"},{"type":"single","resource":"modelengine:f16e5d92-fce5-43a0-84c1-5e25802752f8"},{"type":"single","resource":"modelengine:f16e5d92-fce5-43a0-84c1-5e25802752f8"},{"type":"single","resource":"modelengine:f16e5d92-fce5-43a0-84c1-5e25802752f8"},{"type":"single","resource":"modelengine:f16e5d92-fce5-43a0-84c1-5e25802752f8"},{"type":"single","resource":"modelengine:f16e5d92-fce5-43a0-84c1-5e25802752f8"},{"type":"single","resource":"modelengine:f16e5d92-fce5-43a0-84c1-5e25802752f8"},{"type":"single","resource":"modelengine:63a980e1-0dd7-47ee-98a4-d5adc5243c00"},{"type":"single","resource":"modelengine:d7e6eb36-8b6d-4421-a7e3-a97bb94effa6"},{"type":"single","resource":"modelengine:f243b4d1-923d-4a6a-9842-b5bdcafec0e7"},{"type":"single","resource":"modelengine:681b10aa-6675-4ce8-b196-213ff94b6d06"},{"type":"single","resource":"modelengine:da12f6ba-a421-4006-9f58-38c223678e4e"},{"type":"single","resource":"modelengine:1703cf85-17af-41cb-ae33-29ca059a5ec4"},{"type":"single","resource":"modelengine:e354a2b1-11b5-4a80-b85a-0f9de1f16249"},{"type":"single","resource":"modelengine:dd37525f-33d8-4840-a9f9-ba27620efcf8"},{"type":"single","resource":"modelengine:e2d31880-aff4-4cad-a316-e4a220ee0e35"},{"type":"single","resource":"modelengine:d20aa07c-aebb-4301-a5f2-ab901d28c4cd"},{"type":"single","resource":"modelengine:d201fef2-c8c9-417a-a62e-1e60d505e447"},{"type":"single","resource":"modelengine:01d4bc2d-2cba-4261-8c77-db2fc5d861fa"},{"type":"single","resource":"modelengine:06275ae3-cd3c-4940-a703-5e8068114f32"},{"type":"single","resource":"modelengine:06275ae3-cd3c-4940-a703-5e8068114f32"},{"type":"single","resource":"modelengine:06275ae3-cd3c-4940-a703-5e8068114f32"},{"type":"single","resource":"modelengine:06275ae3-cd3c-4940-a703-5e8068114f32"},{"type":"single","resource":"modelengine:06275ae3-cd3c-4940-a703-5e8068114f32"},{"type":"single","resource":"modelengine:06275ae3-cd3c-4940-a703-5e8068114f32"},{"type":"single","resource":"modelengine:06275ae3-cd3c-4940-a703-5e8068114f32"},{"type":"single","resource":"modelengine:06275ae3-cd3c-4940-a703-5e8068114f32"},{"type":"single","resource":"modelengine:06275ae3-cd3c-4940-a703-5e8068114f32"},{"type":"single","resource":"modelengine:06275ae3-cd3c-4940-a703-5e8068114f32"},{"type":"single","resource":"modelengine:06275ae3-cd3c-4940-a703-5e8068114f32"},{"type":"single","resource":"modelengine:06275ae3-cd3c-4940-a703-5e8068114f32"},{"type":"single","resource":"modelengine:06275ae3-cd3c-4940-a703-5e8068114f32"},{"type":"single","resource":"modelengine:06275ae3-cd3c-4940-a703-5e8068114f32"},{"type":"single","resource":"modelengine:06275ae3-cd3c-4940-a703-5e8068114f32"},{"type":"single","resource":"modelengine:06275ae3-cd3c-4940-a703-5e8068114f32"},{"type":"single","resource":"modelengine:06275ae3-cd3c-4940-a703-5e8068114f32"},{"type":"single","resource":"modelengine:06275ae3-cd3c-4940-a703-5e8068114f32"},{"type":"single","resource":"modelengine:680249d5-0bf4-4d71-8e36-a052b72819c2"},{"type":"single","resource":"modelengine:680249d5-0bf4-4d71-8e36-a052b72819c2"},{"type":"single","resource":"modelengine:680249d5-0bf4-4d71-8e36-a052b72819c2"},{"type":"single","resource":"modelengine:680249d5-0bf4-4d71-8e36-a052b72819c2"},{"type":"single","resource":"modelengine:680249d5-0bf4-4d71-8e36-a052b72819c2"},{"type":"single","resource":"modelengine:680249d5-0bf4-4d71-8e36-a052b72819c2"},{"type":"single","resource":"modelengine:680249d5-0bf4-4d71-8e36-a052b72819c2"},{"type":"single","resource":"modelengine:680249d5-0bf4-4d71-8e36-a052b72819c2"},{"type":"single","resource":"modelengine:680249d5-0bf4-4d71-8e36-a052b72819c2"},{"type":"single","resource":"modelengine:680249d5-0bf4-4d71-8e36-a052b72819c2"},{"type":"single","resource":"modelengine:680249d5-0bf4-4d71-8e36-a052b72819c2"},{"type":"single","resource":"modelengine:680249d5-0bf4-4d71-8e36-a052b72819c2"},{"type":"single","resource":"modelengine:680249d5-0bf4-4d71-8e36-a052b72819c2"},{"type":"single","resource":"modelengine:680249d5-0bf4-4d71-8e36-a052b72819c2"},{"type":"single","resource":"modelengine:680249d5-0bf4-4d71-8e36-a052b72819c2"},{"type":"single","resource":"modelengine:680249d5-0bf4-4d71-8e36-a052b72819c2"},{"type":"single","resource":"modelengine:680249d5-0bf4-4d71-8e36-a052b72819c2"},{"type":"single","resource":"modelengine:680249d5-0bf4-4d71-8e36-a052b72819c2"},{"type":"single","resource":"modelengine:b3ddcdd8-f669-4749-bddf-558805990dca"},{"type":"single","resource":"modelengine:b3ddcdd8-f669-4749-bddf-558805990dca"},{"type":"single","resource":"modelengine:b3ddcdd8-f669-4749-bddf-558805990dca"},{"type":"single","resource":"modelengine:b3ddcdd8-f669-4749-bddf-558805990dca"},{"type":"single","resource":"modelengine:b3ddcdd8-f669-4749-bddf-558805990dca"},{"type":"single","resource":"modelengine:b3ddcdd8-f669-4749-bddf-558805990dca"},{"type":"single","resource":"modelengine:b3ddcdd8-f669-4749-bddf-558805990dca"},{"type":"single","resource":"modelengine:b3ddcdd8-f669-4749-bddf-558805990dca"},{"type":"single","resource":"modelengine:b3ddcdd8-f669-4749-bddf-558805990dca"},{"type":"single","resource":"modelengine:b3ddcdd8-f669-4749-bddf-558805990dca"},{"type":"single","resource":"modelengine:b3ddcdd8-f669-4749-bddf-558805990dca"},{"type":"single","resource":"modelengine:b3ddcdd8-f669-4749-bddf-558805990dca"},{"type":"single","resource":"modelengine:b3ddcdd8-f669-4749-bddf-558805990dca"},{"type":"single","resource":"modelengine:b3ddcdd8-f669-4749-bddf-558805990dca"},{"type":"single","resource":"modelengine:b3ddcdd8-f669-4749-bddf-558805990dca"},{"type":"single","resource":"modelengine:b3ddcdd8-f669-4749-bddf-558805990dca"},{"type":"single","resource":"modelengine:b3ddcdd8-f669-4749-bddf-558805990dca"},{"type":"single","resource":"modelengine:b3ddcdd8-f669-4749-bddf-558805990dca"},{"type":"single","resource":"modelengine:b3ddcdd8-f669-4749-bddf-558805990dca"},{"type":"single","resource":"modelengine:b3ddcdd8-f669-4749-bddf-558805990dca"},{"type":"single","resource":"modelengine:b3ddcdd8-f669-4749-bddf-558805990dca"},{"type":"single","resource":"modelengine:b3ddcdd8-f669-4749-bddf-558805990dca"},{"type":"single","resource":"modelengine:a65e12e9-4585-4e59-b343-91a3e8f289b2"},{"type":"single","resource":"modelengine:70ccf57f-9c01-47dd-a01d-40185f71702d"},{"type":"single","resource":"modelengine:70ccf57f-9c01-47dd-a01d-40185f71702d"},{"type":"single","resource":"modelengine:70ccf57f-9c01-47dd-a01d-40185f71702d"},{"type":"single","resource":"modelengine:2b5ac86b-b052-445c-9700-f2dbdb4241e3"},{"type":"single","resource":"modelengine:2b5ac86b-b052-445c-9700-f2dbdb4241e3"},{"type":"single","resource":"modelengine:2b5ac86b-b052-445c-9700-f2dbdb4241e3"},{"type":"single","resource":"modelengine:2b5ac86b-b052-445c-9700-f2dbdb4241e3"},{"type":"single","resource":"modelengine:2b5ac86b-b052-445c-9700-f2dbdb4241e3"},{"type":"single","resource":"modelengine:2b5ac86b-b052-445c-9700-f2dbdb4241e3"},{"type":"single","resource":"modelengine:2b5ac86b-b052-445c-9700-f2dbdb4241e3"},{"type":"single","resource":"modelengine:2b5ac86b-b052-445c-9700-f2dbdb4241e3"},{"type":"single","resource":"modelengine:2b5ac86b-b052-445c-9700-f2dbdb4241e3"},{"type":"single","resource":"modelengine:2b5ac86b-b052-445c-9700-f2dbdb4241e3"},{"type":"single","resource":"modelengine:45c1bcc9-56ef-4fd9-b46a-46c6fb6aa9a0"},{"type":"single","resource":"modelengine:45c1bcc9-56ef-4fd9-b46a-46c6fb6aa9a0"},{"type":"single","resource":"modelengine:45c1bcc9-56ef-4fd9-b46a-46c6fb6aa9a0"},{"type":"single","resource":"modelengine:45c1bcc9-56ef-4fd9-b46a-46c6fb6aa9a0"},{"type":"single","resource":"modelengine:45c1bcc9-56ef-4fd9-b46a-46c6fb6aa9a0"},{"type":"single","resource":"modelengine:45c1bcc9-56ef-4fd9-b46a-46c6fb6aa9a0"},{"type":"single","resource":"modelengine:45c1bcc9-56ef-4fd9-b46a-46c6fb6aa9a0"},{"type":"single","resource":"modelengine:45c1bcc9-56ef-4fd9-b46a-46c6fb6aa9a0"},{"type":"single","resource":"modelengine:45c1bcc9-56ef-4fd9-b46a-46c6fb6aa9a0"},{"type":"single","resource":"modelengine:45c1bcc9-56ef-4fd9-b46a-46c6fb6aa9a0"},{"type":"single","resource":"modelengine:45c1bcc9-56ef-4fd9-b46a-46c6fb6aa9a0"},{"type":"single","resource":"modelengine:45c1bcc9-56ef-4fd9-b46a-46c6fb6aa9a0"},{"type":"single","resource":"modelengine:45c1bcc9-56ef-4fd9-b46a-46c6fb6aa9a0"},{"type":"single","resource":"modelengine:45c1bcc9-56ef-4fd9-b46a-46c6fb6aa9a0"},{"type":"single","resource":"modelengine:45c1bcc9-56ef-4fd9-b46a-46c6fb6aa9a0"},{"type":"single","resource":"modelengine:45c1bcc9-56ef-4fd9-b46a-46c6fb6aa9a0"},{"type":"single","resource":"modelengine:45c1bcc9-56ef-4fd9-b46a-46c6fb6aa9a0"},{"type":"single","resource":"modelengine:45c1bcc9-56ef-4fd9-b46a-46c6fb6aa9a0"},{"type":"single","resource":"modelengine:45c1bcc9-56ef-4fd9-b46a-46c6fb6aa9a0"},{"type":"single","resource":"modelengine:a3b2d0d0-97d5-41c5-a2dc-b3263a810e0f"},{"type":"single","resource":"modelengine:a3b2d0d0-97d5-41c5-a2dc-b3263a810e0f"},{"type":"single","resource":"modelengine:a3b2d0d0-97d5-41c5-a2dc-b3263a810e0f"},{"type":"single","resource":"modelengine:f74e7a75-b4e3-4d4a-99ae-b0f60339f76b"},{"type":"single","resource":"modelengine:f74e7a75-b4e3-4d4a-99ae-b0f60339f76b"},{"type":"single","resource":"modelengine:f74e7a75-b4e3-4d4a-99ae-b0f60339f76b"},{"type":"single","resource":"modelengine:f74e7a75-b4e3-4d4a-99ae-b0f60339f76b"},{"type":"single","resource":"modelengine:f74e7a75-b4e3-4d4a-99ae-b0f60339f76b"},{"type":"single","resource":"modelengine:f74e7a75-b4e3-4d4a-99ae-b0f60339f76b"},{"type":"single","resource":"modelengine:f74e7a75-b4e3-4d4a-99ae-b0f60339f76b"},{"type":"single","resource":"modelengine:f74e7a75-b4e3-4d4a-99ae-b0f60339f76b"},{"type":"single","resource":"modelengine:f74e7a75-b4e3-4d4a-99ae-b0f60339f76b"},{"type":"single","resource":"modelengine:f74e7a75-b4e3-4d4a-99ae-b0f60339f76b"},{"type":"single","resource":"modelengine:f74e7a75-b4e3-4d4a-99ae-b0f60339f76b"},{"type":"single","resource":"modelengine:f74e7a75-b4e3-4d4a-99ae-b0f60339f76b"},{"type":"single","resource":"modelengine:f74e7a75-b4e3-4d4a-99ae-b0f60339f76b"},{"type":"single","resource":"modelengine:f74e7a75-b4e3-4d4a-99ae-b0f60339f76b"},{"type":"single","resource":"modelengine:f74e7a75-b4e3-4d4a-99ae-b0f60339f76b"},{"type":"single","resource":"modelengine:f74e7a75-b4e3-4d4a-99ae-b0f60339f76b"},{"type":"single","resource":"modelengine:f74e7a75-b4e3-4d4a-99ae-b0f60339f76b"},{"type":"single","resource":"modelengine:f74e7a75-b4e3-4d4a-99ae-b0f60339f76b"},{"type":"single","resource":"modelengine:f74e7a75-b4e3-4d4a-99ae-b0f60339f76b"},{"type":"single","resource":"modelengine:f74e7a75-b4e3-4d4a-99ae-b0f60339f76b"},{"type":"single","resource":"modelengine:f91ffb55-eed9-4e3d-9e06-341f61218abc"},{"type":"single","resource":"modelengine:f91ffb55-eed9-4e3d-9e06-341f61218abc"},{"type":"single","resource":"modelengine:f91ffb55-eed9-4e3d-9e06-341f61218abc"},{"type":"single","resource":"modelengine:f91ffb55-eed9-4e3d-9e06-341f61218abc"},{"type":"single","resource":"4e996115-ce10-48bc-b844-ea60ddf0dac5"},{"type":"single","resource":"4e996115-ce10-48bc-b844-ea60ddf0dac5"},{"type":"single","resource":"71b86eca-093b-4145-8e3b-13587eda06e0"},{"type":"single","resource":"71b86eca-093b-4145-8e3b-13587eda06e0"},{"type":"single","resource":"item/bow"},{"type":"single","resource":"item/chainmail_boots"},{"type":"single","resource":"item/chainmail_chestplate"},{"type":"single","resource":"item/chainmail_helmet"},{"type":"single","resource":"item/chainmail_leggings"},{"type":"single","resource":"item/cooked_beef"},{"type":"single","resource":"item/diamond_axe"},{"type":"single","resource":"item/diamond_axe"},{"type":"single","resource":"item/diamond_horse_armor"},{"type":"single","resource":"item/diamond_pickaxe"},{"type":"single","resource":"item/diamond_sword"},{"type":"single","resource":"item/diamond_sword/hades"},{"type":"single","resource":"item/elytra"},{"type":"single","resource":"item/flint"},{"type":"single","resource":"item/gold_nugget"},{"type":"single","resource":"item/iron_pickaxe"},{"type":"single","resource":"item/iron_sword"},{"type":"single","resource":"item/leather_horse_armor"},{"type":"single","resource":"item/netherite_axe"},{"type":"single","resource":"item/netherite_hoe"},{"type":"single","resource":"item/netherite_pickaxe"},{"type":"single","resource":"item/netherite_shovel"},{"type":"single","resource":"item/netherite_sword"},{"type":"single","resource":"nexo:098977b7-b5ad-486c-a3a7-868a32e7dc11"},{"type":"single","resource":"nexo:098977b7-b5ad-486c-a3a7-868a32e7dc11"},{"type":"single","resource":"nexo:ef2b8ac3-cdaf-4da4-a9a3-277f8c6c8fd8"},{"type":"single","resource":"nexo:ef2b8ac3-cdaf-4da4-a9a3-277f8c6c8fd8"},{"type":"single","resource":"nexo:73b2a8a3-6f60-4af6-87d4-5209968f66f8"},{"type":"single","resource":"nexo:73b2a8a3-6f60-4af6-87d4-5209968f66f8"},{"type":"single","resource":"nexo:223c4cf6-5667-4a2e-848a-e3b12bbb0d2d"},{"type":"single","resource":"nexo:84797ace-831e-4d58-ac3e-7dac92e6eefd"},{"type":"single","resource":"nexo:84797ace-831e-4d58-ac3e-7dac92e6eefd"},{"type":"single","resource":"nexo:6e9d2170-d4bf-44a5-9ccb-26e0b77fd000"},{"type":"single","resource":"nexo:6e9d2170-d4bf-44a5-9ccb-26e0b77fd000"},{"type":"single","resource":"nexo:ebcc0b94-88b0-411d-bd92-26d3dd39627f"},{"type":"single","resource":"nexo:ebcc0b94-88b0-411d-bd92-26d3dd39627f"},{"type":"single","resource":"nexo:dd9bc8bb-3817-4c6b-ad82-1a27289d36a1"},{"type":"single","resource":"nexo:dd9bc8bb-3817-4c6b-ad82-1a27289d36a1"},{"type":"single","resource":"nexo:95d0929f-ee7b-4133-9467-6b0d29ecece5"},{"type":"single","resource":"nexo:89c9cc98-6cd2-42b9-b3be-5e4223a536c2"},{"type":"single","resource":"nexo:9d1ad02d-542c-43d0-a3b8-36039295816f"},{"type":"single","resource":"nexo:d6947c6e-9fb4-4bd6-bedc-d6c1536d10d6"},{"type":"single","resource":"nexo:3b7d90e8-c66d-47f5-8caf-ec7c02c51b44"},{"type":"single","resource":"nexo:3b7d90e8-c66d-47f5-8caf-ec7c02c51b44"},{"type":"single","resource":"nexo:91e30ba0-c8c6-4654-bfb5-66368b150cac"},{"type":"single","resource":"nexo:91e30ba0-c8c6-4654-bfb5-66368b150cac"},{"type":"single","resource":"nexo:833ae67b-bf30-4f58-afcb-2aa9773bc95f"},{"type":"single","resource":"nexo:5159f3cf-df83-4e8c-89e8-16c565d68fb6"},{"type":"single","resource":"nexo:c23a312e-4b27-467a-b4e7-c1a1312d9943"},{"type":"single","resource":"nexo:c23a312e-4b27-467a-b4e7-c1a1312d9943"},{"type":"single","resource":"nexo:96ede308-d272-494f-8f1c-54f6f30632a1"},{"type":"single","resource":"nexo:96ede308-d272-494f-8f1c-54f6f30632a1"},{"type":"single","resource":"nexo:96ede308-d272-494f-8f1c-54f6f30632a1"},{"type":"single","resource":"nexo:b23cb9ce-3e95-4ac4-ad81-b7553b50f71f"},{"type":"single","resource":"nexo:40be0327-47d8-436a-bfbe-71da77b5201c"},{"type":"single","resource":"nexo:1d7a4932-215b-4066-a68c-db800c1fecd1"},{"type":"single","resource":"nexo:2427fe18-be2f-4bd8-859c-22f62a7886dc"},{"type":"single","resource":"nexo:a3a7720b-218b-4435-abf1-42f9f414ffba"},{"type":"single","resource":"nexo:d2823857-6633-40ce-9e3e-41f7b36b2fa5"},{"type":"single","resource":"nexo:fc90c720-7d9c-4ed9-8c9d-2c41c2b2a917"},{"type":"single","resource":"nexo:fc90c720-7d9c-4ed9-8c9d-2c41c2b2a917"},{"type":"single","resource":"nexo:56aea2ae-c65c-4477-a60b-68185c4119f9"},{"type":"single","resource":"nexo:4f8d90f5-0309-473c-8331-163001fdd9a4"},{"type":"single","resource":"nexo:1d90f0dc-fd2f-46a8-b219-582a30d42cce"},{"type":"single","resource":"nexo:1d5ba2e9-ddca-4aa8-9828-e736265d2130"},{"type":"single","resource":"nexo:1d5ba2e9-ddca-4aa8-9828-e736265d2130"},{"type":"single","resource":"nexo:2961099e-9338-4e4c-a359-5f4280059067"},{"type":"single","resource":"nexo:2961099e-9338-4e4c-a359-5f4280059067"},{"type":"single","resource":"nexo:97eb5695-5a0c-4200-8e99-f32882b8ef82"},{"type":"single","resource":"nexo:97eb5695-5a0c-4200-8e99-f32882b8ef82"},{"type":"single","resource":"nexo:5585955d-da32-4852-b323-0b3adc50866b"},{"type":"single","resource":"nexo:50fabc9f-cf12-45e7-be70-2f28d17ff5bc"},{"type":"single","resource":"nexo:ddbc2c99-d157-4425-a1b2-5762b20c7511"},{"type":"single","resource":"nexo:ddbc2c99-d157-4425-a1b2-5762b20c7511"},{"type":"single","resource":"nexo:46ef2020-b364-4f50-a71d-80d0242c39f6"},{"type":"single","resource":"nexo:572d2b15-3b87-4ba9-a2fc-e5a2242a4541"},{"type":"single","resource":"nexo:fd50eea4-1f06-4c1d-b764-b377d3bfbf8c"},{"type":"single","resource":"nexo:fd50eea4-1f06-4c1d-b764-b377d3bfbf8c"},{"type":"single","resource":"item/paper"},{"type":"single","resource":"item/potion"},{"type":"single","resource":"item/potion_overlay"},{"type":"single","resource":"item/potion_overlay"},{"type":"single","resource":"item/splash_potion"},{"type":"single","resource":"item/stone_pickaxe"},{"type":"single","resource":"item/trident"},{"type":"single","resource":"item/wolf_armor"},{"type":"single","resource":"item/wolf_armor_overlay"},{"type":"single","resource":"item/wooden_hoe"},{"type":"single","resource":"item/wooden_sword"},{"type":"single","resource":"1dc41f9e-3ae1-48c1-abc9-0061c3649085"},{"type":"single","resource":"1dc41f9e-3ae1-48c1-abc9-0061c3649085"},{"type":"single","resource":"1dc41f9e-3ae1-48c1-abc9-0061c3649085"},{"type":"single","resource":"1dc41f9e-3ae1-48c1-abc9-0061c3649085"},{"type":"single","resource":"47ee3b9e-0ae9-4a3f-b276-4f38f81aa89c"},{"type":"single","resource":"47ee3b9e-0ae9-4a3f-b276-4f38f81aa89c"},{"type":"single","resource":"47ee3b9e-0ae9-4a3f-b276-4f38f81aa89c"},{"type":"single","resource":"47ee3b9e-0ae9-4a3f-b276-4f38f81aa89c"},{"type":"single","resource":"068323d8-1b7d-42a3-97d3-d594742c4cd2"},{"type":"single","resource":"068323d8-1b7d-42a3-97d3-d594742c4cd2"},{"type":"single","resource":"a53289a9-60a5-4ef3-a403-da17e51d5f61"},{"type":"single","resource":"a53289a9-60a5-4ef3-a403-da17e51d5f61"}]}