{"sources":[{"type":"directory","source":"entity","prefix":"entity/"},{"type":"filter","pattern":{"namespace":"minecraft","path":"entity/fishing_hook"}},{"type":"directory","source":"entity","prefix":"entity/"},{"type":"filter","pattern":{"namespace":"minecraft","path":"entity/fishing_hook"}},{"type":"directory","source":"entity","prefix":"entity/"},{"type":"filter","pattern":{"namespace":"minecraft","path":"entity/fishing_hook"}},{"type":"directory","source":"entity","prefix":"entity/"},{"type":"filter","pattern":{"namespace":"minecraft","path":"entity/fishing_hook"}},{"type":"single","resource":"458702d1-aed5-44e7-a917-ea573c10d17e"},{"type":"single","resource":"eef49a15-44b8-4ce2-ab25-a8862db406a2"},{"type":"single","resource":"9394c337-9bd1-4641-ba3b-33ab9f3c3367"},{"type":"single","resource":"2892b0e6-42d7-4591-bc95-a0d62bfd4da3"},{"type":"single","resource":"10fc9cbb-ad3f-40da-ac0f-cd75f9b8f90e"},{"type":"single","resource":"af157113-1f59-43bc-a9fd-90b9aef84304"},{"type":"single","resource":"d05f7a2b-8f6c-42c2-b372-3aadacc66ac9"},{"type":"single","resource":"d69ee07c-84d6-43e3-9008-f7ee8e469747"},{"type":"single","resource":"b86d03cb-f9cc-47ee-85a2-d5d2ce001011"},{"type":"single","resource":"69e4f537-ef9c-45e9-8bd5-070f71108c01"},{"type":"single","resource":"f1b90f9f-87d4-47ba-a5c1-c81464ca6fc4"},{"type":"single","resource":"c360debe-04a9-4546-97c7-93a233bca47c"},{"type":"single","resource":"6566bbcc-a8db-4d6a-86a0-2d6541ccfc66"},{"type":"single","resource":"bloons:balloons/balloon_blue"},{"type":"single","resource":"bloons:balloons/balloon_dyeable"},{"type":"single","resource":"bloons:balloons/balloon_green"},{"type":"single","resource":"bloons:balloons/balloon_pink"},{"type":"single","resource":"bloons:balloons/balloon_yellow"},{"type":"single","resource":"19b0b227-45ec-45e6-b236-ff0a5ecb35c9"},{"type":"single","resource":"893004a9-b383-4ccc-927c-f33d52f26b64"},{"type":"single","resource":"7cadc4c9-e8b5-4baa-a122-008b5b51e8e6"},{"type":"single","resource":"c17057ce-12a9-40c2-9d41-04d525ae6891"},{"type":"single","resource":"97a9a933-cc52-42da-8fff-6a0ae87fa021"},{"type":"single","resource":"fdb309d9-7112-4e7c-9649-440be26e8a5d"},{"type":"single","resource":"c68554c9-0288-45ec-acda-b5da403f4a16"},{"type":"single","resource":"46f4786b-571f-4f2d-847f-60d5b5ceb5d8"},{"type":"single","resource":"8b88cbf9-1967-432d-9c54-fa0c6a0e2d96"},{"type":"single","resource":"block/dark_oak_planks"},{"type":"single","resource":"block/dirt"},{"type":"single","resource":"block/podzol_side"},{"type":"single","resource":"block/podzol_top"},{"type":"single","resource":"27e09569-af2d-4c23-a7ad-09144f19851e"},{"type":"single","resource":"27e09569-af2d-4c23-a7ad-09144f19851e"},{"type":"single","resource":"27e09569-af2d-4c23-a7ad-09144f19851e"},{"type":"single","resource":"8f380cac-f8fc-4319-9cc9-91949bfff5d6"},{"type":"single","resource":"8f380cac-f8fc-4319-9cc9-91949bfff5d6"},{"type":"single","resource":"25e158df-a067-49ea-ace2-accf1a507657"},{"type":"single","resource":"25e158df-a067-49ea-ace2-accf1a507657"},{"type":"single","resource":"8c968bf4-7af2-420e-bc33-7cdf479de64e"},{"type":"single","resource":"d6ac7a31-5800-476a-bbd1-2f7f7d8d3355"},{"type":"single","resource":"d6ac7a31-5800-476a-bbd1-2f7f7d8d3355"},{"type":"single","resource":"fbb00936-ac8e-4494-ad3a-7ae606c4b05a"},{"type":"single","resource":"fbb00936-ac8e-4494-ad3a-7ae606c4b05a"},{"type":"single","resource":"a63f5d58-a16f-43e9-8fd1-7a28d88ffa05"},{"type":"single","resource":"a63f5d58-a16f-43e9-8fd1-7a28d88ffa05"},{"type":"single","resource":"8159b69a-6393-40a7-9327-06a61654ac5b"},{"type":"single","resource":"8159b69a-6393-40a7-9327-06a61654ac5b"},{"type":"single","resource":"ffb46d90-db90-4ef2-808b-5066aa2b7117"},{"type":"single","resource":"ffb46d90-db90-4ef2-808b-5066aa2b7117"},{"type":"single","resource":"6a314c02-2083-4ea3-b70d-7f7efcea1bb4"},{"type":"single","resource":"6a314c02-2083-4ea3-b70d-7f7efcea1bb4"},{"type":"single","resource":"5338153a-88a7-4cf5-9d62-c58e3e363e39"},{"type":"single","resource":"5338153a-88a7-4cf5-9d62-c58e3e363e39"},{"type":"single","resource":"442b5136-9f93-4aa3-82d5-840ef6e43f5b"},{"type":"single","resource":"442b5136-9f93-4aa3-82d5-840ef6e43f5b"},{"type":"single","resource":"8cce7644-7a4e-4cbf-8d23-5e88d1304c9e"},{"type":"single","resource":"8cce7644-7a4e-4cbf-8d23-5e88d1304c9e"},{"type":"single","resource":"9ba9bad0-fa33-48bb-8828-ced8296dc3bc"},{"type":"single","resource":"9ba9bad0-fa33-48bb-8828-ced8296dc3bc"},{"type":"single","resource":"5717e6a1-7a68-473a-b089-e742f2c2f65c"},{"type":"single","resource":"5717e6a1-7a68-473a-b089-e742f2c2f65c"},{"type":"single","resource":"c1225400-929a-4251-a8e4-1440c2c7cff9"},{"type":"single","resource":"c1225400-929a-4251-a8e4-1440c2c7cff9"},{"type":"single","resource":"8403788a-5d1f-40a3-97d2-5c55d0ca39a7"},{"type":"single","resource":"76093b22-bb20-4a1a-8a47-8b300b3e4444"},{"type":"single","resource":"1527d279-4cfa-4127-90b3-a4f0f308b365"},{"type":"single","resource":"44734bd3-d08f-4c2b-8f14-1cd0e0389f49"},{"type":"single","resource":"096b0618-b53e-40da-b091-3f874d4957a6"},{"type":"single","resource":"b3be8fdc-8733-4241-8a00-fd2ba1cbed63"},{"type":"single","resource":"824745c1-4666-4423-84bc-4204bc249936"},{"type":"single","resource":"ab1bf69e-a54e-4c47-84f5-6c07ead2e21b"},{"type":"single","resource":"ab1bf69e-a54e-4c47-84f5-6c07ead2e21b"},{"type":"single","resource":"3804b8f0-b44e-416c-a482-4503bd2639b4"},{"type":"single","resource":"fd4a8707-f4d5-4809-9f92-a9140a7ce73f"},{"type":"single","resource":"dc863bde-c818-4436-886f-3d0f6fb0f793"},{"type":"single","resource":"dc863bde-c818-4436-886f-3d0f6fb0f793"},{"type":"single","resource":"dc863bde-c818-4436-886f-3d0f6fb0f793"},{"type":"single","resource":"dc863bde-c818-4436-886f-3d0f6fb0f793"},{"type":"single","resource":"b3678ae9-ccd2-465f-9aef-0978cec12747"},{"type":"single","resource":"e65575d7-eb10-4c3c-ba05-5dd253d069f0"},{"type":"single","resource":"05853b83-9a9b-4fa9-bde7-155137666563"},{"type":"single","resource":"9432344b-55ef-4104-9495-add3b22f06c0"},{"type":"single","resource":"39638c50-7527-4825-8612-9632ad5025e7"},{"type":"single","resource":"e30c438b-9f05-4483-becc-927ad9d9d545"},{"type":"single","resource":"e30c438b-9f05-4483-becc-927ad9d9d545"},{"type":"single","resource":"1db2ee20-d8c8-48c0-adca-2c24980ab134"},{"type":"single","resource":"1db2ee20-d8c8-48c0-adca-2c24980ab134"},{"type":"single","resource":"3ea2589b-8dae-4255-9d23-769b1e7b27af"},{"type":"single","resource":"98242f53-942d-43a0-b641-88379aecc65d"},{"type":"single","resource":"98242f53-942d-43a0-b641-88379aecc65d"},{"type":"single","resource":"5196cb0f-31be-41dd-80f9-5f84061a9011"},{"type":"single","resource":"643d59c7-1188-461c-b01e-080f0cf2d9bb"},{"type":"single","resource":"643d59c7-1188-461c-b01e-080f0cf2d9bb"},{"type":"single","resource":"dcea06c0-0b53-447e-91f1-90a9030cd3e6"},{"type":"single","resource":"dcea06c0-0b53-447e-91f1-90a9030cd3e6"},{"type":"single","resource":"2a98ce6c-9d69-4ea5-8502-e03a439e4f8b"},{"type":"single","resource":"2a98ce6c-9d69-4ea5-8502-e03a439e4f8b"},{"type":"single","resource":"355d8e38-fe56-46c0-a766-a66b9e7ac251"},{"type":"single","resource":"355d8e38-fe56-46c0-a766-a66b9e7ac251"},{"type":"single","resource":"2eaf6287-d01f-4de8-95ad-e73609835791"},{"type":"single","resource":"2af3ec7a-653b-4600-8642-5333fc4e578c"},{"type":"single","resource":"df08b5ed-d36c-4781-880d-78ccb3e06ec2"},{"type":"single","resource":"203bf5a5-c52d-4e6b-80b2-067ba9770c2b"},{"type":"single","resource":"272d26c7-eb52-4402-ad50-9cf9e75a14be"},{"type":"single","resource":"0ceff283-71a6-496c-a5f7-9367b8087d01"},{"type":"single","resource":"0ceff283-71a6-496c-a5f7-9367b8087d01"},{"type":"single","resource":"a0862d42-66b8-4aa2-bea2-449ed898e8c4"},{"type":"single","resource":"a0862d42-66b8-4aa2-bea2-449ed898e8c4"},{"type":"single","resource":"29b4a439-7336-4449-abfa-16c570c2808a"},{"type":"single","resource":"9748310b-10c2-43a7-b343-ef5cebfe5121"},{"type":"single","resource":"9748310b-10c2-43a7-b343-ef5cebfe5121"},{"type":"single","resource":"9748310b-10c2-43a7-b343-ef5cebfe5121"},{"type":"single","resource":"9748310b-10c2-43a7-b343-ef5cebfe5121"},{"type":"single","resource":"eeeb1997-4607-4625-aaeb-e9d9663ffebf"},{"type":"single","resource":"eeeb1997-4607-4625-aaeb-e9d9663ffebf"},{"type":"single","resource":"2c3d736d-e7f6-406f-bf74-d1eddee31499"},{"type":"single","resource":"71de7155-6762-4bf2-8303-9e0be95f412b"},{"type":"single","resource":"71de7155-6762-4bf2-8303-9e0be95f412b"},{"type":"single","resource":"93a678fe-bc0c-4252-9315-00b18868198e"},{"type":"single","resource":"0fd2b477-01d7-4437-a890-24575a14aca7"},{"type":"single","resource":"ae30a7b5-b600-451f-a1db-ba5761592c5a"},{"type":"single","resource":"ae30a7b5-b600-451f-a1db-ba5761592c5a"},{"type":"single","resource":"b3ffa7d0-4777-4513-84b6-45c8b584f150"},{"type":"single","resource":"b3ffa7d0-4777-4513-84b6-45c8b584f150"},{"type":"single","resource":"7d1c6fd0-70dc-4540-8cf0-de0930086a32"},{"type":"single","resource":"e7236d3d-6e05-47c3-909f-764d7c451d02"},{"type":"single","resource":"9cf1e0a4-320a-4ba1-a695-9be3cebdd80e"},{"type":"single","resource":"36763597-7c70-4947-aa4b-c014ca37f975"},{"type":"single","resource":"8cab7aba-65eb-4825-afce-1d14af2f1715"},{"type":"single","resource":"2c8809d4-afea-43c7-8633-845c74ead2f9"},{"type":"single","resource":"5ecf4ad4-d41f-4742-a4f0-56c69dd173f5"},{"type":"single","resource":"33a29455-2fab-44dd-9a0f-65c7a35adfd3"},{"type":"single","resource":"14126d36-d442-4229-b62e-930539704074"},{"type":"single","resource":"37945e82-e1bb-4bf2-8d6e-93650678924f"},{"type":"single","resource":"24b5245d-854f-41ba-a575-7bc3b8c44769"},{"type":"single","resource":"24b5245d-854f-41ba-a575-7bc3b8c44769"},{"type":"single","resource":"453c03cd-532d-4573-8466-d3a0e94807ea"},{"type":"single","resource":"453c03cd-532d-4573-8466-d3a0e94807ea"},{"type":"single","resource":"0dd1bf90-39a8-49c3-a910-0369baf05beb"},{"type":"single","resource":"f700a1a0-4839-48d6-baf1-eadf5f35e1f2"},{"type":"single","resource":"f700a1a0-4839-48d6-baf1-eadf5f35e1f2"},{"type":"single","resource":"21955c6d-5664-4a3c-a393-6bf41906187e"},{"type":"single","resource":"21955c6d-5664-4a3c-a393-6bf41906187e"},{"type":"single","resource":"4cfb9674-9958-4665-8f88-fa8b884b3e5f"},{"type":"single","resource":"4cfb9674-9958-4665-8f88-fa8b884b3e5f"},{"type":"single","resource":"c51829fc-a0ce-4ee5-8d68-2092fbff3007"},{"type":"single","resource":"c51829fc-a0ce-4ee5-8d68-2092fbff3007"},{"type":"single","resource":"a2d48370-fc3d-46c8-897c-be4a6fc7aeb8"},{"type":"single","resource":"a2d48370-fc3d-46c8-897c-be4a6fc7aeb8"},{"type":"single","resource":"a214b0c2-c910-4bee-b642-6f56a3efe82d"},{"type":"single","resource":"a214b0c2-c910-4bee-b642-6f56a3efe82d"},{"type":"single","resource":"1ffb477c-b511-41e1-9a19-76410c649d30"},{"type":"single","resource":"0c291764-c40e-462d-a780-41abba0048d7"},{"type":"single","resource":"0c291764-c40e-462d-a780-41abba0048d7"},{"type":"single","resource":"1b15b4fd-8cee-40b9-8b14-2f7808a106f7"},{"type":"single","resource":"1b15b4fd-8cee-40b9-8b14-2f7808a106f7"},{"type":"single","resource":"cd9c4b78-763d-45b2-a867-41462add3179"},{"type":"single","resource":"cd9c4b78-763d-45b2-a867-41462add3179"},{"type":"single","resource":"d9b85b74-f8b3-4b64-94c5-cd36c4510573"},{"type":"single","resource":"d9b85b74-f8b3-4b64-94c5-cd36c4510573"},{"type":"single","resource":"235be846-be4f-426d-ba8a-d1a2776f2203"},{"type":"single","resource":"8215b8d4-c4de-4171-aeb6-567c379ae320"},{"type":"single","resource":"ff527571-2cf1-4fee-8382-5696672f4211"},{"type":"single","resource":"240e9c10-a54a-4458-9b4d-8cb131ffce92"},{"type":"single","resource":"1916ffa1-5db8-464f-82b4-2bb0f33be509"},{"type":"single","resource":"5545c335-2867-465b-9473-22812a480144"},{"type":"single","resource":"0f14960b-9289-4f68-a48b-6020ba15dfea"},{"type":"single","resource":"3d0719ca-96fe-4268-95f1-62aaa637f9d3"},{"type":"single","resource":"3d0719ca-96fe-4268-95f1-62aaa637f9d3"},{"type":"single","resource":"6a25cf1d-c180-4f23-ba56-55cb3de81ab5"},{"type":"single","resource":"6a25cf1d-c180-4f23-ba56-55cb3de81ab5"},{"type":"single","resource":"6a25cf1d-c180-4f23-ba56-55cb3de81ab5"},{"type":"single","resource":"cc2d457c-7004-4ae6-92ee-fbcdbc7d6760"},{"type":"single","resource":"d6755f44-271c-4e18-99da-03000364a43e"},{"type":"single","resource":"b5326b1c-7017-4288-9cda-9153b516ba60"},{"type":"single","resource":"b5326b1c-7017-4288-9cda-9153b516ba60"},{"type":"single","resource":"5e487223-843f-46ba-b844-640b918becaf"},{"type":"single","resource":"5e487223-843f-46ba-b844-640b918becaf"},{"type":"single","resource":"dde94d4c-f8b8-4215-b347-ce7c611f1482"},{"type":"single","resource":"1c45a65d-9ee7-452f-8923-6dfeb1c8bb4c"},{"type":"single","resource":"92594e50-60e8-4343-9c64-6e18a84054a8"},{"type":"single","resource":"92594e50-60e8-4343-9c64-6e18a84054a8"},{"type":"single","resource":"9454445c-4a55-4d3a-a59d-d408be1334b0"},{"type":"single","resource":"9a601bb3-1fa5-492d-bb06-a4c6a2fbd214"},{"type":"single","resource":"55b33af8-f5cc-41de-86b7-9d57b7857484"},{"type":"single","resource":"a2fd63c6-dab0-4b10-9fd3-c3ae3fa1c990"},{"type":"single","resource":"aba4f6f5-3196-4947-b45e-5a68f30d6f56"},{"type":"single","resource":"modelengine:d78a7c21-0ba3-44ac-b71b-ad14b2fde2d1"},{"type":"single","resource":"modelengine:d78a7c21-0ba3-44ac-b71b-ad14b2fde2d1"},{"type":"single","resource":"modelengine:d78a7c21-0ba3-44ac-b71b-ad14b2fde2d1"},{"type":"single","resource":"modelengine:a0e0ceda-4cef-4c0e-9a7f-57283267ece5"},{"type":"single","resource":"modelengine:a0e0ceda-4cef-4c0e-9a7f-57283267ece5"},{"type":"single","resource":"modelengine:e86f5d4e-e6e0-4204-a933-32b50ec7360a"},{"type":"single","resource":"modelengine:752932be-413c-4c86-8f30-47d3ed104426"},{"type":"single","resource":"modelengine:752932be-413c-4c86-8f30-47d3ed104426"},{"type":"single","resource":"modelengine:752932be-413c-4c86-8f30-47d3ed104426"},{"type":"single","resource":"modelengine:752932be-413c-4c86-8f30-47d3ed104426"},{"type":"single","resource":"modelengine:752932be-413c-4c86-8f30-47d3ed104426"},{"type":"single","resource":"modelengine:752932be-413c-4c86-8f30-47d3ed104426"},{"type":"single","resource":"modelengine:752932be-413c-4c86-8f30-47d3ed104426"},{"type":"single","resource":"modelengine:752932be-413c-4c86-8f30-47d3ed104426"},{"type":"single","resource":"modelengine:752932be-413c-4c86-8f30-47d3ed104426"},{"type":"single","resource":"modelengine:efe36173-565a-4a5d-83b8-dfa3a56a1714"},{"type":"single","resource":"modelengine:5a0d4c62-0367-45d1-b93d-7c480fc87378"},{"type":"single","resource":"modelengine:b5e2368e-3a78-43b7-87c2-5cb055c4a638"},{"type":"single","resource":"modelengine:b5e2368e-3a78-43b7-87c2-5cb055c4a638"},{"type":"single","resource":"modelengine:91ac318d-1d1d-4fbf-8256-65361e9ce6e6"},{"type":"single","resource":"modelengine:91ac318d-1d1d-4fbf-8256-65361e9ce6e6"},{"type":"single","resource":"modelengine:f90a369a-a818-4ac4-b241-a65e273b3aa1"},{"type":"single","resource":"modelengine:f90a369a-a818-4ac4-b241-a65e273b3aa1"},{"type":"single","resource":"modelengine:6f9ace3f-906b-4490-9f43-fc48b8561154"},{"type":"single","resource":"modelengine:6f9ace3f-906b-4490-9f43-fc48b8561154"},{"type":"single","resource":"modelengine:50b9839e-19e1-4830-a539-2c0620d9c37b"},{"type":"single","resource":"modelengine:50b9839e-19e1-4830-a539-2c0620d9c37b"},{"type":"single","resource":"modelengine:7b9d267a-0264-4474-999d-beda77306ae7"},{"type":"single","resource":"modelengine:7b9d267a-0264-4474-999d-beda77306ae7"},{"type":"single","resource":"modelengine:6aa28c61-ae62-4ee4-b0df-baf8c217c530"},{"type":"single","resource":"modelengine:6aa28c61-ae62-4ee4-b0df-baf8c217c530"},{"type":"single","resource":"modelengine:39692653-a365-442b-9573-851b9211c593"},{"type":"single","resource":"modelengine:39692653-a365-442b-9573-851b9211c593"},{"type":"single","resource":"modelengine:41a70db4-ed34-48de-a1ad-152c42009ae0"},{"type":"single","resource":"modelengine:41a70db4-ed34-48de-a1ad-152c42009ae0"},{"type":"single","resource":"modelengine:35f0493f-1e7f-4426-8602-b673908974dd"},{"type":"single","resource":"modelengine:68630831-78d0-493a-9585-2d7239d6e9fc"},{"type":"single","resource":"modelengine:96a8cb4e-66d2-475b-8100-28b3cb42aa70"},{"type":"single","resource":"modelengine:da60234b-4365-47fb-a575-607600b7f8fb"},{"type":"single","resource":"modelengine:da60234b-4365-47fb-a575-607600b7f8fb"},{"type":"single","resource":"modelengine:da60234b-4365-47fb-a575-607600b7f8fb"},{"type":"single","resource":"modelengine:21005a1d-9749-4e35-9db6-b646eb640ef7"},{"type":"single","resource":"modelengine:21005a1d-9749-4e35-9db6-b646eb640ef7"},{"type":"single","resource":"modelengine:6856d3b4-fb33-4eeb-a023-7ff32f77717a"},{"type":"single","resource":"modelengine:005263ca-e9f6-4b4c-8dd8-f4aab0df990e"},{"type":"single","resource":"modelengine:237b3ded-16a9-4087-9307-8658be1c8d44"},{"type":"single","resource":"modelengine:237b3ded-16a9-4087-9307-8658be1c8d44"},{"type":"single","resource":"modelengine:237b3ded-16a9-4087-9307-8658be1c8d44"},{"type":"single","resource":"modelengine:237b3ded-16a9-4087-9307-8658be1c8d44"},{"type":"single","resource":"modelengine:237b3ded-16a9-4087-9307-8658be1c8d44"},{"type":"single","resource":"modelengine:237b3ded-16a9-4087-9307-8658be1c8d44"},{"type":"single","resource":"modelengine:237b3ded-16a9-4087-9307-8658be1c8d44"},{"type":"single","resource":"modelengine:d30f2df7-8ef0-4429-81e0-2fb5852c2219"},{"type":"single","resource":"modelengine:b82cda65-6da2-4959-8037-532e916d14c7"},{"type":"single","resource":"modelengine:b82cda65-6da2-4959-8037-532e916d14c7"},{"type":"single","resource":"modelengine:b82cda65-6da2-4959-8037-532e916d14c7"},{"type":"single","resource":"modelengine:b82cda65-6da2-4959-8037-532e916d14c7"},{"type":"single","resource":"modelengine:b82cda65-6da2-4959-8037-532e916d14c7"},{"type":"single","resource":"modelengine:b82cda65-6da2-4959-8037-532e916d14c7"},{"type":"single","resource":"modelengine:b82cda65-6da2-4959-8037-532e916d14c7"},{"type":"single","resource":"modelengine:b82cda65-6da2-4959-8037-532e916d14c7"},{"type":"single","resource":"modelengine:b82cda65-6da2-4959-8037-532e916d14c7"},{"type":"single","resource":"modelengine:b82cda65-6da2-4959-8037-532e916d14c7"},{"type":"single","resource":"modelengine:b82cda65-6da2-4959-8037-532e916d14c7"},{"type":"single","resource":"modelengine:b82cda65-6da2-4959-8037-532e916d14c7"},{"type":"single","resource":"modelengine:b82cda65-6da2-4959-8037-532e916d14c7"},{"type":"single","resource":"modelengine:b82cda65-6da2-4959-8037-532e916d14c7"},{"type":"single","resource":"modelengine:c9752e7d-f7d6-43b6-9e2f-5b4bd9a81c04"},{"type":"single","resource":"modelengine:64a5feac-8434-4736-b72b-6d0d3bffe5ea"},{"type":"single","resource":"modelengine:64a5feac-8434-4736-b72b-6d0d3bffe5ea"},{"type":"single","resource":"modelengine:64a5feac-8434-4736-b72b-6d0d3bffe5ea"},{"type":"single","resource":"modelengine:64a5feac-8434-4736-b72b-6d0d3bffe5ea"},{"type":"single","resource":"modelengine:64a5feac-8434-4736-b72b-6d0d3bffe5ea"},{"type":"single","resource":"modelengine:64a5feac-8434-4736-b72b-6d0d3bffe5ea"},{"type":"single","resource":"modelengine:64a5feac-8434-4736-b72b-6d0d3bffe5ea"},{"type":"single","resource":"modelengine:64a5feac-8434-4736-b72b-6d0d3bffe5ea"},{"type":"single","resource":"modelengine:64a5feac-8434-4736-b72b-6d0d3bffe5ea"},{"type":"single","resource":"modelengine:64a5feac-8434-4736-b72b-6d0d3bffe5ea"},{"type":"single","resource":"modelengine:64a5feac-8434-4736-b72b-6d0d3bffe5ea"},{"type":"single","resource":"modelengine:64a5feac-8434-4736-b72b-6d0d3bffe5ea"},{"type":"single","resource":"modelengine:64a5feac-8434-4736-b72b-6d0d3bffe5ea"},{"type":"single","resource":"modelengine:64a5feac-8434-4736-b72b-6d0d3bffe5ea"},{"type":"single","resource":"modelengine:50ac5726-2732-4e39-a895-d63f975bae88"},{"type":"single","resource":"modelengine:83317744-2950-4252-b09b-f98a163e76bc"},{"type":"single","resource":"modelengine:a92a62a1-b261-4062-8ada-260ca317fa9e"},{"type":"single","resource":"modelengine:c3ace1f7-a1dd-480b-b50b-2c709598dd42"},{"type":"single","resource":"modelengine:2046f778-dfe8-4976-8875-ce1c667bd248"},{"type":"single","resource":"modelengine:e1a6826d-e3ab-4a1b-8616-6a4605b82945"},{"type":"single","resource":"modelengine:8e2afdd7-81c2-4f38-9c51-7c73636bb835"},{"type":"single","resource":"modelengine:475d3066-c1a2-457a-962e-69056f55fa3f"},{"type":"single","resource":"modelengine:1d5cebda-a9f8-43d6-8574-00dd11328912"},{"type":"single","resource":"modelengine:eb19f88a-e922-4d2d-9b1d-3720e76f8934"},{"type":"single","resource":"modelengine:e7a33b32-7a70-4a30-9541-12fd10c7e242"},{"type":"single","resource":"modelengine:9afa365c-caef-4558-9fb7-e322e4590e76"},{"type":"single","resource":"modelengine:a71bed56-54da-4b4c-8916-4b29fb6448ee"},{"type":"single","resource":"modelengine:a71bed56-54da-4b4c-8916-4b29fb6448ee"},{"type":"single","resource":"modelengine:a71bed56-54da-4b4c-8916-4b29fb6448ee"},{"type":"single","resource":"modelengine:a71bed56-54da-4b4c-8916-4b29fb6448ee"},{"type":"single","resource":"modelengine:a71bed56-54da-4b4c-8916-4b29fb6448ee"},{"type":"single","resource":"modelengine:a71bed56-54da-4b4c-8916-4b29fb6448ee"},{"type":"single","resource":"modelengine:a71bed56-54da-4b4c-8916-4b29fb6448ee"},{"type":"single","resource":"modelengine:a71bed56-54da-4b4c-8916-4b29fb6448ee"},{"type":"single","resource":"modelengine:a71bed56-54da-4b4c-8916-4b29fb6448ee"},{"type":"single","resource":"modelengine:a71bed56-54da-4b4c-8916-4b29fb6448ee"},{"type":"single","resource":"modelengine:a71bed56-54da-4b4c-8916-4b29fb6448ee"},{"type":"single","resource":"modelengine:a71bed56-54da-4b4c-8916-4b29fb6448ee"},{"type":"single","resource":"modelengine:a71bed56-54da-4b4c-8916-4b29fb6448ee"},{"type":"single","resource":"modelengine:a71bed56-54da-4b4c-8916-4b29fb6448ee"},{"type":"single","resource":"modelengine:a71bed56-54da-4b4c-8916-4b29fb6448ee"},{"type":"single","resource":"modelengine:a71bed56-54da-4b4c-8916-4b29fb6448ee"},{"type":"single","resource":"modelengine:a71bed56-54da-4b4c-8916-4b29fb6448ee"},{"type":"single","resource":"modelengine:a71bed56-54da-4b4c-8916-4b29fb6448ee"},{"type":"single","resource":"modelengine:24048bb7-86fb-4a5b-8a48-67370db82081"},{"type":"single","resource":"modelengine:24048bb7-86fb-4a5b-8a48-67370db82081"},{"type":"single","resource":"modelengine:24048bb7-86fb-4a5b-8a48-67370db82081"},{"type":"single","resource":"modelengine:24048bb7-86fb-4a5b-8a48-67370db82081"},{"type":"single","resource":"modelengine:24048bb7-86fb-4a5b-8a48-67370db82081"},{"type":"single","resource":"modelengine:24048bb7-86fb-4a5b-8a48-67370db82081"},{"type":"single","resource":"modelengine:24048bb7-86fb-4a5b-8a48-67370db82081"},{"type":"single","resource":"modelengine:24048bb7-86fb-4a5b-8a48-67370db82081"},{"type":"single","resource":"modelengine:24048bb7-86fb-4a5b-8a48-67370db82081"},{"type":"single","resource":"modelengine:24048bb7-86fb-4a5b-8a48-67370db82081"},{"type":"single","resource":"modelengine:24048bb7-86fb-4a5b-8a48-67370db82081"},{"type":"single","resource":"modelengine:24048bb7-86fb-4a5b-8a48-67370db82081"},{"type":"single","resource":"modelengine:24048bb7-86fb-4a5b-8a48-67370db82081"},{"type":"single","resource":"modelengine:24048bb7-86fb-4a5b-8a48-67370db82081"},{"type":"single","resource":"modelengine:24048bb7-86fb-4a5b-8a48-67370db82081"},{"type":"single","resource":"modelengine:24048bb7-86fb-4a5b-8a48-67370db82081"},{"type":"single","resource":"modelengine:24048bb7-86fb-4a5b-8a48-67370db82081"},{"type":"single","resource":"modelengine:24048bb7-86fb-4a5b-8a48-67370db82081"},{"type":"single","resource":"modelengine:db83bf00-cda4-4bf8-822b-e47d3328fe8b"},{"type":"single","resource":"modelengine:db83bf00-cda4-4bf8-822b-e47d3328fe8b"},{"type":"single","resource":"modelengine:db83bf00-cda4-4bf8-822b-e47d3328fe8b"},{"type":"single","resource":"modelengine:db83bf00-cda4-4bf8-822b-e47d3328fe8b"},{"type":"single","resource":"modelengine:db83bf00-cda4-4bf8-822b-e47d3328fe8b"},{"type":"single","resource":"modelengine:db83bf00-cda4-4bf8-822b-e47d3328fe8b"},{"type":"single","resource":"modelengine:db83bf00-cda4-4bf8-822b-e47d3328fe8b"},{"type":"single","resource":"modelengine:db83bf00-cda4-4bf8-822b-e47d3328fe8b"},{"type":"single","resource":"modelengine:db83bf00-cda4-4bf8-822b-e47d3328fe8b"},{"type":"single","resource":"modelengine:db83bf00-cda4-4bf8-822b-e47d3328fe8b"},{"type":"single","resource":"modelengine:db83bf00-cda4-4bf8-822b-e47d3328fe8b"},{"type":"single","resource":"modelengine:db83bf00-cda4-4bf8-822b-e47d3328fe8b"},{"type":"single","resource":"modelengine:db83bf00-cda4-4bf8-822b-e47d3328fe8b"},{"type":"single","resource":"modelengine:db83bf00-cda4-4bf8-822b-e47d3328fe8b"},{"type":"single","resource":"modelengine:db83bf00-cda4-4bf8-822b-e47d3328fe8b"},{"type":"single","resource":"modelengine:db83bf00-cda4-4bf8-822b-e47d3328fe8b"},{"type":"single","resource":"modelengine:db83bf00-cda4-4bf8-822b-e47d3328fe8b"},{"type":"single","resource":"modelengine:db83bf00-cda4-4bf8-822b-e47d3328fe8b"},{"type":"single","resource":"modelengine:db83bf00-cda4-4bf8-822b-e47d3328fe8b"},{"type":"single","resource":"modelengine:db83bf00-cda4-4bf8-822b-e47d3328fe8b"},{"type":"single","resource":"modelengine:db83bf00-cda4-4bf8-822b-e47d3328fe8b"},{"type":"single","resource":"modelengine:db83bf00-cda4-4bf8-822b-e47d3328fe8b"},{"type":"single","resource":"modelengine:b37a1601-c6ac-4a2f-aa15-8fefad113598"},{"type":"single","resource":"modelengine:2005e2d3-bce2-4efe-8134-f4dd34167b80"},{"type":"single","resource":"modelengine:2005e2d3-bce2-4efe-8134-f4dd34167b80"},{"type":"single","resource":"modelengine:2005e2d3-bce2-4efe-8134-f4dd34167b80"},{"type":"single","resource":"modelengine:1ee7754e-b197-4034-8154-9ce38182c455"},{"type":"single","resource":"modelengine:1ee7754e-b197-4034-8154-9ce38182c455"},{"type":"single","resource":"modelengine:1ee7754e-b197-4034-8154-9ce38182c455"},{"type":"single","resource":"modelengine:1ee7754e-b197-4034-8154-9ce38182c455"},{"type":"single","resource":"modelengine:1ee7754e-b197-4034-8154-9ce38182c455"},{"type":"single","resource":"modelengine:1ee7754e-b197-4034-8154-9ce38182c455"},{"type":"single","resource":"modelengine:1ee7754e-b197-4034-8154-9ce38182c455"},{"type":"single","resource":"modelengine:1ee7754e-b197-4034-8154-9ce38182c455"},{"type":"single","resource":"modelengine:1ee7754e-b197-4034-8154-9ce38182c455"},{"type":"single","resource":"modelengine:1ee7754e-b197-4034-8154-9ce38182c455"},{"type":"single","resource":"modelengine:499ea814-2d6e-4edc-92a2-4299ade7e7c2"},{"type":"single","resource":"modelengine:499ea814-2d6e-4edc-92a2-4299ade7e7c2"},{"type":"single","resource":"modelengine:499ea814-2d6e-4edc-92a2-4299ade7e7c2"},{"type":"single","resource":"modelengine:499ea814-2d6e-4edc-92a2-4299ade7e7c2"},{"type":"single","resource":"modelengine:499ea814-2d6e-4edc-92a2-4299ade7e7c2"},{"type":"single","resource":"modelengine:499ea814-2d6e-4edc-92a2-4299ade7e7c2"},{"type":"single","resource":"modelengine:499ea814-2d6e-4edc-92a2-4299ade7e7c2"},{"type":"single","resource":"modelengine:499ea814-2d6e-4edc-92a2-4299ade7e7c2"},{"type":"single","resource":"modelengine:499ea814-2d6e-4edc-92a2-4299ade7e7c2"},{"type":"single","resource":"modelengine:499ea814-2d6e-4edc-92a2-4299ade7e7c2"},{"type":"single","resource":"modelengine:499ea814-2d6e-4edc-92a2-4299ade7e7c2"},{"type":"single","resource":"modelengine:499ea814-2d6e-4edc-92a2-4299ade7e7c2"},{"type":"single","resource":"modelengine:499ea814-2d6e-4edc-92a2-4299ade7e7c2"},{"type":"single","resource":"modelengine:499ea814-2d6e-4edc-92a2-4299ade7e7c2"},{"type":"single","resource":"modelengine:499ea814-2d6e-4edc-92a2-4299ade7e7c2"},{"type":"single","resource":"modelengine:499ea814-2d6e-4edc-92a2-4299ade7e7c2"},{"type":"single","resource":"modelengine:499ea814-2d6e-4edc-92a2-4299ade7e7c2"},{"type":"single","resource":"modelengine:499ea814-2d6e-4edc-92a2-4299ade7e7c2"},{"type":"single","resource":"modelengine:499ea814-2d6e-4edc-92a2-4299ade7e7c2"},{"type":"single","resource":"modelengine:c5d4801e-7b4d-43ff-af53-5b727e9bbdc2"},{"type":"single","resource":"modelengine:c5d4801e-7b4d-43ff-af53-5b727e9bbdc2"},{"type":"single","resource":"modelengine:c5d4801e-7b4d-43ff-af53-5b727e9bbdc2"},{"type":"single","resource":"modelengine:73f9d3d0-85fe-4380-b50e-3cdfd46d4dfc"},{"type":"single","resource":"modelengine:73f9d3d0-85fe-4380-b50e-3cdfd46d4dfc"},{"type":"single","resource":"modelengine:73f9d3d0-85fe-4380-b50e-3cdfd46d4dfc"},{"type":"single","resource":"modelengine:73f9d3d0-85fe-4380-b50e-3cdfd46d4dfc"},{"type":"single","resource":"modelengine:73f9d3d0-85fe-4380-b50e-3cdfd46d4dfc"},{"type":"single","resource":"modelengine:73f9d3d0-85fe-4380-b50e-3cdfd46d4dfc"},{"type":"single","resource":"modelengine:73f9d3d0-85fe-4380-b50e-3cdfd46d4dfc"},{"type":"single","resource":"modelengine:73f9d3d0-85fe-4380-b50e-3cdfd46d4dfc"},{"type":"single","resource":"modelengine:73f9d3d0-85fe-4380-b50e-3cdfd46d4dfc"},{"type":"single","resource":"modelengine:73f9d3d0-85fe-4380-b50e-3cdfd46d4dfc"},{"type":"single","resource":"modelengine:73f9d3d0-85fe-4380-b50e-3cdfd46d4dfc"},{"type":"single","resource":"modelengine:73f9d3d0-85fe-4380-b50e-3cdfd46d4dfc"},{"type":"single","resource":"modelengine:73f9d3d0-85fe-4380-b50e-3cdfd46d4dfc"},{"type":"single","resource":"modelengine:73f9d3d0-85fe-4380-b50e-3cdfd46d4dfc"},{"type":"single","resource":"modelengine:73f9d3d0-85fe-4380-b50e-3cdfd46d4dfc"},{"type":"single","resource":"modelengine:73f9d3d0-85fe-4380-b50e-3cdfd46d4dfc"},{"type":"single","resource":"modelengine:73f9d3d0-85fe-4380-b50e-3cdfd46d4dfc"},{"type":"single","resource":"modelengine:73f9d3d0-85fe-4380-b50e-3cdfd46d4dfc"},{"type":"single","resource":"modelengine:73f9d3d0-85fe-4380-b50e-3cdfd46d4dfc"},{"type":"single","resource":"modelengine:73f9d3d0-85fe-4380-b50e-3cdfd46d4dfc"},{"type":"single","resource":"modelengine:307cf080-b9ff-4fad-bf06-35e92903fa85"},{"type":"single","resource":"modelengine:307cf080-b9ff-4fad-bf06-35e92903fa85"},{"type":"single","resource":"modelengine:307cf080-b9ff-4fad-bf06-35e92903fa85"},{"type":"single","resource":"modelengine:307cf080-b9ff-4fad-bf06-35e92903fa85"},{"type":"single","resource":"cebc39f5-fc92-4cf6-b802-8f5a7e650abe"},{"type":"single","resource":"cebc39f5-fc92-4cf6-b802-8f5a7e650abe"},{"type":"single","resource":"fb988c11-0db8-4559-882a-d1f020fb4eaa"},{"type":"single","resource":"fb988c11-0db8-4559-882a-d1f020fb4eaa"},{"type":"single","resource":"item/bow"},{"type":"single","resource":"item/chainmail_boots"},{"type":"single","resource":"item/chainmail_chestplate"},{"type":"single","resource":"item/chainmail_helmet"},{"type":"single","resource":"item/chainmail_leggings"},{"type":"single","resource":"item/cooked_beef"},{"type":"single","resource":"item/diamond_axe"},{"type":"single","resource":"item/diamond_axe"},{"type":"single","resource":"item/diamond_horse_armor"},{"type":"single","resource":"item/diamond_pickaxe"},{"type":"single","resource":"item/diamond_sword"},{"type":"single","resource":"item/diamond_sword/hades"},{"type":"single","resource":"item/elytra"},{"type":"single","resource":"item/flint"},{"type":"single","resource":"item/gold_nugget"},{"type":"single","resource":"item/iron_pickaxe"},{"type":"single","resource":"item/iron_sword"},{"type":"single","resource":"item/leather_horse_armor"},{"type":"single","resource":"item/netherite_axe"},{"type":"single","resource":"item/netherite_hoe"},{"type":"single","resource":"item/netherite_pickaxe"},{"type":"single","resource":"item/netherite_shovel"},{"type":"single","resource":"item/netherite_sword"},{"type":"single","resource":"nexo:6f6d0b86-5c75-4bd8-8efc-40d2a1abde19"},{"type":"single","resource":"nexo:6f6d0b86-5c75-4bd8-8efc-40d2a1abde19"},{"type":"single","resource":"nexo:2448f1a4-2716-4450-9231-7ae6b909f1a6"},{"type":"single","resource":"nexo:2448f1a4-2716-4450-9231-7ae6b909f1a6"},{"type":"single","resource":"nexo:80310e26-6178-402a-916e-3d21367af167"},{"type":"single","resource":"nexo:80310e26-6178-402a-916e-3d21367af167"},{"type":"single","resource":"nexo:36809670-5144-412b-a8bc-d9843ed60cb7"},{"type":"single","resource":"nexo:8ee4856a-3866-48d0-85f9-9c168528d303"},{"type":"single","resource":"nexo:8ee4856a-3866-48d0-85f9-9c168528d303"},{"type":"single","resource":"nexo:c8e56e11-d2e0-4706-b7cd-9c97533fcc8e"},{"type":"single","resource":"nexo:c8e56e11-d2e0-4706-b7cd-9c97533fcc8e"},{"type":"single","resource":"nexo:50c94c4d-eb9c-4881-9771-345843ba0865"},{"type":"single","resource":"nexo:50c94c4d-eb9c-4881-9771-345843ba0865"},{"type":"single","resource":"nexo:ec1fa4bf-130c-4084-95a8-43842b96344b"},{"type":"single","resource":"nexo:ec1fa4bf-130c-4084-95a8-43842b96344b"},{"type":"single","resource":"nexo:94ebc7b9-03e8-45ff-ac36-d79db503dc72"},{"type":"single","resource":"nexo:d4ca6126-5855-4e10-a59e-6b372b9b56fc"},{"type":"single","resource":"nexo:22f14390-622b-4b0b-ac73-1c090965393d"},{"type":"single","resource":"nexo:393d29a9-d48c-4869-a9e2-64f859b2b793"},{"type":"single","resource":"nexo:78d5c4ff-5593-488b-9ea5-e35fb4e2bf13"},{"type":"single","resource":"nexo:78d5c4ff-5593-488b-9ea5-e35fb4e2bf13"},{"type":"single","resource":"nexo:b2e0ab37-d22b-4326-8f71-ed1806f8f479"},{"type":"single","resource":"nexo:b2e0ab37-d22b-4326-8f71-ed1806f8f479"},{"type":"single","resource":"nexo:a7ca41af-4fdf-4186-a927-53b0cc9ed671"},{"type":"single","resource":"nexo:c1a35be4-2674-4542-be0e-3e40dcfd64d6"},{"type":"single","resource":"nexo:0502bdec-3a16-4394-b5ce-cf4609e3332d"},{"type":"single","resource":"nexo:0502bdec-3a16-4394-b5ce-cf4609e3332d"},{"type":"single","resource":"nexo:8bb39884-b118-4beb-855f-b6b547e537b9"},{"type":"single","resource":"nexo:8bb39884-b118-4beb-855f-b6b547e537b9"},{"type":"single","resource":"nexo:8bb39884-b118-4beb-855f-b6b547e537b9"},{"type":"single","resource":"nexo:f6e83e2d-521b-49d0-9f92-86d3dcaf9b09"},{"type":"single","resource":"nexo:464909ad-e8ae-4f7c-84f6-5e06e37a9e0d"},{"type":"single","resource":"nexo:528ad13b-6da3-4787-9559-f10a08a96452"},{"type":"single","resource":"nexo:2883f4b1-148c-4d60-a2ea-414e5f2c730c"},{"type":"single","resource":"nexo:6b413dd4-b844-45b0-93d8-2c1925b02558"},{"type":"single","resource":"nexo:9c06c55b-6160-4f3b-b868-accd737377dd"},{"type":"single","resource":"nexo:98ff661b-351a-4831-9bd8-14d5bbf83323"},{"type":"single","resource":"nexo:98ff661b-351a-4831-9bd8-14d5bbf83323"},{"type":"single","resource":"nexo:06c8c480-bfd3-419d-8696-50e7dac299b5"},{"type":"single","resource":"nexo:5753413e-c6c3-4963-9bc5-4a6eb65b1f3d"},{"type":"single","resource":"nexo:3fc20b3b-47c4-49a6-ba21-11e1e14821c7"},{"type":"single","resource":"nexo:9cb71f2a-851e-4d2c-9b75-e77a6bcc6e79"},{"type":"single","resource":"nexo:9cb71f2a-851e-4d2c-9b75-e77a6bcc6e79"},{"type":"single","resource":"nexo:a2853b22-5425-4c12-b70f-b91da7507837"},{"type":"single","resource":"nexo:a2853b22-5425-4c12-b70f-b91da7507837"},{"type":"single","resource":"nexo:8bdf119d-2e03-4d25-a5b7-9744c07a7af4"},{"type":"single","resource":"nexo:8bdf119d-2e03-4d25-a5b7-9744c07a7af4"},{"type":"single","resource":"nexo:6f0d7b4d-3a3b-4fc7-9ead-73734178cbe2"},{"type":"single","resource":"nexo:3e61e2b5-58d8-4166-8b7f-e34256998f9e"},{"type":"single","resource":"nexo:9b1ebd56-1548-4381-9f16-e01de00c45f5"},{"type":"single","resource":"nexo:9b1ebd56-1548-4381-9f16-e01de00c45f5"},{"type":"single","resource":"nexo:55e93bc2-5424-477a-9c1f-847bf4fc5311"},{"type":"single","resource":"nexo:ef7cb22b-90ea-4089-a57f-0120779feab1"},{"type":"single","resource":"nexo:f6c91dc6-71af-4b07-8ecc-b59ff7a0c7d1"},{"type":"single","resource":"nexo:f6c91dc6-71af-4b07-8ecc-b59ff7a0c7d1"},{"type":"single","resource":"item/paper"},{"type":"single","resource":"item/potion"},{"type":"single","resource":"item/potion_overlay"},{"type":"single","resource":"item/potion_overlay"},{"type":"single","resource":"item/splash_potion"},{"type":"single","resource":"item/stone_pickaxe"},{"type":"single","resource":"item/trident"},{"type":"single","resource":"item/wolf_armor"},{"type":"single","resource":"item/wolf_armor_overlay"},{"type":"single","resource":"item/wooden_hoe"},{"type":"single","resource":"item/wooden_sword"},{"type":"single","resource":"b30424b9-69d9-4f58-aac0-366e609de23c"},{"type":"single","resource":"b30424b9-69d9-4f58-aac0-366e609de23c"},{"type":"single","resource":"b30424b9-69d9-4f58-aac0-366e609de23c"},{"type":"single","resource":"b30424b9-69d9-4f58-aac0-366e609de23c"},{"type":"single","resource":"254a3901-336b-4fa4-9df0-95094f6fd77b"},{"type":"single","resource":"254a3901-336b-4fa4-9df0-95094f6fd77b"},{"type":"single","resource":"254a3901-336b-4fa4-9df0-95094f6fd77b"},{"type":"single","resource":"254a3901-336b-4fa4-9df0-95094f6fd77b"},{"type":"single","resource":"1851317b-9963-4cbd-ae24-c71d5449cf30"},{"type":"single","resource":"1851317b-9963-4cbd-ae24-c71d5449cf30"},{"type":"single","resource":"1f0be5ad-1673-4063-892d-ec8a131e1cb7"},{"type":"single","resource":"1f0be5ad-1673-4063-892d-ec8a131e1cb7"}]}