{"display":{"head":{},"firstperson_righthand":{},"thirdperson_lefthand":{},"firstperson_lefthand":{},"fixed":{},"ground":{},"thirdperson_righthand":{},"gui":{"rotation":[-150.0,-45.0,180.0]}},"elements":[{"from":[7.4975,8.2392845,-0.15270329],"to":[8.5025,9.244285,1.8572965],"rotation":{"origin":[9.0,18.06982,11.405689],"axis":"x","angle":-22.5},"faces":{"east":{"uv":[5.0,5.0,5.25,4.5],"texture":"#1","rotation":270,"tintindex":0},"south":{"uv":[5.0,4.75,5.25,5.0],"texture":"#1","rotation":270,"tintindex":0},"north":{"uv":[5.25,4.5,5.0,4.75],"texture":"#1","rotation":90,"tintindex":0},"west":{"uv":[5.0,4.5,5.25,5.0],"texture":"#1","rotation":270,"tintindex":0},"up":{"uv":[5.0,4.5,5.25,5.0],"texture":"#1","tintindex":0},"down":{"uv":[5.0,4.5,5.25,5.0],"texture":"#1","rotation":180,"tintindex":0}}},{"from":[7.4975,11.254285,-3.1677036],"to":[8.5025,13.264285,3.8672967],"rotation":{"origin":[9.0,18.06982,11.405689],"axis":"x","angle":-22.5},"faces":{"east":{"uv":[5.75,5.5,6.25,3.75],"texture":"#1","rotation":270,"tintindex":0},"south":{"uv":[5.75,5.25,6.25,5.5],"texture":"#1","rotation":270,"tintindex":0},"north":{"uv":[6.25,3.75,5.75,4.0],"texture":"#1","rotation":90,"tintindex":0},"west":{"uv":[5.75,3.75,6.25,5.5],"texture":"#1","rotation":270,"tintindex":0},"up":{"uv":[6.0,3.75,6.25,5.5],"texture":"#1","tintindex":0},"down":{"uv":[5.75,3.75,6.0,5.5],"texture":"#1","rotation":180,"tintindex":0}}},{"from":[7.4975,9.244285,-1.1577034],"to":[8.5025,10.249285,2.8622966],"rotation":{"origin":[9.0,18.06982,11.405689],"axis":"x","angle":-22.5},"faces":{"east":{"uv":[5.25,5.25,5.5,4.25],"texture":"#1","rotation":270,"tintindex":0},"south":{"uv":[5.25,5.0,5.5,5.25],"texture":"#1","rotation":270,"tintindex":0},"north":{"uv":[5.5,4.25,5.25,4.5],"texture":"#1","rotation":90,"tintindex":0},"west":{"uv":[5.25,4.25,5.5,5.25],"texture":"#1","rotation":270,"tintindex":0},"up":{"uv":[5.25,4.25,5.5,5.25],"texture":"#1","tintindex":0},"down":{"uv":[5.25,4.25,5.5,5.25],"texture":"#1","rotation":180,"tintindex":0}}},{"from":[7.4975,9.244285,3.8672967],"to":[8.5025,10.249285,6.8822966],"rotation":{"origin":[9.0,18.06982,11.405689],"axis":"x","angle":-22.5},"faces":{"east":{"uv":[5.25,6.25,5.5,5.5],"texture":"#1","rotation":270,"tintindex":0},"south":{"uv":[5.25,6.0,5.5,6.25],"texture":"#1","rotation":270,"tintindex":0},"north":{"uv":[5.5,5.5,5.25,5.75],"texture":"#1","rotation":90,"tintindex":0},"west":{"uv":[5.25,5.5,5.5,6.25],"texture":"#1","rotation":270,"tintindex":0},"up":{"uv":[5.25,5.5,5.5,6.25],"texture":"#1","tintindex":0},"down":{"uv":[5.25,5.5,5.5,6.25],"texture":"#1","rotation":180,"tintindex":0}}},{"from":[7.4975,14.269285,-0.15270329],"to":[8.5025,15.274284,4.8722963],"rotation":{"origin":[9.0,18.06982,11.405689],"axis":"x","angle":-22.5},"faces":{"east":{"uv":[6.5,5.75,6.75,4.5],"texture":"#1","rotation":270,"tintindex":0},"south":{"uv":[6.5,5.5,6.75,5.75],"texture":"#1","rotation":270,"tintindex":0},"north":{"uv":[6.75,4.5,6.5,4.75],"texture":"#1","rotation":90,"tintindex":0},"west":{"uv":[6.5,4.5,6.75,5.75],"texture":"#1","rotation":270,"tintindex":0},"up":{"uv":[6.5,4.5,6.75,5.75],"texture":"#1","tintindex":0},"down":{"uv":[6.5,4.5,6.75,5.75],"texture":"#1","rotation":180,"tintindex":0}}},{"from":[7.4975,6.229285,6.8822966],"to":[8.5025,7.234285,9.897297],"rotation":{"origin":[9.0,18.06982,11.405689],"axis":"x","angle":-22.5},"faces":{"east":{"uv":[4.5,7.0,4.75,6.25],"texture":"#1","rotation":270,"tintindex":0},"south":{"uv":[4.5,6.75,4.75,7.0],"texture":"#1","rotation":270,"tintindex":0},"north":{"uv":[4.75,6.25,4.5,6.5],"texture":"#1","rotation":90,"tintindex":0},"west":{"uv":[4.5,6.25,4.75,7.0],"texture":"#1","rotation":270,"tintindex":0},"up":{"uv":[4.5,6.25,4.75,7.0],"texture":"#1","tintindex":0},"down":{"uv":[4.5,6.25,4.75,7.0],"texture":"#1","rotation":180,"tintindex":0}}},{"from":[7.4975,8.2392845,4.8722963],"to":[8.5025,9.244285,7.887296],"rotation":{"origin":[9.0,18.06982,11.405689],"axis":"x","angle":-22.5},"faces":{"east":{"uv":[5.0,6.5,5.25,5.75],"texture":"#1","rotation":270,"tintindex":0},"south":{"uv":[5.0,6.25,5.25,6.5],"texture":"#1","rotation":270,"tintindex":0},"north":{"uv":[5.25,5.75,5.0,6.0],"texture":"#1","rotation":90,"tintindex":0},"west":{"uv":[5.0,5.75,5.25,6.5],"texture":"#1","rotation":270,"tintindex":0},"up":{"uv":[5.0,5.75,5.25,6.5],"texture":"#1","tintindex":0},"down":{"uv":[5.0,5.75,5.25,6.5],"texture":"#1","rotation":180,"tintindex":0}}},{"from":[7.4975,13.264285,-2.1627035],"to":[8.5025,14.269285,4.8722963],"rotation":{"origin":[9.0,18.06982,11.405689],"axis":"x","angle":-22.5},"faces":{"east":{"uv":[6.25,5.75,6.5,4.0],"texture":"#1","rotation":270,"tintindex":0},"south":{"uv":[6.25,5.5,6.5,5.75],"texture":"#1","rotation":270,"tintindex":0},"north":{"uv":[6.5,4.0,6.25,4.25],"texture":"#1","rotation":90,"tintindex":0},"west":{"uv":[6.25,4.0,6.5,5.75],"texture":"#1","rotation":270,"tintindex":0},"up":{"uv":[6.25,4.0,6.5,5.75],"texture":"#1","tintindex":0},"down":{"uv":[6.25,4.0,6.5,5.75],"texture":"#1","rotation":180,"tintindex":0}}},{"from":[7.4975,7.234285,5.8772964],"to":[8.5025,8.2392845,8.892297],"rotation":{"origin":[9.0,18.06982,11.405689],"axis":"x","angle":-22.5},"faces":{"east":{"uv":[4.75,6.75,5.0,6.0],"texture":"#1","rotation":270,"tintindex":0},"south":{"uv":[4.75,6.5,5.0,6.75],"texture":"#1","rotation":270,"tintindex":0},"north":{"uv":[5.0,6.0,4.75,6.25],"texture":"#1","rotation":90,"tintindex":0},"west":{"uv":[4.75,6.0,5.0,6.75],"texture":"#1","rotation":270,"tintindex":0},"up":{"uv":[4.75,6.0,5.0,6.75],"texture":"#1","tintindex":0},"down":{"uv":[4.75,6.0,5.0,6.75],"texture":"#1","rotation":180,"tintindex":0}}},{"from":[7.4975,4.219285,8.892297],"to":[8.5025,5.224285,10.902296],"rotation":{"origin":[9.0,18.06982,11.405689],"axis":"x","angle":-22.5},"faces":{"east":{"uv":[4.0,7.25,4.25,6.75],"texture":"#1","rotation":270,"tintindex":0},"south":{"uv":[4.0,7.0,4.25,7.25],"texture":"#1","rotation":270,"tintindex":0},"north":{"uv":[4.25,6.75,4.0,7.0],"texture":"#1","rotation":90,"tintindex":0},"west":{"uv":[4.0,6.75,4.25,7.25],"texture":"#1","rotation":270,"tintindex":0},"up":{"uv":[4.0,6.75,4.25,7.25],"texture":"#1","tintindex":0},"down":{"uv":[4.0,6.75,4.25,7.25],"texture":"#1","rotation":180,"tintindex":0}}},{"from":[7.4975,5.224285,7.887296],"to":[8.5025,6.229285,10.902296],"rotation":{"origin":[9.0,18.06982,11.405689],"axis":"x","angle":-22.5},"faces":{"east":{"uv":[4.25,7.25,4.5,6.5],"texture":"#1","rotation":270,"tintindex":0},"south":{"uv":[4.25,7.0,4.5,7.25],"texture":"#1","rotation":270,"tintindex":0},"north":{"uv":[4.5,6.5,4.25,6.75],"texture":"#1","rotation":90,"tintindex":0},"west":{"uv":[4.25,6.5,4.5,7.25],"texture":"#1","rotation":270,"tintindex":0},"up":{"uv":[4.25,6.5,4.5,7.25],"texture":"#1","tintindex":0},"down":{"uv":[4.25,6.5,4.5,7.25],"texture":"#1","rotation":180,"tintindex":0}}},{"from":[7.4975,15.274284,1.8572965],"to":[8.5025,16.279285,3.8672967],"rotation":{"origin":[9.0,18.06982,11.405689],"axis":"x","angle":-22.5},"faces":{"east":{"uv":[6.75,5.5,7.0,5.0],"texture":"#1","rotation":270,"tintindex":0},"south":{"uv":[6.75,5.25,7.0,5.5],"texture":"#1","rotation":270,"tintindex":0},"north":{"uv":[7.0,5.0,6.75,5.25],"texture":"#1","rotation":90,"tintindex":0},"west":{"uv":[6.75,5.0,7.0,5.5],"texture":"#1","rotation":270,"tintindex":0},"up":{"uv":[6.75,5.0,7.0,5.5],"texture":"#1","tintindex":0},"down":{"uv":[6.75,5.0,7.0,5.5],"texture":"#1","rotation":180,"tintindex":0}}},{"from":[7.4975,10.249285,-2.1627035],"to":[8.5025,11.254285,5.8772964],"rotation":{"origin":[9.0,18.06982,11.405689],"axis":"x","angle":-22.5},"faces":{"east":{"uv":[5.5,6.0,5.75,4.0],"texture":"#1","rotation":270,"tintindex":0},"south":{"uv":[5.5,5.75,5.75,6.0],"texture":"#1","rotation":270,"tintindex":0},"north":{"uv":[5.75,4.0,5.5,4.25],"texture":"#1","rotation":90,"tintindex":0},"west":{"uv":[5.5,4.0,5.75,6.0],"texture":"#1","rotation":270,"tintindex":0},"up":{"uv":[5.5,4.0,5.75,6.0],"texture":"#1","tintindex":0},"down":{"uv":[5.5,4.0,5.75,6.0],"texture":"#1","rotation":180,"tintindex":0}}},{"from":[7.4975,11.254285,3.8672967],"to":[8.5025,12.259285,4.8722963],"rotation":{"origin":[9.0,18.06982,11.405689],"axis":"x","angle":-22.5},"faces":{"east":{"uv":[5.75,5.75,6.0,5.5],"texture":"#1","rotation":270,"tintindex":0},"south":{"uv":[5.75,5.5,6.0,5.75],"texture":"#1","rotation":270,"tintindex":0},"north":{"uv":[6.0,5.5,5.75,5.75],"texture":"#1","rotation":90,"tintindex":0},"west":{"uv":[5.75,5.5,6.0,5.75],"texture":"#1","rotation":270,"tintindex":0},"up":{"uv":[5.75,5.5,6.0,5.75],"texture":"#1","tintindex":0},"down":{"uv":[5.75,5.5,6.0,5.75],"texture":"#1","rotation":180,"tintindex":0}}}],"textures":{"particle":"#1","1":"modelengine:b3ddcdd8-f669-4749-bddf-558805990dca"}}