{"display":{"head":{},"firstperson_righthand":{},"thirdperson_lefthand":{},"firstperson_lefthand":{},"fixed":{},"ground":{},"thirdperson_righthand":{},"gui":{"rotation":[-150.0,-45.0,180.0]}},"elements":[{"from":[7.0,7.0,7.0],"to":[9.0,9.0,9.0],"faces":{"east":{"uv":[15.5,10.0,16.0,10.5],"texture":"#0","tintindex":0},"south":{"uv":[15.5,10.0,16.0,10.5],"texture":"#0","tintindex":0},"north":{"uv":[15.5,10.0,16.0,10.5],"texture":"#0","tintindex":0},"west":{"uv":[15.5,10.0,16.0,10.5],"texture":"#0","tintindex":0},"up":{"uv":[15.5,10.0,16.0,10.5],"texture":"#0","tintindex":0},"down":{"uv":[15.5,10.0,16.0,10.5],"texture":"#0","tintindex":0}}}],"textures":{"particle":"#0","0":"modelengine:45c1bcc9-56ef-4fd9-b46a-46c6fb6aa9a0"}}