{"display":{"head":{},"firstperson_righthand":{},"thirdperson_lefthand":{},"firstperson_lefthand":{},"fixed":{},"ground":{},"thirdperson_righthand":{},"gui":{"rotation":[-150.0,-45.0,180.0]}},"elements":[{"from":[5.99,2.0,8.0],"to":[9.99,8.0,12.0],"faces":{"east":{"uv":[7.0,6.5,8.0,8.0],"texture":"#0","tintindex":0},"south":{"uv":[8.0,0.0,9.0,1.5],"texture":"#0","tintindex":0},"north":{"uv":[7.0,5.0,8.0,6.5],"texture":"#0","tintindex":0},"west":{"uv":[8.0,1.5,9.0,3.0],"texture":"#0","tintindex":0},"up":{"uv":[9.0,7.5,8.0,6.5],"texture":"#0","tintindex":0},"down":{"uv":[8.0,8.0,7.0,9.0],"texture":"#0","tintindex":0}}}],"textures":{"particle":"#0","0":"modelengine:06275ae3-cd3c-4940-a703-5e8068114f32"}}