{"display":{"head":{},"firstperson_righthand":{},"thirdperson_lefthand":{},"firstperson_lefthand":{},"fixed":{},"ground":{},"thirdperson_righthand":{},"gui":{"rotation":[-150.0,-45.0,180.0]}},"elements":[{"from":[-9.75,8.0,-9.75],"to":[25.75,8.0,25.75],"faces":{"up":{"uv":[16.0,0.0,0.0,16.0],"texture":"#0","rotation":180,"tintindex":0},"down":{"uv":[16.0,16.0,0.0,0.0],"texture":"#0","rotation":180,"tintindex":0}}}],"textures":{"particle":"#0","0":"modelengine:63a980e1-0dd7-47ee-98a4-d5adc5243c00"}}