{"display":{"head":{},"firstperson_righthand":{},"thirdperson_lefthand":{},"firstperson_lefthand":{},"fixed":{},"ground":{},"thirdperson_righthand":{},"gui":{"rotation":[-150.0,-45.0,180.0]}},"elements":[{"from":[10.889,5.207945,7.4122],"to":[13.240205,6.236595,9.7634],"faces":{"east":{"uv":[6.0,11.75,7.125,12.25],"texture":"#0","tintindex":0},"south":{"uv":[11.75,6.0,12.875,6.5],"texture":"#0","tintindex":0},"north":{"uv":[11.75,5.5,12.875,6.0],"texture":"#0","tintindex":0},"west":{"uv":[11.75,6.5,12.875,7.0],"texture":"#0","tintindex":0},"up":{"uv":[3.125,11.625,2.0,10.5],"texture":"#0","tintindex":0},"down":{"uv":[6.375,10.5,5.25,11.625],"texture":"#0","tintindex":0}}},{"from":[3.885395,-2.6105452,7.4122],"to":[6.2366,-1.5818949,9.7634],"faces":{"east":{"uv":[2.0,11.75,3.125,12.25],"texture":"#0","tintindex":0},"south":{"uv":[4.75,11.75,5.875,12.25],"texture":"#0","tintindex":0},"north":{"uv":[11.5,4.5,12.625,5.0],"texture":"#0","tintindex":0},"west":{"uv":[11.75,5.0,12.875,5.5],"texture":"#0","tintindex":0},"up":{"uv":[10.625,7.375,9.5,6.25],"texture":"#0","tintindex":0},"down":{"uv":[10.625,7.5,9.5,8.625],"texture":"#0","tintindex":0}}},{"from":[10.939,-2.6105452,7.4122],"to":[12.702405,0.916255,9.7634],"faces":{"east":{"uv":[5.25,8.75,6.375,10.5],"texture":"#0","tintindex":0},"south":{"uv":[1.0,9.25,1.875,11.0],"texture":"#0","tintindex":0},"north":{"uv":[0.0,9.25,0.875,11.0],"texture":"#0","tintindex":0},"west":{"uv":[6.5,8.75,7.625,10.5],"texture":"#0","tintindex":0},"up":{"uv":[11.625,6.125,10.75,5.0],"texture":"#0","tintindex":0},"down":{"uv":[11.625,6.25,10.75,7.375],"texture":"#0","tintindex":0}}},{"from":[12.702405,-0.25934505,7.4122],"to":[13.878005,1.504055,9.7634],"faces":{"east":{"uv":[10.75,11.0,11.875,11.875],"texture":"#0","tintindex":0},"south":{"uv":[11.75,8.0,12.375,8.875],"texture":"#0","tintindex":0},"north":{"uv":[8.0,11.75,8.625,12.625],"texture":"#0","tintindex":0},"west":{"uv":[9.0,11.25,10.125,12.125],"texture":"#0","tintindex":0},"up":{"uv":[12.125,4.375,11.5,3.25],"texture":"#0","tintindex":0},"down":{"uv":[4.625,11.5,4.0,12.625],"texture":"#0","tintindex":0}}},{"from":[6.2366,0.916255,7.4122],"to":[12.702405,3.2674599,9.7634],"faces":{"east":{"uv":[9.5,8.75,10.625,9.875],"texture":"#0","tintindex":0},"south":{"uv":[8.25,1.25,11.5,2.375],"texture":"#0","tintindex":0},"north":{"uv":[0.0,8.0,3.25,9.125],"texture":"#0","tintindex":0},"west":{"uv":[9.5,10.0,10.625,11.125],"texture":"#0","tintindex":0},"up":{"uv":[11.5,3.625,8.25,2.5],"texture":"#0","tintindex":0},"down":{"uv":[11.5,3.75,8.25,4.875],"texture":"#0","tintindex":0}}},{"from":[4.473195,0.916255,7.4122],"to":[6.2366,6.20646,9.7634],"faces":{"east":{"uv":[8.25,5.0,9.375,7.625],"texture":"#0","tintindex":0},"south":{"uv":[4.25,8.75,5.125,11.375],"texture":"#0","tintindex":0},"north":{"uv":[3.25,8.75,4.125,11.375],"texture":"#0","tintindex":0},"west":{"uv":[8.25,7.75,9.375,10.375],"texture":"#0","tintindex":0},"up":{"uv":[11.625,8.625,10.75,7.5],"texture":"#0","tintindex":0},"down":{"uv":[11.625,8.75,10.75,9.875],"texture":"#0","tintindex":0}}},{"from":[7.7061,-6.13735,7.5591497],"to":[9.4695,9.66905,9.616449],"faces":{"east":{"uv":[0.0,0.0,1.0,7.875],"texture":"#0","tintindex":0},"south":{"uv":[3.0,0.0,3.875,7.875],"texture":"#0","tintindex":0},"north":{"uv":[2.0,0.0,2.875,7.875],"texture":"#0","tintindex":0},"west":{"uv":[1.0,0.0,2.0,7.875],"texture":"#0","tintindex":0},"up":{"uv":[12.375,2.25,11.5,1.25],"texture":"#0","tintindex":0},"down":{"uv":[12.375,2.25,11.5,3.25],"texture":"#0","tintindex":0}}},{"from":[4.473195,6.236595,7.4122],"to":[12.702405,8.5878,9.7634],"faces":{"east":{"uv":[6.5,10.5,7.625,11.625],"texture":"#0","tintindex":0},"south":{"uv":[4.0,6.25,8.125,7.375],"texture":"#0","tintindex":0},"north":{"uv":[4.0,5.0,8.125,6.125],"texture":"#0","tintindex":0},"west":{"uv":[7.75,10.5,8.875,11.625],"texture":"#0","tintindex":0},"up":{"uv":[8.125,8.625,4.0,7.5],"texture":"#0","tintindex":0},"down":{"uv":[12.375,0.0,8.25,1.125],"texture":"#0","tintindex":0}}},{"from":[4.473195,-4.96175,7.4122],"to":[12.702405,-2.6105452,9.7634],"faces":{"east":{"uv":[2.0,9.25,3.125,10.375],"texture":"#0","tintindex":0},"south":{"uv":[4.0,1.25,8.125,2.375],"texture":"#0","tintindex":0},"north":{"uv":[4.0,0.0,8.125,1.125],"texture":"#0","tintindex":0},"west":{"uv":[9.5,5.0,10.625,6.125],"texture":"#0","tintindex":0},"up":{"uv":[8.125,3.625,4.0,2.5],"texture":"#0","tintindex":0},"down":{"uv":[8.125,3.75,4.0,4.875],"texture":"#0","tintindex":0}}},{"from":[3.297595,2.679655,7.4122],"to":[4.473195,4.44306,9.7634],"faces":{"east":{"uv":[10.75,10.0,11.875,10.875],"texture":"#0","tintindex":0},"south":{"uv":[7.25,11.75,7.875,12.625],"texture":"#0","tintindex":0},"north":{"uv":[11.75,7.0,12.375,7.875],"texture":"#0","tintindex":0},"west":{"uv":[0.0,11.0,1.125,11.875],"texture":"#0","tintindex":0},"up":{"uv":[1.875,12.125,1.25,11.0],"texture":"#0","tintindex":0},"down":{"uv":[3.875,11.5,3.25,12.625],"texture":"#0","tintindex":0}}}],"textures":{"particle":"#0","0":"modelengine:b3249e86-9619-48b0-a595-af0a1f5d6b95"}}