{"display":{"head":{},"firstperson_righthand":{},"thirdperson_lefthand":{},"firstperson_lefthand":{},"fixed":{},"ground":{},"thirdperson_righthand":{},"gui":{"rotation":[-150.0,-45.0,180.0]}},"elements":[{"from":[18.85541,-1.4887123,5.40435],"to":[20.36291,-0.4837122,5.90685],"rotation":{"origin":[16.000536,15.636262,6.5918417],"axis":"z","angle":-45.0},"faces":{"east":{"uv":[6.75,9.5,6.25,9.75],"texture":"#1","rotation":90,"tintindex":0},"south":{"uv":[6.25,10.25,6.75,9.5],"texture":"#1","rotation":270,"tintindex":0},"north":{"uv":[6.25,9.5,6.75,10.25],"texture":"#1","rotation":270,"tintindex":0},"west":{"uv":[6.25,10.0,6.75,10.25],"texture":"#1","rotation":270,"tintindex":0},"up":{"uv":[6.5,9.5,6.75,10.25],"texture":"#1","rotation":90,"tintindex":0},"down":{"uv":[6.25,9.5,6.5,10.25],"texture":"#1","rotation":90,"tintindex":0}}},{"from":[16.342909,-2.996212,5.40435],"to":[16.84541,-2.4937124,5.90685],"rotation":{"origin":[16.000536,15.636262,6.5918417],"axis":"z","angle":-45.0},"faces":{"east":{"uv":[5.75,11.25,5.5,11.5],"texture":"#1","rotation":90,"tintindex":0},"south":{"uv":[5.5,11.5,5.75,11.25],"texture":"#1","rotation":270,"tintindex":0},"north":{"uv":[5.5,11.25,5.75,11.5],"texture":"#1","rotation":270,"tintindex":0},"west":{"uv":[5.5,11.25,5.75,11.5],"texture":"#1","rotation":270,"tintindex":0},"up":{"uv":[5.5,11.25,5.75,11.5],"texture":"#1","rotation":90,"tintindex":0},"down":{"uv":[5.5,11.25,5.75,11.5],"texture":"#1","rotation":90,"tintindex":0}}},{"from":[15.33791,4.5412874,5.40435],"to":[16.342909,5.0437875,5.90685],"rotation":{"origin":[16.000536,15.636262,6.5918417],"axis":"z","angle":-45.0},"faces":{"east":{"uv":[9.5,11.5,9.25,11.75],"texture":"#1","rotation":90,"tintindex":0},"south":{"uv":[9.25,12.0,9.5,11.5],"texture":"#1","rotation":270,"tintindex":0},"north":{"uv":[9.25,11.5,9.5,12.0],"texture":"#1","rotation":270,"tintindex":0},"west":{"uv":[9.25,11.75,9.5,12.0],"texture":"#1","rotation":270,"tintindex":0},"up":{"uv":[9.25,11.5,9.5,12.0],"texture":"#1","rotation":90,"tintindex":0},"down":{"uv":[9.25,11.5,9.5,12.0],"texture":"#1","rotation":90,"tintindex":0}}},{"from":[15.33791,3.0337877,5.40435],"to":[22.875408,3.5362873,5.90685],"rotation":{"origin":[16.000536,15.636262,6.5918417],"axis":"z","angle":-45.0},"faces":{"east":{"uv":[8.75,8.25,8.5,8.5],"texture":"#1","rotation":90,"tintindex":0},"south":{"uv":[8.5,12.0,8.75,8.25],"texture":"#1","rotation":270,"tintindex":0},"north":{"uv":[8.5,8.25,8.75,12.0],"texture":"#1","rotation":270,"tintindex":0},"west":{"uv":[8.5,11.75,8.75,12.0],"texture":"#1","rotation":270,"tintindex":0},"up":{"uv":[8.5,8.25,8.75,12.0],"texture":"#1","rotation":90,"tintindex":0},"down":{"uv":[8.5,8.25,8.75,12.0],"texture":"#1","rotation":90,"tintindex":0}}},{"from":[16.342909,-1.4887123,5.40435],"to":[16.84541,1.0237875,5.90685],"rotation":{"origin":[16.000536,15.636262,6.5918417],"axis":"z","angle":-45.0},"faces":{"east":{"uv":[7.5,11.25,6.25,11.5],"texture":"#1","rotation":90,"tintindex":0},"south":{"uv":[6.25,11.5,7.5,11.25],"texture":"#1","rotation":270,"tintindex":0},"north":{"uv":[6.25,11.25,7.5,11.5],"texture":"#1","rotation":270,"tintindex":0},"west":{"uv":[6.25,11.25,7.5,11.5],"texture":"#1","rotation":270,"tintindex":0},"up":{"uv":[7.25,11.25,7.5,11.5],"texture":"#1","rotation":90,"tintindex":0},"down":{"uv":[6.25,11.25,6.5,11.5],"texture":"#1","rotation":90,"tintindex":0}}},{"from":[15.840409,-1.9912128,5.40435],"to":[19.860409,-1.4887123,5.90685],"rotation":{"origin":[16.000536,15.636262,6.5918417],"axis":"z","angle":-45.0},"faces":{"east":{"uv":[6.25,9.75,6.0,10.0],"texture":"#1","rotation":90,"tintindex":0},"south":{"uv":[6.0,11.75,6.25,9.75],"texture":"#1","rotation":270,"tintindex":0},"north":{"uv":[6.0,9.75,6.25,11.75],"texture":"#1","rotation":270,"tintindex":0},"west":{"uv":[6.0,11.5,6.25,11.75],"texture":"#1","rotation":270,"tintindex":0},"up":{"uv":[6.0,9.75,6.25,11.75],"texture":"#1","rotation":90,"tintindex":0},"down":{"uv":[6.0,9.75,6.25,11.75],"texture":"#1","rotation":90,"tintindex":0}}},{"from":[20.86541,1.0237875,5.40435],"to":[22.37291,2.5312877,5.90685],"rotation":{"origin":[16.000536,15.636262,6.5918417],"axis":"z","angle":-45.0},"faces":{"east":{"uv":[8.25,8.5,7.5,8.75],"texture":"#1","rotation":90,"tintindex":0},"south":{"uv":[7.5,9.25,8.25,8.5],"texture":"#1","rotation":270,"tintindex":0},"north":{"uv":[7.5,8.5,8.25,9.25],"texture":"#1","rotation":270,"tintindex":0},"west":{"uv":[7.5,9.0,8.25,9.25],"texture":"#1","rotation":270,"tintindex":0},"up":{"uv":[8.0,8.5,8.25,9.25],"texture":"#1","rotation":90,"tintindex":0},"down":{"uv":[7.5,8.5,7.75,9.25],"texture":"#1","rotation":90,"tintindex":0}}},{"from":[14.835409,4.038788,5.40435],"to":[16.84541,4.5412874,5.90685],"rotation":{"origin":[16.000536,15.636262,6.5918417],"axis":"z","angle":-45.0},"faces":{"east":{"uv":[9.25,11.25,9.0,11.5],"texture":"#1","rotation":90,"tintindex":0},"south":{"uv":[9.0,12.25,9.25,11.25],"texture":"#1","rotation":270,"tintindex":0},"north":{"uv":[9.0,11.25,9.25,12.25],"texture":"#1","rotation":270,"tintindex":0},"west":{"uv":[9.0,12.0,9.25,12.25],"texture":"#1","rotation":270,"tintindex":0},"up":{"uv":[9.0,11.25,9.25,12.25],"texture":"#1","rotation":90,"tintindex":0},"down":{"uv":[9.0,11.25,9.25,12.25],"texture":"#1","rotation":90,"tintindex":0}}},{"from":[16.342909,2.0287876,5.40435],"to":[19.35791,2.5312877,5.90685],"rotation":{"origin":[16.000536,15.636262,6.5918417],"axis":"z","angle":-45.0},"faces":{"east":{"uv":[8.25,10.0,8.0,10.25],"texture":"#1","rotation":90,"tintindex":0},"south":{"uv":[8.0,11.5,8.25,10.0],"texture":"#1","rotation":270,"tintindex":0},"north":{"uv":[8.0,10.0,8.25,11.5],"texture":"#1","rotation":270,"tintindex":0},"west":{"uv":[8.0,11.25,8.25,11.5],"texture":"#1","rotation":270,"tintindex":0},"up":{"uv":[8.0,10.0,8.25,11.5],"texture":"#1","rotation":90,"tintindex":0},"down":{"uv":[8.0,10.0,8.25,11.5],"texture":"#1","rotation":90,"tintindex":0}}},{"from":[17.85041,-1.4887123,5.40435],"to":[18.85541,-0.98621273,5.90685],"rotation":{"origin":[16.000536,15.636262,6.5918417],"axis":"z","angle":-45.0},"faces":{"east":{"uv":[6.5,10.25,6.25,10.5],"texture":"#1","rotation":90,"tintindex":0},"south":{"uv":[6.25,10.75,6.5,10.25],"texture":"#1","rotation":270,"tintindex":0},"north":{"uv":[6.25,10.25,6.5,10.75],"texture":"#1","rotation":270,"tintindex":0},"west":{"uv":[6.25,10.5,6.5,10.75],"texture":"#1","rotation":270,"tintindex":0},"up":{"uv":[6.25,10.25,6.5,10.75],"texture":"#1","rotation":90,"tintindex":0},"down":{"uv":[6.25,10.25,6.5,10.75],"texture":"#1","rotation":90,"tintindex":0}}},{"from":[21.367908,2.5312877,5.40435],"to":[22.37291,3.0337877,5.90685],"rotation":{"origin":[16.000536,15.636262,6.5918417],"axis":"z","angle":-45.0},"faces":{"east":{"uv":[8.5,8.5,8.25,8.75],"texture":"#1","rotation":90,"tintindex":0},"south":{"uv":[8.25,9.0,8.5,8.5],"texture":"#1","rotation":270,"tintindex":0},"north":{"uv":[8.25,8.5,8.5,9.0],"texture":"#1","rotation":270,"tintindex":0},"west":{"uv":[8.25,8.75,8.5,9.0],"texture":"#1","rotation":270,"tintindex":0},"up":{"uv":[8.25,8.5,8.5,9.0],"texture":"#1","rotation":90,"tintindex":0},"down":{"uv":[8.25,8.5,8.5,9.0],"texture":"#1","rotation":90,"tintindex":0}}},{"from":[20.36291,-1.9912128,5.40435],"to":[21.870409,-0.4837122,5.90685],"rotation":{"origin":[16.000536,15.636262,6.5918417],"axis":"z","angle":-45.0},"faces":{"east":{"uv":[6.75,8.75,6.0,9.0],"texture":"#1","rotation":90,"tintindex":0},"south":{"uv":[6.0,9.5,6.75,8.75],"texture":"#1","rotation":270,"tintindex":0},"north":{"uv":[6.0,8.75,6.75,9.5],"texture":"#1","rotation":270,"tintindex":0},"west":{"uv":[6.0,9.25,6.75,9.5],"texture":"#1","rotation":270,"tintindex":0},"up":{"uv":[6.5,8.75,6.75,9.5],"texture":"#1","rotation":90,"tintindex":0},"down":{"uv":[6.0,8.75,6.25,9.5],"texture":"#1","rotation":90,"tintindex":0}}},{"from":[16.342909,1.5262876,5.40435],"to":[19.860409,2.0287876,5.90685],"rotation":{"origin":[16.000536,15.636262,6.5918417],"axis":"z","angle":-45.0},"faces":{"east":{"uv":[8.0,9.75,7.75,10.0],"texture":"#1","rotation":90,"tintindex":0},"south":{"uv":[7.75,11.5,8.0,9.75],"texture":"#1","rotation":270,"tintindex":0},"north":{"uv":[7.75,9.75,8.0,11.5],"texture":"#1","rotation":270,"tintindex":0},"west":{"uv":[7.75,11.25,8.0,11.5],"texture":"#1","rotation":270,"tintindex":0},"up":{"uv":[7.75,9.75,8.0,11.5],"texture":"#1","rotation":90,"tintindex":0},"down":{"uv":[7.75,9.75,8.0,11.5],"texture":"#1","rotation":90,"tintindex":0}}},{"from":[18.35291,-0.4837122,5.40435],"to":[21.367908,0.01878786,5.90685],"rotation":{"origin":[16.000536,15.636262,6.5918417],"axis":"z","angle":-45.0},"faces":{"east":{"uv":[7.0,9.0,6.75,9.25],"texture":"#1","rotation":90,"tintindex":0},"south":{"uv":[6.75,10.5,7.0,9.0],"texture":"#1","rotation":270,"tintindex":0},"north":{"uv":[6.75,9.0,7.0,10.5],"texture":"#1","rotation":270,"tintindex":0},"west":{"uv":[6.75,10.25,7.0,10.5],"texture":"#1","rotation":270,"tintindex":0},"up":{"uv":[6.75,9.0,7.0,10.5],"texture":"#1","rotation":90,"tintindex":0},"down":{"uv":[6.75,9.0,7.0,10.5],"texture":"#1","rotation":90,"tintindex":0}}},{"from":[7.005,5.0,6.0],"to":[9.005,8.0,8.0],"faces":{"east":{"uv":[4.0,6.5,5.0,8.0],"texture":"#3","tintindex":0},"south":{"uv":[5.0,6.5,6.0,8.0],"texture":"#3","tintindex":0},"north":{"uv":[3.0,6.5,4.0,8.0],"texture":"#3","tintindex":0},"west":{"uv":[6.0,6.5,7.0,8.0],"texture":"#3","tintindex":0},"up":{"uv":[9.0,5.5,8.0,4.5],"texture":"#3","tintindex":0},"down":{"uv":[6.0,8.0,5.0,9.0],"texture":"#3","tintindex":0}}},{"from":[16.342909,1.0237875,5.40435],"to":[20.36291,1.5262876,5.90685],"rotation":{"origin":[16.000536,15.636262,6.5918417],"axis":"z","angle":-45.0},"faces":{"east":{"uv":[7.75,9.5,7.5,9.75],"texture":"#1","rotation":90,"tintindex":0},"south":{"uv":[7.5,11.5,7.75,9.5],"texture":"#1","rotation":270,"tintindex":0},"north":{"uv":[7.5,9.5,7.75,11.5],"texture":"#1","rotation":270,"tintindex":0},"west":{"uv":[7.5,11.25,7.75,11.5],"texture":"#1","rotation":270,"tintindex":0},"up":{"uv":[7.5,9.5,7.75,11.5],"texture":"#1","rotation":90,"tintindex":0},"down":{"uv":[7.5,9.5,7.75,11.5],"texture":"#1","rotation":90,"tintindex":0}}},{"from":[15.840409,2.5312877,5.40435],"to":[18.85541,3.0337877,5.90685],"rotation":{"origin":[16.000536,15.636262,6.5918417],"axis":"z","angle":-45.0},"faces":{"east":{"uv":[8.5,10.25,8.25,10.5],"texture":"#1","rotation":90,"tintindex":0},"south":{"uv":[8.25,11.75,8.5,10.25],"texture":"#1","rotation":270,"tintindex":0},"north":{"uv":[8.25,10.25,8.5,11.75],"texture":"#1","rotation":270,"tintindex":0},"west":{"uv":[8.25,11.5,8.5,11.75],"texture":"#1","rotation":270,"tintindex":0},"up":{"uv":[8.25,10.25,8.5,11.75],"texture":"#1","rotation":90,"tintindex":0},"down":{"uv":[8.25,10.25,8.5,11.75],"texture":"#1","rotation":90,"tintindex":0}}},{"from":[17.85041,0.01878786,5.40435],"to":[21.870409,1.0237875,5.90685],"rotation":{"origin":[16.000536,15.636262,6.5918417],"axis":"z","angle":-45.0},"faces":{"east":{"uv":[7.5,8.75,7.0,9.0],"texture":"#1","rotation":90,"tintindex":0},"south":{"uv":[7.0,10.75,7.5,8.75],"texture":"#1","rotation":270,"tintindex":0},"north":{"uv":[7.0,8.75,7.5,10.75],"texture":"#1","rotation":270,"tintindex":0},"west":{"uv":[7.0,10.5,7.5,10.75],"texture":"#1","rotation":270,"tintindex":0},"up":{"uv":[7.25,8.75,7.5,10.75],"texture":"#1","rotation":90,"tintindex":0},"down":{"uv":[7.0,8.75,7.25,10.75],"texture":"#1","rotation":90,"tintindex":0}}},{"from":[21.367908,3.5362873,5.40435],"to":[22.37291,4.038788,5.90685],"rotation":{"origin":[16.000536,15.636262,6.5918417],"axis":"z","angle":-45.0},"faces":{"east":{"uv":[9.0,8.5,8.75,8.75],"texture":"#1","rotation":90,"tintindex":0},"south":{"uv":[8.75,9.0,9.0,8.5],"texture":"#1","rotation":270,"tintindex":0},"north":{"uv":[8.75,8.5,9.0,9.0],"texture":"#1","rotation":270,"tintindex":0},"west":{"uv":[8.75,8.75,9.0,9.0],"texture":"#1","rotation":270,"tintindex":0},"up":{"uv":[8.75,8.5,9.0,9.0],"texture":"#1","rotation":90,"tintindex":0},"down":{"uv":[8.75,8.5,9.0,9.0],"texture":"#1","rotation":90,"tintindex":0}}},{"from":[15.840409,-2.4937124,5.40435],"to":[18.85541,-1.9912128,5.90685],"rotation":{"origin":[16.000536,15.636262,6.5918417],"axis":"z","angle":-45.0},"faces":{"east":{"uv":[6.0,10.25,5.75,10.5],"texture":"#1","rotation":90,"tintindex":0},"south":{"uv":[5.75,11.75,6.0,10.25],"texture":"#1","rotation":270,"tintindex":0},"north":{"uv":[5.75,10.25,6.0,11.75],"texture":"#1","rotation":270,"tintindex":0},"west":{"uv":[5.75,11.5,6.0,11.75],"texture":"#1","rotation":270,"tintindex":0},"up":{"uv":[5.75,10.25,6.0,11.75],"texture":"#1","rotation":90,"tintindex":0},"down":{"uv":[5.75,10.25,6.0,11.75],"texture":"#1","rotation":90,"tintindex":0}}},{"from":[17.34791,0.52128744,5.40435],"to":[17.85041,1.0237875,5.90685],"rotation":{"origin":[16.000536,15.636262,6.5918417],"axis":"z","angle":-45.0},"faces":{"east":{"uv":[7.5,10.75,7.25,11.0],"texture":"#1","rotation":90,"tintindex":0},"south":{"uv":[7.25,11.0,7.5,10.75],"texture":"#1","rotation":270,"tintindex":0},"north":{"uv":[7.25,10.75,7.5,11.0],"texture":"#1","rotation":270,"tintindex":0},"west":{"uv":[7.25,10.75,7.5,11.0],"texture":"#1","rotation":270,"tintindex":0},"up":{"uv":[7.25,10.75,7.5,11.0],"texture":"#1","rotation":90,"tintindex":0},"down":{"uv":[7.25,10.75,7.5,11.0],"texture":"#1","rotation":90,"tintindex":0}}},{"from":[14.835409,3.5362873,5.40435],"to":[17.34791,4.038788,5.90685],"rotation":{"origin":[16.000536,15.636262,6.5918417],"axis":"z","angle":-45.0},"faces":{"east":{"uv":[9.0,11.0,8.75,11.25],"texture":"#1","rotation":90,"tintindex":0},"south":{"uv":[8.75,12.25,9.0,11.0],"texture":"#1","rotation":270,"tintindex":0},"north":{"uv":[8.75,11.0,9.0,12.25],"texture":"#1","rotation":270,"tintindex":0},"west":{"uv":[8.75,12.0,9.0,12.25],"texture":"#1","rotation":270,"tintindex":0},"up":{"uv":[8.75,11.0,9.0,12.25],"texture":"#1","rotation":90,"tintindex":0},"down":{"uv":[8.75,11.0,9.0,12.25],"texture":"#1","rotation":90,"tintindex":0}}}],"textures":{"particle":"#1","1":"modelengine:b3ddcdd8-f669-4749-bddf-558805990dca","3":"modelengine:45c1bcc9-56ef-4fd9-b46a-46c6fb6aa9a0"}}