{"display":{"head":{},"firstperson_righthand":{},"thirdperson_lefthand":{},"firstperson_lefthand":{},"fixed":{},"ground":{},"thirdperson_righthand":{},"gui":{"rotation":[-150.0,-45.0,180.0]}},"elements":[{"from":[4.0,3.0,6.0],"to":[7.5,9.0,9.5],"faces":{"east":{"uv":[8.0,3.5,7.0,5.0],"texture":"#0","tintindex":0},"south":{"uv":[8.0,2.0,7.0,3.5],"texture":"#0","tintindex":0},"north":{"uv":[1.0,7.0,0.0,8.5],"texture":"#0","tintindex":0},"west":{"uv":[2.0,7.0,1.0,8.5],"texture":"#0","tintindex":0},"up":{"uv":[8.0,6.5,9.0,5.5],"texture":"#0","tintindex":0},"down":{"uv":[6.0,8.0,7.0,9.0],"texture":"#0","tintindex":0}}}],"textures":{"particle":"#0","0":"modelengine:2b5ac86b-b052-445c-9700-f2dbdb4241e3"}}