{"display":{"head":{},"firstperson_righthand":{},"thirdperson_lefthand":{},"firstperson_lefthand":{},"fixed":{},"ground":{},"thirdperson_righthand":{},"gui":{"rotation":[-150.0,-45.0,180.0]}},"elements":[{"from":[-9.75,8.0,-9.75],"to":[25.75,8.0,25.75],"faces":{"east":{"uv":[0.0,0.0,64.0,64.0],"texture":"#6","tintindex":0},"south":{"uv":[0.0,0.0,64.0,64.0],"texture":"#6","tintindex":0},"north":{"uv":[0.0,0.0,64.0,64.0],"texture":"#6","tintindex":0},"west":{"uv":[0.0,0.0,64.0,64.0],"texture":"#6","tintindex":0},"up":{"uv":[0.0,0.0,16.0,16.0],"texture":"#6","tintindex":0},"down":{"uv":[0.0,16.0,16.0,0.0],"texture":"#6","tintindex":0}}}],"textures":{"particle":"#6","6":"modelengine:baedc3db-683e-42af-a8d7-de20432337b3"}}