{"display":{"head":{},"firstperson_righthand":{},"thirdperson_lefthand":{},"firstperson_lefthand":{},"fixed":{},"ground":{},"thirdperson_righthand":{},"gui":{"rotation":[-150.0,-45.0,180.0]}},"elements":[{"from":[6.01,2.0,8.0],"to":[9.51,8.0,11.5],"faces":{"east":{"uv":[9.0,1.5,8.0,3.0],"texture":"#0","tintindex":0},"south":{"uv":[9.0,0.0,8.0,1.5],"texture":"#0","tintindex":0},"north":{"uv":[8.0,5.0,7.0,6.5],"texture":"#0","tintindex":0},"west":{"uv":[8.0,6.5,7.0,8.0],"texture":"#0","tintindex":0},"up":{"uv":[8.0,7.5,9.0,6.5],"texture":"#0","tintindex":0},"down":{"uv":[7.0,8.0,8.0,9.0],"texture":"#0","tintindex":0}}}],"textures":{"particle":"#0","0":"modelengine:2b5ac86b-b052-445c-9700-f2dbdb4241e3"}}