{"display":{"head":{},"firstperson_righthand":{},"thirdperson_lefthand":{},"firstperson_lefthand":{},"fixed":{},"ground":{},"thirdperson_righthand":{},"gui":{"rotation":[-150.0,-45.0,180.0]}},"elements":[{"from":[4.0,7.75,8.25],"to":[12.0,23.75,8.25],"faces":{"south":{"uv":[2.6666667,0.0,5.3333335,5.3333335],"texture":"#1","tintindex":0},"north":{"uv":[0.0,0.0,2.6666667,5.3333335],"texture":"#1","tintindex":0}}}],"textures":{"particle":"#1","1":"modelengine:5324a041-6b53-4444-8199-bc56e75a9d21"}}