{"display":{"head":{},"firstperson_righthand":{},"thirdperson_lefthand":{},"firstperson_lefthand":{},"fixed":{},"ground":{},"thirdperson_righthand":{},"gui":{"rotation":[-150.0,-45.0,180.0]}},"elements":[{"from":[5.5,8.5,8.0],"to":[10.5,12.5,8.0],"faces":{"south":{"uv":[11.0,2.5,13.5,4.5],"texture":"#1","tintindex":0},"north":{"uv":[11.0,4.5,13.5,6.5],"texture":"#1","tintindex":0}}},{"from":[6.0,7.5,6.0],"to":[10.0,8.5,10.0],"faces":{"east":{"uv":[3.0,14.0,5.0,14.5],"texture":"#1","tintindex":0},"south":{"uv":[5.0,14.0,7.0,14.5],"texture":"#1","tintindex":0},"north":{"uv":[13.5,6.0,15.5,6.5],"texture":"#1","tintindex":0},"west":{"uv":[3.0,14.5,5.0,15.0],"texture":"#1","tintindex":0},"up":{"uv":[15.0,8.5,13.0,6.5],"texture":"#1","tintindex":0},"down":{"uv":[15.0,8.5,13.0,10.5],"texture":"#1","tintindex":0}}},{"from":[8.0,8.5,6.0],"to":[8.0,12.5,10.0],"faces":{"east":{"uv":[11.0,2.5,13.5,4.5],"texture":"#1","tintindex":0},"south":{"uv":[11.0,2.5,13.5,4.5],"texture":"#1","tintindex":0},"north":{"uv":[11.0,4.5,13.5,6.5],"texture":"#1","tintindex":0},"west":{"uv":[11.0,4.5,13.5,6.5],"texture":"#1","tintindex":0}}}],"textures":{"particle":"#1","1":"modelengine:b5c21cdf-2e2a-4461-b4a3-fcd84c427f41"}}