{"display":{"head":{},"firstperson_righthand":{},"thirdperson_lefthand":{},"firstperson_lefthand":{},"fixed":{},"ground":{},"thirdperson_righthand":{},"gui":{"rotation":[-150.0,-45.0,180.0]}},"elements":[{"from":[5.5,5.5,5.5],"to":[10.5,10.5,10.5],"faces":{"east":{"uv":[8.5,0.0,11.0,2.5],"texture":"#1","tintindex":0},"south":{"uv":[8.5,0.0,11.0,2.5],"texture":"#1","tintindex":0},"north":{"uv":[8.5,0.0,11.0,2.5],"texture":"#1","tintindex":0},"west":{"uv":[8.5,0.0,11.0,2.5],"texture":"#1","tintindex":0},"up":{"uv":[11.0,5.0,8.5,2.5],"texture":"#1","tintindex":0},"down":{"uv":[11.0,5.0,8.5,7.5],"texture":"#1","tintindex":0}}},{"from":[6.0,8.0,6.0],"to":[10.0,24.0,10.0],"faces":{"east":{"uv":[0.0,0.0,2.0,8.0],"texture":"#1","tintindex":0},"south":{"uv":[0.0,0.0,2.0,8.0],"texture":"#1","tintindex":0},"north":{"uv":[0.0,0.0,2.0,8.0],"texture":"#1","tintindex":0},"west":{"uv":[0.0,0.0,2.0,8.0],"texture":"#1","tintindex":0},"up":{"uv":[13.0,8.5,11.0,6.5],"texture":"#1","tintindex":0},"down":{"uv":[13.0,8.5,11.0,10.5],"texture":"#1","tintindex":0}}}],"textures":{"particle":"#1","1":"modelengine:b5c21cdf-2e2a-4461-b4a3-fcd84c427f41"}}