{"display":{"head":{},"firstperson_righthand":{},"thirdperson_lefthand":{},"firstperson_lefthand":{},"fixed":{},"ground":{},"thirdperson_righthand":{},"gui":{"rotation":[-150.0,-45.0,180.0]}},"elements":[{"from":[-8.0,8.0,1.0],"to":[8.0,8.0,15.0],"faces":{"up":{"uv":[12.333334,7.666667,9.666667,5.3333335],"texture":"#1","tintindex":0},"down":{"uv":[12.333334,7.666667,9.666667,10.0],"texture":"#1","tintindex":0}}}],"textures":{"particle":"#1","1":"modelengine:5324a041-6b53-4444-8199-bc56e75a9d21"}}