{"display":{"head":{},"firstperson_righthand":{},"thirdperson_lefthand":{},"firstperson_lefthand":{},"fixed":{},"ground":{},"thirdperson_righthand":{},"gui":{"rotation":[-150.0,-45.0,180.0]}},"elements":[{"from":[4.0,8.0,4.0],"to":[12.0,16.0,12.0],"faces":{"east":{"uv":[2.0,3.0,4.0,5.0],"texture":"#0","tintindex":0},"south":{"uv":[4.0,0.0,6.0,2.0],"texture":"#0","tintindex":0},"north":{"uv":[0.0,3.0,2.0,5.0],"texture":"#0","tintindex":0},"west":{"uv":[4.0,2.0,6.0,4.0],"texture":"#0","tintindex":0},"up":{"uv":[6.0,6.0,4.0,4.0],"texture":"#0","tintindex":0},"down":{"uv":[2.0,5.0,0.0,7.0],"texture":"#0","tintindex":0}}}],"textures":{"particle":"#0","0":"modelengine:f16e5d92-fce5-43a0-84c1-5e25802752f8"}}