{"display":{"head":{},"firstperson_righthand":{},"thirdperson_lefthand":{},"firstperson_lefthand":{},"fixed":{},"ground":{},"thirdperson_righthand":{},"gui":{"rotation":[-150.0,-45.0,180.0]}},"elements":[{"from":[8.0,3.0,6.0],"to":[12.0,9.0,10.0],"faces":{"east":{"uv":[1.0,7.0,2.0,8.5],"texture":"#0","tintindex":0},"south":{"uv":[7.0,2.0,8.0,3.5],"texture":"#0","tintindex":0},"north":{"uv":[0.0,7.0,1.0,8.5],"texture":"#0","tintindex":0},"west":{"uv":[7.0,3.5,8.0,5.0],"texture":"#0","tintindex":0},"up":{"uv":[9.0,6.5,8.0,5.5],"texture":"#0","tintindex":0},"down":{"uv":[7.0,8.0,6.0,9.0],"texture":"#0","tintindex":0}}}],"textures":{"particle":"#0","0":"modelengine:06275ae3-cd3c-4940-a703-5e8068114f32"}}