{"parent":"item/generated","display":{"thirdperson_righthand":{"rotation":[-80.0,260.0,-40.0],"translation":[-1.0,-2.0,2.5],"scale":[0.9,0.9,0.9]},"thirdperson_lefthand":{"rotation":[-80.0,-280.0,40.0],"translation":[-1.0,-2.0,2.5],"scale":[0.9,0.9,0.9]},"firstperson_righthand":{"rotation":[0.0,-90.0,25.0],"translation":[1.13,3.2,1.13],"scale":[0.68,0.68,0.68]},"firstperson_lefthand":{"rotation":[0.0,90.0,-25.0],"translation":[1.13,3.2,1.13],"scale":[0.68,0.68,0.68]}},"textures":{"layer0":"item/bow"},"overrides":[{"predicate":{"pulling":1},"model":"item/bow_pulling_0"},{"predicate":{"pulling":1,"pull":0.65},"model":"item/bow_pulling_1"},{"predicate":{"pulling":1,"pull":0.9},"model":"item/bow_pulling_2"},{"predicate":{"custom_model_data":1000},"model":"f43c7a25-2258-4ec1-b86c-794f766cc61f"},{"predicate":{"pulling":1.0,"pull":0.0,"custom_model_data":1000},"model":"d0bca3c1-63cc-4b3c-81e3-41060c96e4be"},{"predicate":{"pulling":1.0,"pull":0.65,"custom_model_data":1000},"model":"82798146-f12d-45c9-b5bf-d6f89fa23ce1"},{"predicate":{"pulling":1.0,"pull":0.9,"custom_model_data":1000},"model":"552e4c41-7578-46c0-9a42-ce4178806df4"}]}