{"parent":"item/handheld","textures":{"layer0":"item/diamond_pickaxe"},"overrides":[{"predicate":{"custom_model_data":1001},"model":"22376d74-5058-4ceb-a123-4bf22fa5e29e"},{"predicate":{"custom_model_data":1002},"model":"72ad5c8a-76da-4750-a570-4a6f176e7db4"},{"predicate":{"custom_model_data":1003},"model":"9542ba7b-43b0-4d52-8fbe-9856155aac71"},{"predicate":{"custom_model_data":1004},"model":"a3197238-1c6d-4b2a-ab09-07c08a0aac7c"},{"predicate":{"custom_model_data":1005},"model":"b5bc3a02-621b-4c23-9607-8b1744de5a0c"},{"predicate":{"custom_model_data":1006},"model":"660e08bb-d94f-4117-a944-8f76d26e3066"}]}