{"parent":"item/handheld","textures":{"layer0":"item/diamond_sword"},"overrides":[{"predicate":{"custom_model_data":1001},"model":"ad0bdf86-6114-4861-9a6a-b60d9ceb2773"},{"predicate":{"custom_model_data":1002},"model":"b6ab1415-4a91-45e8-8942-17e93d8acb6c"},{"predicate":{"custom_model_data":1003},"model":"dd4e630a-dd6c-419c-82ab-c4ac94e6a8c7"},{"predicate":{"custom_model_data":1004},"model":"faeaca05-b4c2-4442-aafb-f0dc1d0c96a1"},{"predicate":{"custom_model_data":1005},"model":"37df32fc-71e4-4266-8420-958a20386193"},{"predicate":{"custom_model_data":1006},"model":"0b90c0b0-93eb-4344-9de0-ea0e616e5c52"},{"predicate":{"custom_model_data":1007},"model":"6168a86d-35a5-48fa-909c-50abe58faca4"},{"predicate":{"custom_model_data":1008},"model":"2bb247b2-10c8-428c-ab6d-5041205d37d1"},{"predicate":{"custom_model_data":1009},"model":"1793e3da-6d5a-45a6-967a-53c4323297b7"},{"predicate":{"custom_model_data":1010},"model":"c1e05aa7-1980-4168-afb0-aaf77fae74b2"},{"predicate":{"custom_model_data":1011},"model":"4a4d5eda-823f-4d71-8cdc-92135986aa5a"},{"predicate":{"custom_model_data":1012},"model":"be4cc3fe-2337-46aa-82c5-93058aef0fef"}]}