{"parent":"item/generated","textures":{"layer0":"item/gold_nugget"},"overrides":[{"predicate":{"custom_model_data":500},"model":"bab67267-79f6-4445-a190-a3fbf15edb12"},{"predicate":{"custom_model_data":501},"model":"a12be2ba-830b-4e56-aa0f-0ca74de3f4fd"},{"predicate":{"custom_model_data":502},"model":"64f824a7-a5dc-4336-af94-3fb71400e086"},{"predicate":{"custom_model_data":503},"model":"f53d7e0f-4a6e-49ff-ae9b-69975eb61af8"},{"predicate":{"custom_model_data":504},"model":"f596875f-f9f9-4e3a-b5fd-29913bb469fa"},{"predicate":{"custom_model_data":505},"model":"54d39b02-5813-4ac1-82e3-ff7de6d29780"},{"predicate":{"custom_model_data":506},"model":"afa250f3-75a6-4bfa-87f2-a0604dad8dd8"},{"predicate":{"custom_model_data":507},"model":"0b2b280b-6e1a-4cc9-9984-b0d621add4e2"},{"predicate":{"custom_model_data":508},"model":"91bc8b66-ca14-4290-be2f-4eb960bb792a"}]}