{"parent":"item/generated","textures":{"layer0":"item/leather_horse_armor"},"overrides":[{"predicate":{"custom_model_data":1},"model":"bloons:balloons/balloon-dyeable"},{"predicate":{"custom_model_data":1},"model":"modelengine:20bf6060-43cd-4c24-a47a-ea90133c2d3f"},{"predicate":{"custom_model_data":45},"model":"modelengine:535eaee0-1dee-4ad9-bd5a-1edf1e4f4f86"},{"predicate":{"custom_model_data":52},"model":"modelengine:6ca05362-79da-41a3-b4eb-e0144ffb57cb"},{"predicate":{"custom_model_data":58},"model":"modelengine:3c588a08-e3a9-44d2-a28a-e6b47e5d79f8"},{"predicate":{"custom_model_data":59},"model":"modelengine:bf0c3ecd-b6a9-4fb6-9c60-ca938d10abe0"},{"predicate":{"custom_model_data":60},"model":"modelengine:d110857a-5709-4171-bf51-0ba5451504a2"},{"predicate":{"custom_model_data":61},"model":"modelengine:570db1be-dff5-4a4c-9406-91db46efdafd"},{"predicate":{"custom_model_data":67},"model":"modelengine:46d60ab8-73c9-4101-9688-6420d6748339"},{"predicate":{"custom_model_data":70},"model":"modelengine:7dce9991-47e0-4370-b629-df95fe9b3b19"},{"predicate":{"custom_model_data":82},"model":"modelengine:c24bd6e4-040c-4248-ad73-2969ff068fdf"},{"predicate":{"custom_model_data":87},"model":"modelengine:07f9fba1-b5d4-4dec-8928-212e12004c18"},{"predicate":{"custom_model_data":185},"model":"modelengine:29c29a6e-a728-4ef0-b044-e5a7531f3664"},{"predicate":{"custom_model_data":186},"model":"modelengine:505b5890-df31-4323-a244-ee998372f78e"},{"predicate":{"custom_model_data":187},"model":"modelengine:092e5d25-7ba9-4bd2-9349-551590d36193"},{"predicate":{"custom_model_data":188},"model":"modelengine:c905f980-4aff-4607-a1ea-bf977b1d3237"},{"predicate":{"custom_model_data":189},"model":"modelengine:2f5632b5-c812-41bf-857f-c8cf9be43da7"},{"predicate":{"custom_model_data":190},"model":"modelengine:ebe31346-2010-4f78-8493-4beefb1f1759"},{"predicate":{"custom_model_data":191},"model":"modelengine:f276a713-bad5-4427-b79e-c45bb377f47d"},{"predicate":{"custom_model_data":192},"model":"modelengine:dda6917f-efc1-4ac0-b145-9d617761f21b"},{"predicate":{"custom_model_data":193},"model":"modelengine:e58c9cda-a5e3-4041-aa77-b25a4642951e"},{"predicate":{"custom_model_data":194},"model":"modelengine:c2525836-92ca-469a-88c9-f65596e87192"},{"predicate":{"custom_model_data":195},"model":"modelengine:52adbf3e-7b26-4728-ba35-aef216692c73"}]}