{"parent":"item/generated","textures":{"layer0":"item/paper"},"overrides":[{"predicate":{"custom_model_data":1000},"model":"8a0fbae4-b32a-4b4e-acb6-0e98aa6dabf9"},{"predicate":{"custom_model_data":1001},"model":"493efbde-47e0-4248-95e1-33ce363093f3"},{"predicate":{"custom_model_data":1002},"model":"8117b622-e9bd-4f48-8e43-0b7261ba1dbb"},{"predicate":{"custom_model_data":1003},"model":"b96df8b3-74a6-4f2f-baa7-082909dddf37"},{"predicate":{"custom_model_data":1004},"model":"e335a723-3401-4247-b738-2cbe106be323"},{"predicate":{"custom_model_data":1005},"model":"5cb196bf-303b-482b-a720-4aa4ff19d2f9"},{"predicate":{"custom_model_data":1006},"model":"7bfd16e5-bd98-433c-92bf-b45393b5d85b"},{"predicate":{"custom_model_data":1007},"model":"dbf630b7-ac05-498d-8162-51841d95e4ff"},{"predicate":{"custom_model_data":1008},"model":"18315d3f-efd9-476e-9e91-604c2aa16a7d"},{"predicate":{"custom_model_data":1009},"model":"a6003b1e-f4f3-49ce-a1e0-ece88c03c3a4"},{"predicate":{"custom_model_data":1010},"model":"f24edcd4-64ba-468f-a0f4-380c26122cbb"},{"predicate":{"custom_model_data":1011},"model":"f215baf5-c73c-4d58-a20a-7b68bcb32e67"},{"predicate":{"custom_model_data":1012},"model":"9cab4fcd-9a00-4175-bcef-f54214b61db5"},{"predicate":{"custom_model_data":1013},"model":"914a9410-54d7-4d24-af7f-1e3f5e32f819"},{"predicate":{"custom_model_data":1014},"model":"5f383cea-ca2d-43e7-8625-498d84f55450"},{"predicate":{"custom_model_data":1015},"model":"b23674a6-9843-4c71-beae-43b0d6ff1b51"},{"predicate":{"custom_model_data":1016},"model":"4e3c0c63-c175-452d-af47-d2c3a3e3b7c7"},{"predicate":{"custom_model_data":1017},"model":"6729ac44-012c-4888-b261-e28d516c9a7f"},{"predicate":{"custom_model_data":1018},"model":"e3ecf962-dd42-4204-aa9a-93fb4c2c85a4"},{"predicate":{"custom_model_data":1019},"model":"219e5974-51e7-4e43-9430-29a1a08a84c7"},{"predicate":{"custom_model_data":1020},"model":"7a2f0b92-4842-4100-bf11-cc32c30da865"},{"predicate":{"custom_model_data":1021},"model":"93848dbb-e208-42d8-aa4c-1e9e7955635f"},{"predicate":{"custom_model_data":1022},"model":"78eb6e17-e185-483f-933b-d6a53a3c4250"},{"predicate":{"custom_model_data":1023},"model":"8a6912ae-1e25-4916-ac36-6539c14e25d6"},{"predicate":{"custom_model_data":1024},"model":"7a826520-55d0-4a85-b54c-b5d38752d3cb"},{"predicate":{"custom_model_data":1025},"model":"1fc1789c-cc4e-4742-828a-acefe6649fe8"},{"predicate":{"custom_model_data":1026},"model":"1bb49c91-c9b2-4bca-8568-8b97157b8cd5"},{"predicate":{"custom_model_data":1027},"model":"ad4e24ed-d076-4d6c-bdad-919f8445e6de"},{"predicate":{"custom_model_data":1028},"model":"9ba3dfd8-6aa4-4f8a-988e-61f75e199730"},{"predicate":{"custom_model_data":1029},"model":"0ceec860-8a07-44ae-90a2-dc4120a46c90"},{"predicate":{"custom_model_data":1030},"model":"57242714-0236-40d8-857d-e0889912506f"},{"predicate":{"custom_model_data":1031},"model":"9e5c741b-fde2-4ecd-8e85-be0f883b28e3"},{"predicate":{"custom_model_data":1032},"model":"5df5a826-c6cb-4dde-8a2c-4024713130c8"},{"predicate":{"custom_model_data":1033},"model":"9cf535d5-3d71-4181-983c-f616d740272e"},{"predicate":{"custom_model_data":1034},"model":"ddba85d3-66a5-401c-b5bf-58de584d1d19"},{"predicate":{"custom_model_data":1035},"model":"ac48ed01-b2ed-4c25-bf71-d9eb65a768ea"},{"predicate":{"custom_model_data":1036},"model":"a7d03310-37ce-4b73-9e8c-d17a98775efb"},{"predicate":{"custom_model_data":1037},"model":"d05352c7-cbcd-4ce3-80c5-eda49eb57eba"},{"predicate":{"custom_model_data":1038},"model":"b4b6a065-f49e-4645-b711-0f4edd888554"},{"predicate":{"custom_model_data":1039},"model":"c23b3aad-edbd-4e98-bc62-9a862dd58881"},{"predicate":{"custom_model_data":1040},"model":"block/fire_floor0"},{"predicate":{"custom_model_data":1041},"model":"1e4d3419-ef80-4da4-96b0-d44529bc99af"},{"predicate":{"custom_model_data":1042},"model":"be064361-d1ad-428f-91a4-aeb41a8ead34"},{"predicate":{"custom_model_data":1043},"model":"f405e407-2815-46f0-a79f-eae0028c3a3d"},{"predicate":{"custom_model_data":1044},"model":"e370540c-6a41-4d93-8ef6-df99c10f9f19"},{"predicate":{"custom_model_data":1045},"model":"4ac69b3a-6791-4a4e-b13c-c65f1bf72e00"},{"predicate":{"custom_model_data":1046},"model":"bf6b5847-e5c0-442e-8ec6-44f50973139b"},{"predicate":{"custom_model_data":1047},"model":"3995b8a1-e107-4e78-b083-aad13317b0cd"},{"predicate":{"custom_model_data":1048},"model":"8f95d2cc-dee7-44e8-b7e5-2c297c6e1ed9"},{"predicate":{"custom_model_data":1049},"model":"54c05d20-3b27-4174-9a89-e8fc8959d9e0"},{"predicate":{"custom_model_data":1050},"model":"238dd1b5-c38b-43ab-9422-5e7215af2e53"},{"predicate":{"custom_model_data":1051},"model":"4de00db0-ba3e-4678-bb8c-e8fe6a80c337"},{"predicate":{"custom_model_data":1052},"model":"cd315c0b-de72-4d5a-9fff-b51daecaf36b"},{"predicate":{"custom_model_data":1053},"model":"43686648-e045-4668-b988-a32e84814fa0"},{"predicate":{"custom_model_data":1054},"model":"db11622d-442a-46a6-b982-61fd4228c753"},{"predicate":{"custom_model_data":1055},"model":"b0d22f7a-5ce2-4d43-ad5f-17ae9a56e177"},{"predicate":{"custom_model_data":1056},"model":"91e14238-7211-4a06-bafc-68c69e7f7266"},{"predicate":{"custom_model_data":1057},"model":"7a429e77-ad6e-4795-b6ee-a826f91bce32"},{"predicate":{"custom_model_data":1058},"model":"nexo:123c0842-c446-428b-817c-c2773aa7000d"},{"predicate":{"custom_model_data":1059},"model":"nexo:3c1e7ce9-4b9f-4844-aa72-1658cf3ba876"},{"predicate":{"custom_model_data":1060},"model":"nexo:353a9302-2203-49ec-bb36-758cc2dc5651"},{"predicate":{"custom_model_data":1061},"model":"nexo:000541de-9794-4ab5-9df4-7649c83c841f"},{"predicate":{"custom_model_data":1062},"model":"nexo:4f026eae-c906-4008-9c33-10054e2e5c1c"},{"predicate":{"custom_model_data":1063},"model":"nexo:2df5147e-720f-4427-ad10-b7ea48d0e3e7"},{"predicate":{"custom_model_data":1064},"model":"nexo:ea2dad00-8c8a-4822-9a05-3c7f12d1dcce"},{"predicate":{"custom_model_data":1065},"model":"1b180fd8-1e66-4c3a-9518-7811b257ef11"},{"predicate":{"custom_model_data":1066},"model":"95ca7e4b-9797-42d1-bf11-7aa566862a34"},{"predicate":{"custom_model_data":1067},"model":"c5708142-1af8-4e01-95dc-33533e6d030e"},{"predicate":{"custom_model_data":1068},"model":"fortunewheel/fortunewheel_pizza"},{"predicate":{"custom_model_data":1069},"model":"plny_summer2025cosmeticsset:sun_hat"},{"predicate":{"custom_model_data":1070},"model":"plny_summer2025cosmeticsset:duck_floatie"},{"predicate":{"custom_model_data":1071},"model":"plny_summer2025cosmeticsset:flower_crown"},{"predicate":{"custom_model_data":1072},"model":"plny_summer2025cosmeticsset:mini_fan"},{"predicate":{"custom_model_data":1073},"model":"plny_summer2025cosmeticsset:snorkel_mask"},{"predicate":{"custom_model_data":1074},"model":"plny_summer2025cosmeticsset:surfboard"},{"predicate":{"custom_model_data":1075},"model":"plny_summer2025cosmeticsset:umbrella"},{"predicate":{"custom_model_data":1076},"model":"plny_summer2025cosmeticsset:water_gun"}]}