{"parent":"item/template_skull","overrides":[{"predicate":{"custom_model_data":1},"model":"76b0a8bb-9909-4d7c-8814-f0cd9db763ff"},{"predicate":{"custom_model_data":2},"model":"bd0d03bf-1e94-4e49-ba3f-0fc6a727adf7"},{"predicate":{"custom_model_data":3},"model":"722b4763-1dd0-4291-b39b-4e642667f04d"},{"predicate":{"custom_model_data":4},"model":"eae9330e-90b8-45c9-8d13-fc7690f5462a"},{"predicate":{"custom_model_data":5},"model":"f9cdab69-903f-4e1c-98ab-1eba382ec720"},{"predicate":{"custom_model_data":6},"model":"b5f664cd-f36d-4918-94ca-40274f074586"},{"predicate":{"custom_model_data":7},"model":"d6c24113-ed7f-442b-9f64-41a0704b32f8"},{"predicate":{"custom_model_data":8},"model":"72c83c68-ad88-430a-afcd-eed322288c79"}]}