{"sources":[{"type":"directory","source":"entity","prefix":"entity/"},{"type":"filter","pattern":{"namespace":"minecraft","path":"entity/fishing_hook"}},{"type":"directory","source":"entity","prefix":"entity/"},{"type":"filter","pattern":{"namespace":"minecraft","path":"entity/fishing_hook"}},{"type":"directory","source":"entity","prefix":"entity/"},{"type":"filter","pattern":{"namespace":"minecraft","path":"entity/fishing_hook"}},{"type":"directory","source":"entity","prefix":"entity/"},{"type":"filter","pattern":{"namespace":"minecraft","path":"entity/fishing_hook"}},{"type":"single","resource":"b2620781-67fe-438c-b424-11bc91fd97ee"},{"type":"single","resource":"15d83222-edc8-4a75-a058-bcd8b449a2d2"},{"type":"single","resource":"d9f12d59-9aa2-4c34-8d61-b52e3d753942"},{"type":"single","resource":"c2bac69a-3b8f-46bf-b70a-264a465fd3d5"},{"type":"single","resource":"2762926a-566d-4438-b0ed-733996739d43"},{"type":"single","resource":"7718afad-ad5b-4aed-a013-ea828bf60277"},{"type":"single","resource":"76b01c18-656e-473d-aab3-1064caaa8687"},{"type":"single","resource":"55190b1c-8655-47d0-8451-c6bdceabcaca"},{"type":"single","resource":"895900d7-7da4-49cf-a0d6-7cbb97e21193"},{"type":"single","resource":"a04e25f2-29e4-467d-811a-5ccc01d23b3d"},{"type":"single","resource":"ee3395b1-ea79-4065-a541-eef309b652dc"},{"type":"single","resource":"46ce3b79-5545-42d3-8b8c-758d08074b2b"},{"type":"single","resource":"8650c54e-a36d-4310-a828-8fb99003ba54"},{"type":"single","resource":"bloons:balloons/balloon_blue"},{"type":"single","resource":"bloons:balloons/balloon_dyeable"},{"type":"single","resource":"bloons:balloons/balloon_green"},{"type":"single","resource":"bloons:balloons/balloon_pink"},{"type":"single","resource":"bloons:balloons/balloon_yellow"},{"type":"single","resource":"f92939cc-49d3-496f-ac83-5b5b5a27fcbc"},{"type":"single","resource":"74d66796-2dd5-456b-88ec-4d3a914fed77"},{"type":"single","resource":"eab07857-9b6f-4070-a95d-f90e5598f411"},{"type":"single","resource":"0c865514-d1bf-43a7-9cf0-e99726714871"},{"type":"single","resource":"fbe7e382-b72e-4cf2-a78d-b464a2d5a1a0"},{"type":"single","resource":"6e606f54-f834-4f1c-9ab2-92ae7a6bbdea"},{"type":"single","resource":"6c8f18cd-508b-495a-83f8-c87a2baea07d"},{"type":"single","resource":"6a734d6d-e5cf-472c-9829-8be1a8d9de1a"},{"type":"single","resource":"aa0eecca-91dc-4e76-9b2d-3d77528f0540"},{"type":"single","resource":"block/dark_oak_planks"},{"type":"single","resource":"block/dirt"},{"type":"single","resource":"block/podzol_side"},{"type":"single","resource":"block/podzol_top"},{"type":"single","resource":"92819546-0eed-4b9d-a31e-b9f9024ff6d1"},{"type":"single","resource":"92819546-0eed-4b9d-a31e-b9f9024ff6d1"},{"type":"single","resource":"92819546-0eed-4b9d-a31e-b9f9024ff6d1"},{"type":"single","resource":"c1a34209-c859-4870-afc6-1bf4f2a60fed"},{"type":"single","resource":"c1a34209-c859-4870-afc6-1bf4f2a60fed"},{"type":"single","resource":"1506b686-47e3-48cf-81b3-de8cd762eb49"},{"type":"single","resource":"1506b686-47e3-48cf-81b3-de8cd762eb49"},{"type":"single","resource":"8d752604-c56b-4cba-bac8-feb4a4244d05"},{"type":"single","resource":"a1bb7e6a-adbc-42b9-9358-c488373ac9c6"},{"type":"single","resource":"a1bb7e6a-adbc-42b9-9358-c488373ac9c6"},{"type":"single","resource":"9185fe8f-7d43-4f63-964b-a0c5c03d896f"},{"type":"single","resource":"9185fe8f-7d43-4f63-964b-a0c5c03d896f"},{"type":"single","resource":"f2a1e25c-34aa-4376-984f-fb05e9cbde0f"},{"type":"single","resource":"f2a1e25c-34aa-4376-984f-fb05e9cbde0f"},{"type":"single","resource":"50a77dfb-648d-43f7-8f6a-8e6a978fd00f"},{"type":"single","resource":"50a77dfb-648d-43f7-8f6a-8e6a978fd00f"},{"type":"single","resource":"877237cd-8273-4453-994e-fd6a4e78c191"},{"type":"single","resource":"877237cd-8273-4453-994e-fd6a4e78c191"},{"type":"single","resource":"e130eb7d-29c1-4600-9e61-bd1b9ee63b53"},{"type":"single","resource":"e130eb7d-29c1-4600-9e61-bd1b9ee63b53"},{"type":"single","resource":"c6142512-69cb-4ff3-ab56-39e80927b88b"},{"type":"single","resource":"c6142512-69cb-4ff3-ab56-39e80927b88b"},{"type":"single","resource":"5f95bd8b-1339-4a74-979a-07094773a0e2"},{"type":"single","resource":"5f95bd8b-1339-4a74-979a-07094773a0e2"},{"type":"single","resource":"bf058bcd-2057-4cf4-af68-e6a28d7fce9e"},{"type":"single","resource":"bf058bcd-2057-4cf4-af68-e6a28d7fce9e"},{"type":"single","resource":"db2c5a5f-40ad-4f35-8e47-29d79d05066a"},{"type":"single","resource":"db2c5a5f-40ad-4f35-8e47-29d79d05066a"},{"type":"single","resource":"2f2ff82f-462a-40e9-9616-5043d9918d28"},{"type":"single","resource":"2f2ff82f-462a-40e9-9616-5043d9918d28"},{"type":"single","resource":"add9e74a-0207-4f5d-a61e-1b97e566303b"},{"type":"single","resource":"add9e74a-0207-4f5d-a61e-1b97e566303b"},{"type":"single","resource":"207b00c4-3613-4edf-9fa8-b0ae8a3e0a90"},{"type":"single","resource":"d11daac2-b53a-4332-a694-ea335bef2fb9"},{"type":"single","resource":"dc1c6c2b-ad9a-4cb8-b89c-b94930ad76cb"},{"type":"single","resource":"0868fc42-5f73-4d7c-a738-221b40db8230"},{"type":"single","resource":"adc7e774-1c30-401d-8ed7-518d1bd37d33"},{"type":"single","resource":"663e3f06-82f1-4837-8592-8a4b8b486971"},{"type":"single","resource":"97fcf32a-af48-46c6-8b38-bfd7253e3dbc"},{"type":"single","resource":"7f2860d8-cd63-49c7-a23a-aab58347e22c"},{"type":"single","resource":"7f2860d8-cd63-49c7-a23a-aab58347e22c"},{"type":"single","resource":"b59f327c-975a-4c99-baba-ecb1a599bda9"},{"type":"single","resource":"cd098d88-f0a4-4502-a801-02c3a31a9f22"},{"type":"single","resource":"d39e9b3e-e1c6-41c0-a633-191991f1b75c"},{"type":"single","resource":"d39e9b3e-e1c6-41c0-a633-191991f1b75c"},{"type":"single","resource":"d39e9b3e-e1c6-41c0-a633-191991f1b75c"},{"type":"single","resource":"d39e9b3e-e1c6-41c0-a633-191991f1b75c"},{"type":"single","resource":"2b476136-d4e2-4eb6-bce5-f104b2733d52"},{"type":"single","resource":"07474864-3b50-4887-a022-eba6a5dbe511"},{"type":"single","resource":"6e3799da-23a2-42b7-83ec-0354eb2fbdf3"},{"type":"single","resource":"d1e6d4ef-fe0e-4b35-9846-0ce90930f5f1"},{"type":"single","resource":"5f9302a3-4f4d-4721-bf7d-31af719ac475"},{"type":"single","resource":"dce7fa29-1cd9-43e0-8c2c-699a6533c51c"},{"type":"single","resource":"dce7fa29-1cd9-43e0-8c2c-699a6533c51c"},{"type":"single","resource":"2ade4175-694e-4834-beba-991097cd22c3"},{"type":"single","resource":"2ade4175-694e-4834-beba-991097cd22c3"},{"type":"single","resource":"25dadfc8-0aca-4b66-b499-c9404fddb653"},{"type":"single","resource":"adadd2ca-e502-42c1-b376-aca652fce7b3"},{"type":"single","resource":"adadd2ca-e502-42c1-b376-aca652fce7b3"},{"type":"single","resource":"a4996c41-df4f-4d9d-9bc0-2e4f8c0d010a"},{"type":"single","resource":"ca362da6-353c-4897-acb4-b94401e1271c"},{"type":"single","resource":"ca362da6-353c-4897-acb4-b94401e1271c"},{"type":"single","resource":"2ab985c8-a101-476d-84f5-5f5e9bb80063"},{"type":"single","resource":"2ab985c8-a101-476d-84f5-5f5e9bb80063"},{"type":"single","resource":"f5282671-4a66-45c6-bda9-1d365afe0964"},{"type":"single","resource":"f5282671-4a66-45c6-bda9-1d365afe0964"},{"type":"single","resource":"a107371d-b140-4c72-b106-e48ea90cee18"},{"type":"single","resource":"a107371d-b140-4c72-b106-e48ea90cee18"},{"type":"single","resource":"02d38abf-6b7d-4852-aae4-73be3487e8c0"},{"type":"single","resource":"32fec867-186e-406f-aca1-c0faf9ecd37a"},{"type":"single","resource":"4a1f0ffc-ac66-4ef2-9b64-dea2ddd7c403"},{"type":"single","resource":"64db54f2-4793-4673-b2e1-0628cf7dfded"},{"type":"single","resource":"2c20968f-5dc2-457c-a007-ca8bb2b80aef"},{"type":"single","resource":"1a36ca85-bc0f-43e3-8faf-e9f559aea877"},{"type":"single","resource":"1a36ca85-bc0f-43e3-8faf-e9f559aea877"},{"type":"single","resource":"a844be5c-fad9-496d-a393-0d14f35cbab9"},{"type":"single","resource":"a844be5c-fad9-496d-a393-0d14f35cbab9"},{"type":"single","resource":"93ccccba-dc44-4e0e-b58e-3363962542da"},{"type":"single","resource":"3095faba-3624-4b03-9edb-68e9196a4ec1"},{"type":"single","resource":"3095faba-3624-4b03-9edb-68e9196a4ec1"},{"type":"single","resource":"3095faba-3624-4b03-9edb-68e9196a4ec1"},{"type":"single","resource":"3095faba-3624-4b03-9edb-68e9196a4ec1"},{"type":"single","resource":"fc028750-8f19-4ee7-8f0c-34a5d81dc69c"},{"type":"single","resource":"fc028750-8f19-4ee7-8f0c-34a5d81dc69c"},{"type":"single","resource":"18a9476a-66ba-4915-8592-fdc6f3483084"},{"type":"single","resource":"ec1583a7-a7c6-4831-9d7e-a259d566a637"},{"type":"single","resource":"ec1583a7-a7c6-4831-9d7e-a259d566a637"},{"type":"single","resource":"2cede681-0fa1-4881-aad0-41a44bbbe1d6"},{"type":"single","resource":"e9e26000-43ba-43fb-9598-927a4e5242e1"},{"type":"single","resource":"db7b639c-e28f-4a37-8fe4-26275a2803d1"},{"type":"single","resource":"db7b639c-e28f-4a37-8fe4-26275a2803d1"},{"type":"single","resource":"030d5dd0-c99c-4806-9cc4-1c9db78cf2d3"},{"type":"single","resource":"030d5dd0-c99c-4806-9cc4-1c9db78cf2d3"},{"type":"single","resource":"426f04b3-992f-4563-bc0c-8162dd255c5e"},{"type":"single","resource":"e3c0aa4d-efae-4c78-bd24-7af51eaf6087"},{"type":"single","resource":"901cf618-d95d-4ee4-aedf-028d5187e443"},{"type":"single","resource":"3cadc39c-ef48-4594-b9cf-dfe8c8cc5824"},{"type":"single","resource":"518c6ce9-6c26-4c1a-b78f-c6265562eb06"},{"type":"single","resource":"61689aa1-db17-44f8-9390-adf45112e9c6"},{"type":"single","resource":"5faaea75-b9ea-46b5-a4f7-416e4aad6605"},{"type":"single","resource":"50e07ecf-f191-42b8-8b9c-fb7de44fb0ca"},{"type":"single","resource":"d53d81a7-2856-4d69-bb59-7a60590c74b4"},{"type":"single","resource":"ad4c571b-5361-481b-a128-8d19e85de6c9"},{"type":"single","resource":"0af03778-c91e-4927-8781-7b1c14b83b84"},{"type":"single","resource":"0af03778-c91e-4927-8781-7b1c14b83b84"},{"type":"single","resource":"cc9e1b01-d31c-4085-a0a8-d11459695b7d"},{"type":"single","resource":"cc9e1b01-d31c-4085-a0a8-d11459695b7d"},{"type":"single","resource":"e5496c00-0752-4cfe-b2cc-8b4679b404a6"},{"type":"single","resource":"854fb996-59f2-42aa-8d15-33474c3ca29b"},{"type":"single","resource":"854fb996-59f2-42aa-8d15-33474c3ca29b"},{"type":"single","resource":"67e8ebd6-ad18-4c0d-b29f-d88f6254ad64"},{"type":"single","resource":"67e8ebd6-ad18-4c0d-b29f-d88f6254ad64"},{"type":"single","resource":"03d39193-4ea5-4bf6-802c-34761791fce1"},{"type":"single","resource":"03d39193-4ea5-4bf6-802c-34761791fce1"},{"type":"single","resource":"6489bf7a-1aac-4a38-aa2e-4bdf48cf79af"},{"type":"single","resource":"6489bf7a-1aac-4a38-aa2e-4bdf48cf79af"},{"type":"single","resource":"eb20580e-30c3-41b6-bd2d-dccd01feb576"},{"type":"single","resource":"eb20580e-30c3-41b6-bd2d-dccd01feb576"},{"type":"single","resource":"8a724e26-1cb5-444c-982f-48da3791ae03"},{"type":"single","resource":"8a724e26-1cb5-444c-982f-48da3791ae03"},{"type":"single","resource":"4b44f26b-783c-4796-9334-4aa6c1911347"},{"type":"single","resource":"ea7042db-2cdc-4532-821a-ffc1e400b834"},{"type":"single","resource":"ea7042db-2cdc-4532-821a-ffc1e400b834"},{"type":"single","resource":"270de802-ef18-4d0f-9ac1-4cdf24883783"},{"type":"single","resource":"270de802-ef18-4d0f-9ac1-4cdf24883783"},{"type":"single","resource":"4a6b6723-5066-4c3b-a19c-fb3d3156a7cf"},{"type":"single","resource":"4a6b6723-5066-4c3b-a19c-fb3d3156a7cf"},{"type":"single","resource":"f47463c1-75ba-478f-91e8-cb75aa0fa822"},{"type":"single","resource":"f47463c1-75ba-478f-91e8-cb75aa0fa822"},{"type":"single","resource":"f02d74ef-e96e-4787-b962-751843a262e6"},{"type":"single","resource":"0b137dcc-b01e-43bf-b282-ba3213f08f0b"},{"type":"single","resource":"31e8a657-2f2e-4d04-950f-ee75c6b5a59f"},{"type":"single","resource":"3ece5041-bffe-4b3c-b1a0-01819b728703"},{"type":"single","resource":"c94cca88-3f7b-438a-b8b7-d22df3058f8f"},{"type":"single","resource":"cada0a04-60c0-432b-9033-6cfd68747937"},{"type":"single","resource":"1aa275ed-ff73-4ee6-afdb-9050f90d92b9"},{"type":"single","resource":"cc799336-1deb-4459-beee-146ce2179b13"},{"type":"single","resource":"cc799336-1deb-4459-beee-146ce2179b13"},{"type":"single","resource":"36e6e733-2186-47c4-8a74-bb4eb4468bd4"},{"type":"single","resource":"36e6e733-2186-47c4-8a74-bb4eb4468bd4"},{"type":"single","resource":"36e6e733-2186-47c4-8a74-bb4eb4468bd4"},{"type":"single","resource":"a5cf9cc3-cbe9-44ef-81f5-c5ddc66ee7b8"},{"type":"single","resource":"f3b30df2-5945-48e0-8311-b33f25ff8957"},{"type":"single","resource":"ecc3062b-7b9c-4dc3-b34c-b3b3153e795c"},{"type":"single","resource":"ecc3062b-7b9c-4dc3-b34c-b3b3153e795c"},{"type":"single","resource":"2f6a5230-7914-4a34-9e94-b1662219aa06"},{"type":"single","resource":"2f6a5230-7914-4a34-9e94-b1662219aa06"},{"type":"single","resource":"ee3da9e6-0ddd-48d2-9db5-cd3eaa1bb804"},{"type":"single","resource":"cd69afc8-8a45-44da-addc-cce39f951bd8"},{"type":"single","resource":"e66f33a0-ce9f-4305-b780-4630c35729eb"},{"type":"single","resource":"e66f33a0-ce9f-4305-b780-4630c35729eb"},{"type":"single","resource":"f421c62c-379e-4985-96d5-c367c493eab8"},{"type":"single","resource":"b0b33548-b3eb-4514-9292-3e0ae8d73d73"},{"type":"single","resource":"7b88f412-5e89-482c-a167-b7439991a3b3"},{"type":"single","resource":"909cb407-418f-4bcb-94ae-8a8fd522aa39"},{"type":"single","resource":"970f5d32-7fa0-48b5-bc0f-7ff0a1f7dfb2"},{"type":"single","resource":"modelengine:26c792a0-8d3b-4409-94da-40d23fca543d"},{"type":"single","resource":"modelengine:26c792a0-8d3b-4409-94da-40d23fca543d"},{"type":"single","resource":"modelengine:26c792a0-8d3b-4409-94da-40d23fca543d"},{"type":"single","resource":"modelengine:508cbf69-54ef-4829-b303-17bdd671b2d2"},{"type":"single","resource":"modelengine:508cbf69-54ef-4829-b303-17bdd671b2d2"},{"type":"single","resource":"modelengine:e187277c-0c71-4274-a4de-a4810a965bc1"},{"type":"single","resource":"modelengine:a87efb59-89e8-407d-a58d-74d2cd697024"},{"type":"single","resource":"modelengine:a87efb59-89e8-407d-a58d-74d2cd697024"},{"type":"single","resource":"modelengine:a87efb59-89e8-407d-a58d-74d2cd697024"},{"type":"single","resource":"modelengine:a87efb59-89e8-407d-a58d-74d2cd697024"},{"type":"single","resource":"modelengine:a87efb59-89e8-407d-a58d-74d2cd697024"},{"type":"single","resource":"modelengine:a87efb59-89e8-407d-a58d-74d2cd697024"},{"type":"single","resource":"modelengine:a87efb59-89e8-407d-a58d-74d2cd697024"},{"type":"single","resource":"modelengine:a87efb59-89e8-407d-a58d-74d2cd697024"},{"type":"single","resource":"modelengine:a87efb59-89e8-407d-a58d-74d2cd697024"},{"type":"single","resource":"modelengine:8f2934b7-dfb1-436f-ac8a-7bc7cba28274"},{"type":"single","resource":"modelengine:a21789e5-e0af-47e7-b1ae-18455e8bde3a"},{"type":"single","resource":"modelengine:c2cd4656-3431-4988-bb2b-929206f5d0e7"},{"type":"single","resource":"modelengine:c2cd4656-3431-4988-bb2b-929206f5d0e7"},{"type":"single","resource":"modelengine:e2bdbbc2-8d10-4c12-a7aa-0e4ac35eda7f"},{"type":"single","resource":"modelengine:e2bdbbc2-8d10-4c12-a7aa-0e4ac35eda7f"},{"type":"single","resource":"modelengine:22c18558-95c6-41eb-b9d6-95cee3f1e663"},{"type":"single","resource":"modelengine:22c18558-95c6-41eb-b9d6-95cee3f1e663"},{"type":"single","resource":"modelengine:0396f75d-175f-49dc-afab-8cb666e767dd"},{"type":"single","resource":"modelengine:0396f75d-175f-49dc-afab-8cb666e767dd"},{"type":"single","resource":"modelengine:442ddb03-48c3-4601-af9c-3928a3f76bb0"},{"type":"single","resource":"modelengine:442ddb03-48c3-4601-af9c-3928a3f76bb0"},{"type":"single","resource":"modelengine:44d18a51-1ece-4a9d-b7ac-bd3937912926"},{"type":"single","resource":"modelengine:44d18a51-1ece-4a9d-b7ac-bd3937912926"},{"type":"single","resource":"modelengine:a71586a7-3330-4c26-b41e-50868a4fd3a3"},{"type":"single","resource":"modelengine:a71586a7-3330-4c26-b41e-50868a4fd3a3"},{"type":"single","resource":"modelengine:bc82f88e-e4a4-4387-aeb1-e11ca76337cf"},{"type":"single","resource":"modelengine:bc82f88e-e4a4-4387-aeb1-e11ca76337cf"},{"type":"single","resource":"modelengine:1abee54f-dcd4-4b5c-a49a-fbc55c193dd5"},{"type":"single","resource":"modelengine:1abee54f-dcd4-4b5c-a49a-fbc55c193dd5"},{"type":"single","resource":"modelengine:0c97dec1-eb17-49aa-81fb-07ec675fd7ea"},{"type":"single","resource":"modelengine:53a0a8c0-4d08-46ca-8cb4-c5eced30e99b"},{"type":"single","resource":"modelengine:0255e98e-f941-4abf-a559-91841bc0b1f0"},{"type":"single","resource":"modelengine:be0afcc4-264d-4609-9dcf-ba7245e17099"},{"type":"single","resource":"modelengine:be0afcc4-264d-4609-9dcf-ba7245e17099"},{"type":"single","resource":"modelengine:be0afcc4-264d-4609-9dcf-ba7245e17099"},{"type":"single","resource":"modelengine:8bfcfa50-123f-4c29-a4f6-3fbdb0187fc5"},{"type":"single","resource":"modelengine:8bfcfa50-123f-4c29-a4f6-3fbdb0187fc5"},{"type":"single","resource":"modelengine:406b1f73-8bd9-42bf-8f5c-1c55a87064e1"},{"type":"single","resource":"modelengine:1ab576f2-bb3b-42d6-9618-371a688e8765"},{"type":"single","resource":"modelengine:4f6cb10e-e461-4817-a410-2b29d93aa588"},{"type":"single","resource":"modelengine:4f6cb10e-e461-4817-a410-2b29d93aa588"},{"type":"single","resource":"modelengine:4f6cb10e-e461-4817-a410-2b29d93aa588"},{"type":"single","resource":"modelengine:4f6cb10e-e461-4817-a410-2b29d93aa588"},{"type":"single","resource":"modelengine:4f6cb10e-e461-4817-a410-2b29d93aa588"},{"type":"single","resource":"modelengine:4f6cb10e-e461-4817-a410-2b29d93aa588"},{"type":"single","resource":"modelengine:4f6cb10e-e461-4817-a410-2b29d93aa588"},{"type":"single","resource":"modelengine:070625c5-b8db-4899-89f0-3461ef4fdc0b"},{"type":"single","resource":"modelengine:87cac9cc-2843-46d2-b858-decf3ca78820"},{"type":"single","resource":"modelengine:87cac9cc-2843-46d2-b858-decf3ca78820"},{"type":"single","resource":"modelengine:87cac9cc-2843-46d2-b858-decf3ca78820"},{"type":"single","resource":"modelengine:87cac9cc-2843-46d2-b858-decf3ca78820"},{"type":"single","resource":"modelengine:87cac9cc-2843-46d2-b858-decf3ca78820"},{"type":"single","resource":"modelengine:87cac9cc-2843-46d2-b858-decf3ca78820"},{"type":"single","resource":"modelengine:87cac9cc-2843-46d2-b858-decf3ca78820"},{"type":"single","resource":"modelengine:87cac9cc-2843-46d2-b858-decf3ca78820"},{"type":"single","resource":"modelengine:87cac9cc-2843-46d2-b858-decf3ca78820"},{"type":"single","resource":"modelengine:87cac9cc-2843-46d2-b858-decf3ca78820"},{"type":"single","resource":"modelengine:87cac9cc-2843-46d2-b858-decf3ca78820"},{"type":"single","resource":"modelengine:87cac9cc-2843-46d2-b858-decf3ca78820"},{"type":"single","resource":"modelengine:87cac9cc-2843-46d2-b858-decf3ca78820"},{"type":"single","resource":"modelengine:87cac9cc-2843-46d2-b858-decf3ca78820"},{"type":"single","resource":"modelengine:fa5d7b8c-2a4d-47f9-9047-f17600a808dc"},{"type":"single","resource":"modelengine:c4cc989e-58e9-4c1a-9baf-101383cfad60"},{"type":"single","resource":"modelengine:c4cc989e-58e9-4c1a-9baf-101383cfad60"},{"type":"single","resource":"modelengine:c4cc989e-58e9-4c1a-9baf-101383cfad60"},{"type":"single","resource":"modelengine:c4cc989e-58e9-4c1a-9baf-101383cfad60"},{"type":"single","resource":"modelengine:c4cc989e-58e9-4c1a-9baf-101383cfad60"},{"type":"single","resource":"modelengine:c4cc989e-58e9-4c1a-9baf-101383cfad60"},{"type":"single","resource":"modelengine:c4cc989e-58e9-4c1a-9baf-101383cfad60"},{"type":"single","resource":"modelengine:c4cc989e-58e9-4c1a-9baf-101383cfad60"},{"type":"single","resource":"modelengine:c4cc989e-58e9-4c1a-9baf-101383cfad60"},{"type":"single","resource":"modelengine:c4cc989e-58e9-4c1a-9baf-101383cfad60"},{"type":"single","resource":"modelengine:c4cc989e-58e9-4c1a-9baf-101383cfad60"},{"type":"single","resource":"modelengine:c4cc989e-58e9-4c1a-9baf-101383cfad60"},{"type":"single","resource":"modelengine:c4cc989e-58e9-4c1a-9baf-101383cfad60"},{"type":"single","resource":"modelengine:c4cc989e-58e9-4c1a-9baf-101383cfad60"},{"type":"single","resource":"modelengine:c49f2f31-113d-4dcb-aa2a-09f793d9a532"},{"type":"single","resource":"modelengine:75f6eecc-3fbc-4010-92ac-737bd1c903f8"},{"type":"single","resource":"modelengine:40f4de9c-3cee-4a72-a24d-607f3f368e7e"},{"type":"single","resource":"modelengine:cd5ca836-84d7-4175-83c0-2195803b7624"},{"type":"single","resource":"modelengine:67f2644f-db47-4db9-83f5-80755e6a9e75"},{"type":"single","resource":"modelengine:c9ea85e5-78b1-417f-bf93-8a62418444ae"},{"type":"single","resource":"modelengine:ad851943-cce8-4a47-8d2d-fb30e7271b1f"},{"type":"single","resource":"modelengine:2d44f5d2-3eb1-4e1c-a958-30245e3d9da1"},{"type":"single","resource":"modelengine:8a24e946-d1e6-4250-a483-6e2bf1d5269e"},{"type":"single","resource":"modelengine:dd127e29-4585-4232-b656-fee0cc9e8566"},{"type":"single","resource":"modelengine:40181115-a9fd-4a35-b4fa-5a557ef0190a"},{"type":"single","resource":"modelengine:e6bbd46c-6328-4d25-ab34-e72a6f424066"},{"type":"single","resource":"modelengine:e28bd88d-4799-4280-b5bb-73c9a1a2747f"},{"type":"single","resource":"modelengine:e28bd88d-4799-4280-b5bb-73c9a1a2747f"},{"type":"single","resource":"modelengine:e28bd88d-4799-4280-b5bb-73c9a1a2747f"},{"type":"single","resource":"modelengine:e28bd88d-4799-4280-b5bb-73c9a1a2747f"},{"type":"single","resource":"modelengine:e28bd88d-4799-4280-b5bb-73c9a1a2747f"},{"type":"single","resource":"modelengine:e28bd88d-4799-4280-b5bb-73c9a1a2747f"},{"type":"single","resource":"modelengine:e28bd88d-4799-4280-b5bb-73c9a1a2747f"},{"type":"single","resource":"modelengine:e28bd88d-4799-4280-b5bb-73c9a1a2747f"},{"type":"single","resource":"modelengine:e28bd88d-4799-4280-b5bb-73c9a1a2747f"},{"type":"single","resource":"modelengine:e28bd88d-4799-4280-b5bb-73c9a1a2747f"},{"type":"single","resource":"modelengine:e28bd88d-4799-4280-b5bb-73c9a1a2747f"},{"type":"single","resource":"modelengine:e28bd88d-4799-4280-b5bb-73c9a1a2747f"},{"type":"single","resource":"modelengine:e28bd88d-4799-4280-b5bb-73c9a1a2747f"},{"type":"single","resource":"modelengine:e28bd88d-4799-4280-b5bb-73c9a1a2747f"},{"type":"single","resource":"modelengine:e28bd88d-4799-4280-b5bb-73c9a1a2747f"},{"type":"single","resource":"modelengine:e28bd88d-4799-4280-b5bb-73c9a1a2747f"},{"type":"single","resource":"modelengine:e28bd88d-4799-4280-b5bb-73c9a1a2747f"},{"type":"single","resource":"modelengine:e28bd88d-4799-4280-b5bb-73c9a1a2747f"},{"type":"single","resource":"modelengine:dff0721a-c687-4e23-b84a-5de6783b5e8e"},{"type":"single","resource":"modelengine:dff0721a-c687-4e23-b84a-5de6783b5e8e"},{"type":"single","resource":"modelengine:dff0721a-c687-4e23-b84a-5de6783b5e8e"},{"type":"single","resource":"modelengine:dff0721a-c687-4e23-b84a-5de6783b5e8e"},{"type":"single","resource":"modelengine:dff0721a-c687-4e23-b84a-5de6783b5e8e"},{"type":"single","resource":"modelengine:dff0721a-c687-4e23-b84a-5de6783b5e8e"},{"type":"single","resource":"modelengine:dff0721a-c687-4e23-b84a-5de6783b5e8e"},{"type":"single","resource":"modelengine:dff0721a-c687-4e23-b84a-5de6783b5e8e"},{"type":"single","resource":"modelengine:dff0721a-c687-4e23-b84a-5de6783b5e8e"},{"type":"single","resource":"modelengine:dff0721a-c687-4e23-b84a-5de6783b5e8e"},{"type":"single","resource":"modelengine:dff0721a-c687-4e23-b84a-5de6783b5e8e"},{"type":"single","resource":"modelengine:dff0721a-c687-4e23-b84a-5de6783b5e8e"},{"type":"single","resource":"modelengine:dff0721a-c687-4e23-b84a-5de6783b5e8e"},{"type":"single","resource":"modelengine:dff0721a-c687-4e23-b84a-5de6783b5e8e"},{"type":"single","resource":"modelengine:dff0721a-c687-4e23-b84a-5de6783b5e8e"},{"type":"single","resource":"modelengine:dff0721a-c687-4e23-b84a-5de6783b5e8e"},{"type":"single","resource":"modelengine:dff0721a-c687-4e23-b84a-5de6783b5e8e"},{"type":"single","resource":"modelengine:dff0721a-c687-4e23-b84a-5de6783b5e8e"},{"type":"single","resource":"modelengine:712aa995-d667-469a-8766-b433f1656301"},{"type":"single","resource":"modelengine:712aa995-d667-469a-8766-b433f1656301"},{"type":"single","resource":"modelengine:712aa995-d667-469a-8766-b433f1656301"},{"type":"single","resource":"modelengine:712aa995-d667-469a-8766-b433f1656301"},{"type":"single","resource":"modelengine:712aa995-d667-469a-8766-b433f1656301"},{"type":"single","resource":"modelengine:712aa995-d667-469a-8766-b433f1656301"},{"type":"single","resource":"modelengine:712aa995-d667-469a-8766-b433f1656301"},{"type":"single","resource":"modelengine:712aa995-d667-469a-8766-b433f1656301"},{"type":"single","resource":"modelengine:712aa995-d667-469a-8766-b433f1656301"},{"type":"single","resource":"modelengine:712aa995-d667-469a-8766-b433f1656301"},{"type":"single","resource":"modelengine:712aa995-d667-469a-8766-b433f1656301"},{"type":"single","resource":"modelengine:712aa995-d667-469a-8766-b433f1656301"},{"type":"single","resource":"modelengine:712aa995-d667-469a-8766-b433f1656301"},{"type":"single","resource":"modelengine:712aa995-d667-469a-8766-b433f1656301"},{"type":"single","resource":"modelengine:712aa995-d667-469a-8766-b433f1656301"},{"type":"single","resource":"modelengine:712aa995-d667-469a-8766-b433f1656301"},{"type":"single","resource":"modelengine:712aa995-d667-469a-8766-b433f1656301"},{"type":"single","resource":"modelengine:712aa995-d667-469a-8766-b433f1656301"},{"type":"single","resource":"modelengine:712aa995-d667-469a-8766-b433f1656301"},{"type":"single","resource":"modelengine:712aa995-d667-469a-8766-b433f1656301"},{"type":"single","resource":"modelengine:712aa995-d667-469a-8766-b433f1656301"},{"type":"single","resource":"modelengine:712aa995-d667-469a-8766-b433f1656301"},{"type":"single","resource":"modelengine:0f62d73d-0f6d-4311-9f35-f98470c683e7"},{"type":"single","resource":"modelengine:852cfd64-d3b3-4e4f-abed-d926f5cd7a9f"},{"type":"single","resource":"modelengine:852cfd64-d3b3-4e4f-abed-d926f5cd7a9f"},{"type":"single","resource":"modelengine:852cfd64-d3b3-4e4f-abed-d926f5cd7a9f"},{"type":"single","resource":"modelengine:d036042b-1ad7-40a1-8922-1656ce61120b"},{"type":"single","resource":"modelengine:d036042b-1ad7-40a1-8922-1656ce61120b"},{"type":"single","resource":"modelengine:d036042b-1ad7-40a1-8922-1656ce61120b"},{"type":"single","resource":"modelengine:d036042b-1ad7-40a1-8922-1656ce61120b"},{"type":"single","resource":"modelengine:d036042b-1ad7-40a1-8922-1656ce61120b"},{"type":"single","resource":"modelengine:d036042b-1ad7-40a1-8922-1656ce61120b"},{"type":"single","resource":"modelengine:d036042b-1ad7-40a1-8922-1656ce61120b"},{"type":"single","resource":"modelengine:d036042b-1ad7-40a1-8922-1656ce61120b"},{"type":"single","resource":"modelengine:d036042b-1ad7-40a1-8922-1656ce61120b"},{"type":"single","resource":"modelengine:d036042b-1ad7-40a1-8922-1656ce61120b"},{"type":"single","resource":"modelengine:0d571142-3614-41c8-a710-fe3743ebc13d"},{"type":"single","resource":"modelengine:0d571142-3614-41c8-a710-fe3743ebc13d"},{"type":"single","resource":"modelengine:0d571142-3614-41c8-a710-fe3743ebc13d"},{"type":"single","resource":"modelengine:0d571142-3614-41c8-a710-fe3743ebc13d"},{"type":"single","resource":"modelengine:0d571142-3614-41c8-a710-fe3743ebc13d"},{"type":"single","resource":"modelengine:0d571142-3614-41c8-a710-fe3743ebc13d"},{"type":"single","resource":"modelengine:0d571142-3614-41c8-a710-fe3743ebc13d"},{"type":"single","resource":"modelengine:0d571142-3614-41c8-a710-fe3743ebc13d"},{"type":"single","resource":"modelengine:0d571142-3614-41c8-a710-fe3743ebc13d"},{"type":"single","resource":"modelengine:0d571142-3614-41c8-a710-fe3743ebc13d"},{"type":"single","resource":"modelengine:0d571142-3614-41c8-a710-fe3743ebc13d"},{"type":"single","resource":"modelengine:0d571142-3614-41c8-a710-fe3743ebc13d"},{"type":"single","resource":"modelengine:0d571142-3614-41c8-a710-fe3743ebc13d"},{"type":"single","resource":"modelengine:0d571142-3614-41c8-a710-fe3743ebc13d"},{"type":"single","resource":"modelengine:0d571142-3614-41c8-a710-fe3743ebc13d"},{"type":"single","resource":"modelengine:0d571142-3614-41c8-a710-fe3743ebc13d"},{"type":"single","resource":"modelengine:0d571142-3614-41c8-a710-fe3743ebc13d"},{"type":"single","resource":"modelengine:0d571142-3614-41c8-a710-fe3743ebc13d"},{"type":"single","resource":"modelengine:0d571142-3614-41c8-a710-fe3743ebc13d"},{"type":"single","resource":"modelengine:0891d70a-4b00-4c2b-b48f-9d3fabbd1650"},{"type":"single","resource":"modelengine:0891d70a-4b00-4c2b-b48f-9d3fabbd1650"},{"type":"single","resource":"modelengine:0891d70a-4b00-4c2b-b48f-9d3fabbd1650"},{"type":"single","resource":"modelengine:5cf40e83-7982-4274-8603-006dd1a783d9"},{"type":"single","resource":"modelengine:5cf40e83-7982-4274-8603-006dd1a783d9"},{"type":"single","resource":"modelengine:5cf40e83-7982-4274-8603-006dd1a783d9"},{"type":"single","resource":"modelengine:5cf40e83-7982-4274-8603-006dd1a783d9"},{"type":"single","resource":"modelengine:5cf40e83-7982-4274-8603-006dd1a783d9"},{"type":"single","resource":"modelengine:5cf40e83-7982-4274-8603-006dd1a783d9"},{"type":"single","resource":"modelengine:5cf40e83-7982-4274-8603-006dd1a783d9"},{"type":"single","resource":"modelengine:5cf40e83-7982-4274-8603-006dd1a783d9"},{"type":"single","resource":"modelengine:5cf40e83-7982-4274-8603-006dd1a783d9"},{"type":"single","resource":"modelengine:5cf40e83-7982-4274-8603-006dd1a783d9"},{"type":"single","resource":"modelengine:5cf40e83-7982-4274-8603-006dd1a783d9"},{"type":"single","resource":"modelengine:5cf40e83-7982-4274-8603-006dd1a783d9"},{"type":"single","resource":"modelengine:5cf40e83-7982-4274-8603-006dd1a783d9"},{"type":"single","resource":"modelengine:5cf40e83-7982-4274-8603-006dd1a783d9"},{"type":"single","resource":"modelengine:5cf40e83-7982-4274-8603-006dd1a783d9"},{"type":"single","resource":"modelengine:5cf40e83-7982-4274-8603-006dd1a783d9"},{"type":"single","resource":"modelengine:5cf40e83-7982-4274-8603-006dd1a783d9"},{"type":"single","resource":"modelengine:5cf40e83-7982-4274-8603-006dd1a783d9"},{"type":"single","resource":"modelengine:5cf40e83-7982-4274-8603-006dd1a783d9"},{"type":"single","resource":"modelengine:5cf40e83-7982-4274-8603-006dd1a783d9"},{"type":"single","resource":"modelengine:a6c78a1f-e162-4016-a8de-8ea7efebf72e"},{"type":"single","resource":"modelengine:a6c78a1f-e162-4016-a8de-8ea7efebf72e"},{"type":"single","resource":"modelengine:a6c78a1f-e162-4016-a8de-8ea7efebf72e"},{"type":"single","resource":"modelengine:a6c78a1f-e162-4016-a8de-8ea7efebf72e"},{"type":"single","resource":"b7d70c49-d7f6-4597-af25-89df4962b516"},{"type":"single","resource":"b7d70c49-d7f6-4597-af25-89df4962b516"},{"type":"single","resource":"954e4057-6da3-4798-b99d-7922e7345649"},{"type":"single","resource":"954e4057-6da3-4798-b99d-7922e7345649"},{"type":"single","resource":"item/bow"},{"type":"single","resource":"item/chainmail_boots"},{"type":"single","resource":"item/chainmail_chestplate"},{"type":"single","resource":"item/chainmail_helmet"},{"type":"single","resource":"item/chainmail_leggings"},{"type":"single","resource":"item/cooked_beef"},{"type":"single","resource":"item/diamond_axe"},{"type":"single","resource":"item/diamond_axe"},{"type":"single","resource":"item/diamond_horse_armor"},{"type":"single","resource":"item/diamond_pickaxe"},{"type":"single","resource":"item/diamond_sword"},{"type":"single","resource":"item/diamond_sword/hades"},{"type":"single","resource":"item/elytra"},{"type":"single","resource":"item/flint"},{"type":"single","resource":"item/gold_nugget"},{"type":"single","resource":"item/iron_pickaxe"},{"type":"single","resource":"item/iron_sword"},{"type":"single","resource":"item/leather_horse_armor"},{"type":"single","resource":"item/netherite_axe"},{"type":"single","resource":"item/netherite_hoe"},{"type":"single","resource":"item/netherite_pickaxe"},{"type":"single","resource":"item/netherite_shovel"},{"type":"single","resource":"item/netherite_sword"},{"type":"single","resource":"nexo:99d31836-dc01-428f-84ed-180de9ae9ad2"},{"type":"single","resource":"nexo:99d31836-dc01-428f-84ed-180de9ae9ad2"},{"type":"single","resource":"nexo:110b841e-9fd4-46ab-98c4-7e3080610b64"},{"type":"single","resource":"nexo:110b841e-9fd4-46ab-98c4-7e3080610b64"},{"type":"single","resource":"nexo:599d05fc-c45c-46ee-9198-22a9fc76494e"},{"type":"single","resource":"nexo:599d05fc-c45c-46ee-9198-22a9fc76494e"},{"type":"single","resource":"nexo:cacf5c79-f48e-4e60-a181-30a1acce129c"},{"type":"single","resource":"nexo:a445d6ac-d38d-4131-a8a6-29204f6ee80f"},{"type":"single","resource":"nexo:a445d6ac-d38d-4131-a8a6-29204f6ee80f"},{"type":"single","resource":"nexo:aecce157-9029-4746-b1d8-a10639562d66"},{"type":"single","resource":"nexo:aecce157-9029-4746-b1d8-a10639562d66"},{"type":"single","resource":"nexo:0dcf4302-f42b-4194-9526-180a7b422d09"},{"type":"single","resource":"nexo:0dcf4302-f42b-4194-9526-180a7b422d09"},{"type":"single","resource":"nexo:4c3896f1-9335-49c0-a7fc-0fa5b6df2ebe"},{"type":"single","resource":"nexo:4c3896f1-9335-49c0-a7fc-0fa5b6df2ebe"},{"type":"single","resource":"nexo:7afbe64a-b5b9-4266-ad5f-ac82df07dfe9"},{"type":"single","resource":"nexo:fa7afffa-6f45-4d80-a7c4-fe422ace932a"},{"type":"single","resource":"nexo:9d6f8d8e-936c-4ce1-9913-dc4b04609868"},{"type":"single","resource":"nexo:226c1aa7-1239-4216-adf4-3cae3e60162e"},{"type":"single","resource":"nexo:e30b7f76-f1f2-4e8a-97c6-4b41545391b0"},{"type":"single","resource":"nexo:e30b7f76-f1f2-4e8a-97c6-4b41545391b0"},{"type":"single","resource":"nexo:07f5d5a0-ca25-4b9e-8f7b-406e36da9c24"},{"type":"single","resource":"nexo:07f5d5a0-ca25-4b9e-8f7b-406e36da9c24"},{"type":"single","resource":"nexo:25a5cfa0-3210-40e0-b64d-74d25021cdc1"},{"type":"single","resource":"nexo:3cd1b92e-bca9-47b6-b9c7-615ffe2ce3e6"},{"type":"single","resource":"nexo:26967d6d-8b4b-49cf-8427-24600d96c2b7"},{"type":"single","resource":"nexo:26967d6d-8b4b-49cf-8427-24600d96c2b7"},{"type":"single","resource":"nexo:82e0024a-6b08-428e-8277-92c895b89d75"},{"type":"single","resource":"nexo:82e0024a-6b08-428e-8277-92c895b89d75"},{"type":"single","resource":"nexo:82e0024a-6b08-428e-8277-92c895b89d75"},{"type":"single","resource":"nexo:adf081a6-c635-4baa-bc76-979b5c00e39c"},{"type":"single","resource":"nexo:73a33803-f1fe-42ee-bc18-ef1145d7918d"},{"type":"single","resource":"nexo:ec976e85-a29e-4d93-a87a-90f95d5189d9"},{"type":"single","resource":"nexo:aa7ec501-b8b2-4c8e-8d3d-024567406bab"},{"type":"single","resource":"nexo:76a6f2ea-390d-4352-b0d3-43c1d4775a0b"},{"type":"single","resource":"nexo:7c4eed71-03b5-4762-92cb-88cbc30b5cba"},{"type":"single","resource":"nexo:998e355e-7646-460a-94ca-25dbd99cccce"},{"type":"single","resource":"nexo:998e355e-7646-460a-94ca-25dbd99cccce"},{"type":"single","resource":"nexo:2836d3d9-0b2a-46d0-9306-7b65198970f3"},{"type":"single","resource":"nexo:9913f4a8-88c9-4cd9-b137-c63f2a1d1868"},{"type":"single","resource":"nexo:d7c91734-f6d8-4291-8be1-5c6d5f2bc014"},{"type":"single","resource":"nexo:69b7668c-e7ca-4fbb-af6e-b6dd9ad7a9bd"},{"type":"single","resource":"nexo:69b7668c-e7ca-4fbb-af6e-b6dd9ad7a9bd"},{"type":"single","resource":"nexo:4c5f01ac-cefd-4e23-98eb-a82b8642d4ec"},{"type":"single","resource":"nexo:4c5f01ac-cefd-4e23-98eb-a82b8642d4ec"},{"type":"single","resource":"nexo:72b8d3e2-481e-4488-be56-67fcdb4fab25"},{"type":"single","resource":"nexo:72b8d3e2-481e-4488-be56-67fcdb4fab25"},{"type":"single","resource":"nexo:e8a0f796-0ac5-4086-a7d8-861512b2ce9c"},{"type":"single","resource":"nexo:45d93360-55f0-4f79-93c2-5f92e24ffe32"},{"type":"single","resource":"nexo:17fd085f-da10-4197-8dd0-62fca2b8155e"},{"type":"single","resource":"nexo:17fd085f-da10-4197-8dd0-62fca2b8155e"},{"type":"single","resource":"nexo:3e89f01d-811a-4a5e-bc0c-56fc583efee2"},{"type":"single","resource":"nexo:bac63ce1-b60f-43be-ba84-d77edc2f6f81"},{"type":"single","resource":"nexo:509dc596-5dca-45d8-bcc3-a3aae6e80009"},{"type":"single","resource":"nexo:509dc596-5dca-45d8-bcc3-a3aae6e80009"},{"type":"single","resource":"item/paper"},{"type":"single","resource":"item/potion"},{"type":"single","resource":"item/potion_overlay"},{"type":"single","resource":"item/potion_overlay"},{"type":"single","resource":"item/splash_potion"},{"type":"single","resource":"item/stone_pickaxe"},{"type":"single","resource":"item/trident"},{"type":"single","resource":"item/wolf_armor"},{"type":"single","resource":"item/wolf_armor_overlay"},{"type":"single","resource":"item/wooden_hoe"},{"type":"single","resource":"item/wooden_sword"},{"type":"single","resource":"ca8fd431-c9e2-4593-bc27-a364d99c3499"},{"type":"single","resource":"ca8fd431-c9e2-4593-bc27-a364d99c3499"},{"type":"single","resource":"ca8fd431-c9e2-4593-bc27-a364d99c3499"},{"type":"single","resource":"ca8fd431-c9e2-4593-bc27-a364d99c3499"},{"type":"single","resource":"9e7f714a-0f56-469b-bdba-07148f453389"},{"type":"single","resource":"9e7f714a-0f56-469b-bdba-07148f453389"},{"type":"single","resource":"9e7f714a-0f56-469b-bdba-07148f453389"},{"type":"single","resource":"9e7f714a-0f56-469b-bdba-07148f453389"},{"type":"single","resource":"971e6f69-dacd-48a6-879d-dfd926bbcce0"},{"type":"single","resource":"971e6f69-dacd-48a6-879d-dfd926bbcce0"},{"type":"single","resource":"ba4c1f55-59f4-492b-b2cf-d8fe4ecbb931"},{"type":"single","resource":"ba4c1f55-59f4-492b-b2cf-d8fe4ecbb931"}]}