{"display":{"thirdperson_righthand":{"rotation":[0.0,-90.0,0.0],"translation":[0.0,1.25,0.0]},"thirdperson_lefthand":{"rotation":[0.0,-90.0,0.0],"translation":[0.0,1.25,0.0]},"firstperson_righthand":{"rotation":[0.0,-90.0,0.0],"translation":[2.5,2.25,0.0]},"firstperson_lefthand":{"rotation":[0.0,-90.0,0.0],"translation":[2.5,2.25,0.0]},"ground":{"rotation":[45.0,0.0,0.0],"translation":[0.0,2.75,0.0],"scale":[0.7,0.7,0.7]},"gui":{"rotation":[0.0,0.0,-45.0],"translation":[-1.25,-1.25,0.0]},"head":{"scale":[0.0,0.0,0.0]},"fixed":{"rotation":[0.0,0.0,45.0],"translation":[2.0,-2.0,0.0],"scale":[1.29,1.29,1.29]}},"elements":[{"from":[7.0,0.0,7.5],"to":[9.0,7.0,8.5],"rotation":{"origin":[7.0,0.0,7.5],"axis":"y","angle":0.0},"faces":{"north":{"uv":[3.0,0.0,4.0,3.5],"texture":"#2"},"east":{"uv":[2.0,5.0,2.5,8.5],"texture":"#2"},"south":{"uv":[3.0,3.5,4.0,7.0],"texture":"#2"},"west":{"uv":[2.5,5.0,3.0,8.5],"texture":"#2"},"up":{"uv":[7.5,5.0,6.5,4.5],"texture":"#2"},"down":{"uv":[6.0,6.5,5.0,7.0],"texture":"#2"}}},{"from":[6.5,7.0,7.0],"to":[9.5,9.0,9.0],"rotation":{"origin":[6.5,2.0,6.0],"axis":"y","angle":0.0},"faces":{"north":{"uv":[5.0,3.0,6.5,4.0],"texture":"#2"},"east":{"uv":[6.0,1.0,7.0,2.0],"texture":"#2"},"south":{"uv":[5.0,4.0,6.5,5.0],"texture":"#2"},"west":{"uv":[6.0,2.0,7.0,3.0],"texture":"#2"},"up":{"uv":[6.5,6.0,5.0,5.0],"texture":"#2"},"down":{"uv":[7.5,0.0,6.0,1.0],"texture":"#2"}}},{"from":[5.5,8.0,7.0],"to":[6.5,9.0,9.0],"rotation":{"origin":[4.5,8.0,7.0],"axis":"y","angle":0.0},"faces":{"north":{"uv":[3.5,7.0,4.0,7.5],"texture":"#2"},"east":{"uv":[6.5,5.0,7.5,5.5],"texture":"#2"},"south":{"uv":[0.0,7.5,0.5,8.0],"texture":"#2"},"west":{"uv":[6.5,5.5,7.5,6.0],"texture":"#2"},"up":{"uv":[6.5,7.5,6.0,6.5],"texture":"#2"},"down":{"uv":[7.0,6.0,6.5,7.0],"texture":"#2"}}},{"from":[9.5,8.0,7.0],"to":[10.5,9.0,9.0],"rotation":{"origin":[9.5,8.0,7.0],"axis":"y","angle":0.0},"faces":{"north":{"uv":[7.5,0.0,8.0,0.5],"texture":"#2"},"east":{"uv":[7.0,1.0,8.0,1.5],"texture":"#2"},"south":{"uv":[0.5,7.5,1.0,8.0],"texture":"#2"},"west":{"uv":[7.0,1.5,8.0,2.0],"texture":"#2"},"up":{"uv":[7.5,3.0,7.0,2.0],"texture":"#2"},"down":{"uv":[3.5,7.0,3.0,8.0],"texture":"#2"}}},{"from":[6.5,9.0,7.5],"to":[9.5,19.0,8.5],"rotation":{"origin":[8.5,9.0,7.5],"axis":"y","angle":0.0},"faces":{"north":{"uv":[0.0,0.0,1.5,5.0],"texture":"#2"},"east":{"uv":[1.0,5.0,1.5,10.0],"texture":"#2"},"south":{"uv":[1.5,0.0,3.0,5.0],"texture":"#2"},"west":{"uv":[1.5,5.0,2.0,10.0],"texture":"#2"},"up":{"uv":[6.5,6.5,5.0,6.0],"texture":"#2"},"down":{"uv":[8.0,3.0,6.5,3.5],"texture":"#2"}}},{"from":[6.85,1.5,7.35],"to":[9.15,6.5,8.65],"rotation":{"origin":[7.0,1.5,7.5],"axis":"y","angle":0.0},"faces":{"north":{"uv":[4.0,3.0,5.0,5.5],"texture":"#2"},"east":{"uv":[4.0,5.5,4.5,8.0],"texture":"#2"},"south":{"uv":[0.0,5.0,1.0,7.5],"texture":"#2"},"west":{"uv":[4.5,5.5,5.0,8.0],"texture":"#2"},"up":{"uv":[7.5,4.0,6.5,3.5],"texture":"#2"},"down":{"uv":[7.5,4.0,6.5,4.5],"texture":"#2"}}},{"from":[7.0,19.0,7.5],"to":[9.0,20.0,8.5],"rotation":{"origin":[7.0,19.0,7.5],"axis":"y","angle":0.0},"faces":{"north":{"uv":[5.0,7.0,6.0,7.5],"texture":"#2"},"east":{"uv":[7.5,0.5,8.0,1.0],"texture":"#2"},"south":{"uv":[7.0,6.0,8.0,6.5],"texture":"#2"},"west":{"uv":[7.5,2.0,8.0,2.5],"texture":"#2"},"up":{"uv":[7.5,7.5,6.5,7.0],"texture":"#2"},"down":{"uv":[8.0,6.5,7.0,7.0],"texture":"#2"}}},{"from":[3.75,7.5,8.0],"to":[7.75,10.5,8.0],"rotation":{"origin":[5.25,9.0,8.0],"axis":"z","angle":-22.5},"faces":{"north":{"uv":[4.0,0.0,6.0,1.5],"texture":"#2"},"east":{"uv":[0.0,0.0,0.0,1.5],"texture":"#2"},"south":{"uv":[4.0,1.5,6.0,3.0],"texture":"#2"},"west":{"uv":[0.0,0.0,0.0,1.5],"texture":"#2"},"up":{"uv":[2.0,0.0,0.0,0.0],"texture":"#2"},"down":{"uv":[2.0,0.0,0.0,0.0],"texture":"#2"}}},{"from":[9.15,6.5,8.65],"to":[6.85,1.5,7.35],"rotation":{"origin":[7.0,1.5,7.5],"axis":"y","angle":0.0},"faces":{"north":{"uv":[0.0,7.5,1.0,5.0],"texture":"#2"},"east":{"uv":[4.5,8.0,5.0,5.5],"texture":"#2"},"south":{"uv":[4.0,5.5,5.0,3.0],"texture":"#2"},"west":{"uv":[4.0,8.0,4.5,5.5],"texture":"#2"},"up":{"uv":[6.5,4.0,7.5,4.5],"texture":"#2"},"down":{"uv":[6.5,4.0,7.5,3.5],"texture":"#2"}}}],"textures":{"2":"nexo:572d2b15-3b87-4ba9-a2fc-e5a2242a4541"},"gui_light":"front"}