{"parent":"item/generated","display":{"thirdperson_righthand":{"rotation":[-80.0,260.0,-40.0],"translation":[-1.0,-2.0,2.5],"scale":[0.9,0.9,0.9]},"thirdperson_lefthand":{"rotation":[-80.0,-280.0,40.0],"translation":[-1.0,-2.0,2.5],"scale":[0.9,0.9,0.9]},"firstperson_righthand":{"rotation":[0.0,-90.0,25.0],"translation":[1.13,3.2,1.13],"scale":[0.68,0.68,0.68]},"firstperson_lefthand":{"rotation":[0.0,90.0,-25.0],"translation":[1.13,3.2,1.13],"scale":[0.68,0.68,0.68]}},"textures":{"layer0":"item/bow"},"overrides":[{"predicate":{"pulling":1},"model":"item/bow_pulling_0"},{"predicate":{"pulling":1,"pull":0.65},"model":"item/bow_pulling_1"},{"predicate":{"pulling":1,"pull":0.9},"model":"item/bow_pulling_2"},{"predicate":{"custom_model_data":1000},"model":"39ae5c6a-8a26-43d2-b895-1ea87e525a83"},{"predicate":{"pulling":1.0,"pull":0.0,"custom_model_data":1000},"model":"cf9ec6b9-3826-4d8b-8bbf-577a9eaaaf14"},{"predicate":{"pulling":1.0,"pull":0.65,"custom_model_data":1000},"model":"2fa273ce-cebe-4429-bcff-288466e8cc3a"},{"predicate":{"pulling":1.0,"pull":0.9,"custom_model_data":1000},"model":"df0b1064-5b0e-4cde-b8b4-5c6e74d8ff80"}]}