{"parent":"item/handheld","textures":{"layer0":"item/diamond_sword"},"overrides":[{"predicate":{"custom_model_data":1001},"model":"49b791c4-8fcf-4bf6-9fb7-024cdab6df70"},{"predicate":{"custom_model_data":1002},"model":"d115c121-5fac-41ea-a91f-a0e53b95dd87"},{"predicate":{"custom_model_data":1003},"model":"570c07d3-7bde-4e69-9ad4-23da38822376"},{"predicate":{"custom_model_data":1004},"model":"0203445d-ad56-43c3-addc-4f1de15b7fa6"},{"predicate":{"custom_model_data":1005},"model":"405adbb4-b681-4a33-a24d-44f4afc3aa5e"},{"predicate":{"custom_model_data":1006},"model":"455c76ba-ef71-4088-b177-53eba17746a8"},{"predicate":{"custom_model_data":1007},"model":"c74c80d7-0180-4d76-b734-d79a8095e48b"},{"predicate":{"custom_model_data":1008},"model":"b1e568cb-7cb3-4745-a063-863d8eb50a8e"},{"predicate":{"custom_model_data":1009},"model":"aa0e7719-5737-4609-9279-d0563ff6e29f"},{"predicate":{"custom_model_data":1010},"model":"ee67d670-53f1-4021-94b7-4ae08b8b92db"},{"predicate":{"custom_model_data":1011},"model":"056f6037-f06a-419e-965a-3b5bb1a3409a"},{"predicate":{"custom_model_data":1012},"model":"2ba36688-cafa-4771-916d-56e75fee63e9"}]}