{"parent":"item/handheld","textures":{"layer0":"item/diamond_pickaxe"},"overrides":[{"predicate":{"custom_model_data":1001},"model":"a951f140-5045-4d04-b1b5-78d1b7458a96"},{"predicate":{"custom_model_data":1002},"model":"1680e5d4-3f1f-4300-b18b-aa979a24f445"},{"predicate":{"custom_model_data":1003},"model":"71845ca3-d8f1-4133-bb16-8c9fa4a9e7d6"},{"predicate":{"custom_model_data":1004},"model":"6ade5528-1a3b-491b-82d3-7da457ad85b5"},{"predicate":{"custom_model_data":1005},"model":"166d424d-6ce6-4191-b6ec-b33c127f28ad"},{"predicate":{"custom_model_data":1006},"model":"168caad3-b002-4281-95c4-18e757a155da"}]}