{"parent":"item/generated","textures":{"layer0":"item/gold_nugget"},"overrides":[{"predicate":{"custom_model_data":500},"model":"0d2b1bf4-a4e7-4242-aa5e-1cc3830d9346"},{"predicate":{"custom_model_data":501},"model":"49644c27-c7b4-4e2e-a49a-da8d05966178"},{"predicate":{"custom_model_data":502},"model":"100a7dd2-a9e0-4211-b0a9-22a30b7fe730"},{"predicate":{"custom_model_data":503},"model":"24d33e8c-0a9b-43a6-843a-812bc285ab6e"},{"predicate":{"custom_model_data":504},"model":"b076af6d-35c3-4670-bf0c-473907819b39"},{"predicate":{"custom_model_data":505},"model":"6a861941-6fd7-44e5-87a0-ca5f29e4288c"},{"predicate":{"custom_model_data":506},"model":"f5e55552-10fe-46d6-a074-f8ddb2992c48"},{"predicate":{"custom_model_data":507},"model":"ab0e2833-844c-48f0-a96e-6a6c7120a85e"},{"predicate":{"custom_model_data":508},"model":"dcaa23e6-b5e8-40cf-b4d7-0ee08dfd91f2"}]}