{"parent":"item/generated","textures":{"layer0":"item/leather_horse_armor"},"overrides":[{"predicate":{"custom_model_data":1},"model":"bloons:balloons/balloon-dyeable"},{"predicate":{"custom_model_data":1},"model":"modelengine:835167af-e18c-4864-94e3-6416e0eadc68"},{"predicate":{"custom_model_data":45},"model":"modelengine:e2fb4069-792a-42b3-beb5-b61341a18463"},{"predicate":{"custom_model_data":52},"model":"modelengine:44f00b62-505a-4353-85b2-e5630a677946"},{"predicate":{"custom_model_data":58},"model":"modelengine:8cf932d0-29fa-4e8b-8044-ab62d498b45a"},{"predicate":{"custom_model_data":59},"model":"modelengine:daee89f7-dee4-4867-a18c-185ee1cfbca8"},{"predicate":{"custom_model_data":60},"model":"modelengine:8fa1c50c-ddbc-4754-92b7-e2d810e1318e"},{"predicate":{"custom_model_data":61},"model":"modelengine:bc905579-8e41-4f56-a8a7-c1b6d1f8db93"},{"predicate":{"custom_model_data":67},"model":"modelengine:c649d67a-f855-4d1d-aa47-45dd34872534"},{"predicate":{"custom_model_data":70},"model":"modelengine:a0c2375f-0582-4a4d-8775-47b369b3a90c"},{"predicate":{"custom_model_data":82},"model":"modelengine:b9e996a1-5af0-4756-a2b4-e3d7332f8e0d"},{"predicate":{"custom_model_data":87},"model":"modelengine:c1e7c8fb-7a61-4634-988b-a38f0a32d8f8"},{"predicate":{"custom_model_data":185},"model":"modelengine:87391ae6-90d1-4a62-a873-8d67a186d632"},{"predicate":{"custom_model_data":186},"model":"modelengine:2ed1ee4e-4986-482b-be01-948799511e5f"},{"predicate":{"custom_model_data":187},"model":"modelengine:db0bfd74-4983-4861-a5c2-fdc648839b40"},{"predicate":{"custom_model_data":188},"model":"modelengine:cc2b9a5a-d6ab-4631-aacb-f27283d6e72c"},{"predicate":{"custom_model_data":189},"model":"modelengine:fc9adfd1-45da-4988-9b1e-1b09a18e3b08"},{"predicate":{"custom_model_data":190},"model":"modelengine:9c642ed3-d1a7-4b85-8282-230891ccf9c5"},{"predicate":{"custom_model_data":191},"model":"modelengine:e1b45c72-40dd-411a-9687-5d61354673aa"},{"predicate":{"custom_model_data":192},"model":"modelengine:2aea42c6-f024-466f-926b-7c20d181bfd0"},{"predicate":{"custom_model_data":193},"model":"modelengine:6a9780da-99ec-4a41-bb30-89128e713152"},{"predicate":{"custom_model_data":194},"model":"modelengine:0d5348bb-89db-4854-bba3-2b70c330b0ab"},{"predicate":{"custom_model_data":195},"model":"modelengine:5884a00c-3813-42c3-8f0c-161370f1a4da"}]}