{"parent":"item/generated","textures":{"layer0":"item/paper"},"overrides":[{"predicate":{"custom_model_data":1000},"model":"ff5957db-fc63-471c-8cfe-e8d44437d9f1"},{"predicate":{"custom_model_data":1001},"model":"96d7582a-694a-4bdc-af77-9a2810f59678"},{"predicate":{"custom_model_data":1002},"model":"dc683436-16bc-42e7-8bdb-89e0c610be60"},{"predicate":{"custom_model_data":1003},"model":"e2de1387-9f26-4fa5-96f9-4c6093c1a697"},{"predicate":{"custom_model_data":1004},"model":"c402c219-6860-4ad7-9616-47b1ff67f027"},{"predicate":{"custom_model_data":1005},"model":"ec332147-51da-4ebc-a6cc-c9ef0858e2b2"},{"predicate":{"custom_model_data":1006},"model":"5add5e7f-553c-4396-b8de-b144de6ab6a5"},{"predicate":{"custom_model_data":1007},"model":"79c6423a-8d21-4123-a256-04f1a734fff7"},{"predicate":{"custom_model_data":1008},"model":"cb9ddefe-7641-4ce8-a73c-1184305281e9"},{"predicate":{"custom_model_data":1009},"model":"cae399c0-1e79-4076-8385-2ed51b4f724e"},{"predicate":{"custom_model_data":1010},"model":"2bf216bb-ba75-4fb6-a770-0f87518e7c0b"},{"predicate":{"custom_model_data":1011},"model":"bd7336b3-7dcb-4d48-a1a5-af8530e83a30"},{"predicate":{"custom_model_data":1012},"model":"ee105752-5f52-4d3c-9f44-cfa018e58991"},{"predicate":{"custom_model_data":1013},"model":"32661401-ed38-4b30-8f9f-5ff4971c593c"},{"predicate":{"custom_model_data":1014},"model":"125c365a-275f-49eb-a2f8-8f1b1c1f8793"},{"predicate":{"custom_model_data":1015},"model":"cb5b8f25-2016-4400-96cf-86f4ce9d928c"},{"predicate":{"custom_model_data":1016},"model":"e8ddcbaf-fa28-4a79-a198-d7cff4d3f88a"},{"predicate":{"custom_model_data":1017},"model":"e943f8f4-a815-404d-ad86-21a8cf3ee2fd"},{"predicate":{"custom_model_data":1018},"model":"506e9b2f-bcb1-4b38-85e3-d8fdbfee0ad3"},{"predicate":{"custom_model_data":1019},"model":"81c3c4c9-f992-43f4-afbe-19bb1f8ab34e"},{"predicate":{"custom_model_data":1020},"model":"bc3e09b0-dae2-48fe-a55a-9d8da5bdeb34"},{"predicate":{"custom_model_data":1021},"model":"3bf2b91b-e14e-455c-a051-98717963513f"},{"predicate":{"custom_model_data":1022},"model":"5218be1b-e5dc-445a-ace2-8ffa3fd0468b"},{"predicate":{"custom_model_data":1023},"model":"be732566-8d8c-42a8-af2d-fc1a0402111c"},{"predicate":{"custom_model_data":1024},"model":"73706973-ab63-4ebc-b427-17826647e204"},{"predicate":{"custom_model_data":1025},"model":"50002a76-c88e-423a-b008-d8c436f09f5e"},{"predicate":{"custom_model_data":1026},"model":"feddfcb5-fe6c-4ea3-9641-6fd0c1550bdd"},{"predicate":{"custom_model_data":1027},"model":"def84914-8e78-4413-b56a-0dd8370df59a"},{"predicate":{"custom_model_data":1028},"model":"4dde1a00-9390-46e4-a424-e550d1fbabb2"},{"predicate":{"custom_model_data":1029},"model":"e87e856f-3431-47f6-bfdc-2aac856040ac"},{"predicate":{"custom_model_data":1030},"model":"591f4d54-8366-4e65-8d8f-f9ee33f0d5f4"},{"predicate":{"custom_model_data":1031},"model":"3d82fa64-b6f9-49dc-b3dc-15a1c09fa512"},{"predicate":{"custom_model_data":1032},"model":"da23e94e-ec83-4594-a8c2-c8a1b75275bb"},{"predicate":{"custom_model_data":1033},"model":"253ab4e0-b16f-49a1-885e-598c2785946b"},{"predicate":{"custom_model_data":1034},"model":"e67415fb-b138-48e4-bb4e-8966a083b5af"},{"predicate":{"custom_model_data":1035},"model":"57efc1db-159c-41c8-a99b-7d3c00eeb6cf"},{"predicate":{"custom_model_data":1036},"model":"5fc41214-ba2a-425d-851d-987ac558fc0b"},{"predicate":{"custom_model_data":1037},"model":"058a001f-ea43-42f2-922c-38125b01cc29"},{"predicate":{"custom_model_data":1038},"model":"f4c761c5-b21d-44a6-b906-9c5695c2b6f1"},{"predicate":{"custom_model_data":1039},"model":"41f0eecd-ea83-4c33-89f8-cd342df6b38c"},{"predicate":{"custom_model_data":1040},"model":"block/fire_floor0"},{"predicate":{"custom_model_data":1041},"model":"23f3edd8-96fb-4602-98c8-ee67551cde3c"},{"predicate":{"custom_model_data":1042},"model":"4a8829de-4652-4aff-a54e-5f5a69bf6e4e"},{"predicate":{"custom_model_data":1043},"model":"899bfdd0-0126-466c-8c16-447e98d9ecf4"},{"predicate":{"custom_model_data":1044},"model":"ba852e8e-87ff-4e96-bb67-dffb1b9d9402"},{"predicate":{"custom_model_data":1045},"model":"9e91da09-18a7-4450-99a0-f67e1295b73c"},{"predicate":{"custom_model_data":1046},"model":"b2dc56e6-6ce1-47c7-b887-b8a5b0f8bf62"},{"predicate":{"custom_model_data":1047},"model":"32a97afe-aeaf-4be7-8fc5-4e4962e3c5fd"},{"predicate":{"custom_model_data":1048},"model":"fe4ce04e-cd8d-4557-9d6a-a2d936830612"},{"predicate":{"custom_model_data":1049},"model":"6b830c6a-072b-4ee3-a12d-877de183661f"},{"predicate":{"custom_model_data":1050},"model":"8bd84476-d158-46d5-a68c-43fae219f8c7"},{"predicate":{"custom_model_data":1051},"model":"99880644-7dc1-40b2-a747-3da610dfaf36"},{"predicate":{"custom_model_data":1052},"model":"f239905b-e08d-4d8c-a89b-9c1b3e6ad00c"},{"predicate":{"custom_model_data":1053},"model":"c34a70c5-3318-4f08-b04a-1cf34e4e0194"},{"predicate":{"custom_model_data":1054},"model":"448d1dee-ab86-4acd-8a79-81eed25ff322"},{"predicate":{"custom_model_data":1055},"model":"bd64f605-28ac-46a8-aea0-b046395922e5"},{"predicate":{"custom_model_data":1056},"model":"bb4a550e-c746-4286-93d2-9837300e98f1"},{"predicate":{"custom_model_data":1057},"model":"319f180a-a12f-4b95-9dfe-c2f3638cb510"},{"predicate":{"custom_model_data":1058},"model":"nexo:8acb35c1-8498-4ea0-a092-da501b17d822"},{"predicate":{"custom_model_data":1059},"model":"nexo:6a269166-01fa-4fff-8b15-a583b50954ca"},{"predicate":{"custom_model_data":1060},"model":"nexo:80439f43-ba30-47db-a21f-6ad3fddec24a"},{"predicate":{"custom_model_data":1061},"model":"nexo:ca85645c-7257-415f-881c-73ad1408310f"},{"predicate":{"custom_model_data":1062},"model":"nexo:d2e7a033-2541-4500-b7a1-aee381f2579f"},{"predicate":{"custom_model_data":1063},"model":"nexo:4ca8d648-d80b-4136-9b28-a976c7da2ef5"},{"predicate":{"custom_model_data":1064},"model":"nexo:8c2efb5a-4e42-4051-bc33-97a4714fca36"},{"predicate":{"custom_model_data":1065},"model":"bd696116-953c-4371-b93f-d479f289861f"},{"predicate":{"custom_model_data":1066},"model":"df007c2b-b450-4ad0-bed0-7519af3a5054"},{"predicate":{"custom_model_data":1067},"model":"f2edd256-cade-4987-b7ec-34ca06b1e08a"},{"predicate":{"custom_model_data":1068},"model":"fortunewheel/fortunewheel_pizza"},{"predicate":{"custom_model_data":1069},"model":"plny_summer2025cosmeticsset:sun_hat"},{"predicate":{"custom_model_data":1070},"model":"plny_summer2025cosmeticsset:duck_floatie"},{"predicate":{"custom_model_data":1071},"model":"plny_summer2025cosmeticsset:flower_crown"},{"predicate":{"custom_model_data":1072},"model":"plny_summer2025cosmeticsset:mini_fan"},{"predicate":{"custom_model_data":1073},"model":"plny_summer2025cosmeticsset:snorkel_mask"},{"predicate":{"custom_model_data":1074},"model":"plny_summer2025cosmeticsset:surfboard"},{"predicate":{"custom_model_data":1075},"model":"plny_summer2025cosmeticsset:umbrella"},{"predicate":{"custom_model_data":1076},"model":"plny_summer2025cosmeticsset:water_gun"}]}