{"parent":"item/template_skull","overrides":[{"predicate":{"custom_model_data":1},"model":"13500809-78de-4498-8dc0-a401652a7cfd"},{"predicate":{"custom_model_data":2},"model":"a880db07-3f22-4760-9158-7eb4613b6d44"},{"predicate":{"custom_model_data":3},"model":"78927343-548e-4ba7-8b77-0bd505d83b7c"},{"predicate":{"custom_model_data":4},"model":"862f1c6c-66a3-4965-8c4c-3d939ca3ffb3"},{"predicate":{"custom_model_data":5},"model":"85f23bae-22f1-4e13-8e9e-2eefb50755d8"},{"predicate":{"custom_model_data":6},"model":"f9d88ea3-397f-49fb-a598-7065999cd224"},{"predicate":{"custom_model_data":7},"model":"e5d5c65e-4a9d-48a9-b38c-d75af6aa9563"},{"predicate":{"custom_model_data":8},"model":"22c922d0-f9ac-4419-8df6-2bae918a57ed"}]}