{"parent":"builtin/entity","display":{"thirdperson_righthand":{"rotation":[0.0,90.0,0.0],"translation":[10.0,6.0,-4.0]},"thirdperson_lefthand":{"rotation":[0.0,90.0,0.0],"translation":[10.0,6.0,12.0]},"firstperson_righthand":{"rotation":[0.0,180.0,5.0],"translation":[-10.0,2.0,-10.0],"scale":[1.25,1.25,1.25]},"firstperson_lefthand":{"rotation":[0.0,180.0,5.0],"translation":[10.0,0.0,-10.0],"scale":[1.25,1.25,1.25]},"gui":{"rotation":[15.0,-25.0,-5.0],"translation":[2.0,3.0,0.0],"scale":[0.65,0.65,0.65]},"fixed":{"rotation":[0.0,180.0,0.0],"translation":[-4.5,4.5,-5.0],"scale":[0.55,0.55,0.55]},"ground":{"translation":[2.0,4.0,2.0],"scale":[0.25,0.25,0.25]}},"textures":{"particle":"block/dark_oak_planks"},"gui_light":"front","overrides":[{"predicate":{"blocking":1},"model":"item/shield_blocking"},{"predicate":{"custom_model_data":1000},"model":"5ac8e78d-9fd4-4a1b-806f-a5b8f9cd9b45"},{"predicate":{"blocking":1.0,"custom_model_data":1000},"model":"d80a1fbd-4c13-476d-ae2e-ad7fc3c50a35"},{"predicate":{"custom_model_data":1001},"model":"nexo:48633641-ee28-4f60-8ba9-c79b9d6f1a77"},{"predicate":{"blocking":1.0,"custom_model_data":1001},"model":"nexo:fba5edf9-35ca-4d47-abb9-259a34a0f26b"}]}