{"display":{"thirdperson_righthand":{"rotation":[0.0,90.0,0.0],"translation":[0.7,14.0,2.0],"scale":[1.4,1.4,1.4]},"thirdperson_lefthand":{"rotation":[0.0,-90.0,0.0],"translation":[-1.0,14.0,2.0],"scale":[1.4,1.4,1.4]},"firstperson_righthand":{"rotation":[-11.0,102.0,0.0],"translation":[0.0,8.3473,0.0]},"firstperson_lefthand":{"rotation":[-11.0,-90.0,0.0],"translation":[0.0,8.3473,0.0]},"gui":{"rotation":[-6.0,-31.0,-47.0],"translation":[0.6959,2.7826,0.0],"scale":[1.0433,0.7148,0.7542]},"ground":{"translation":[0.0,15.304,0.0]},"fixed":{"rotation":[0.0,0.0,49.0],"translation":[-3.478,1.3913,0.0],"scale":[0.8,0.8,0.8]}},"elements":[{"from":[8.5,-10.0,7.0],"to":[8.75,-9.5,7.75],"faces":{"down":{"uv":[13.5,13.5,14.0,14.0],"texture":"#0"},"north":{"uv":[13.0,14.0,13.5,15.0],"texture":"#0"},"south":{"uv":[13.0,14.0,13.5,15.0],"texture":"#0"},"east":{"uv":[12.5,13.5,13.0,14.0],"texture":"#0"}}},{"from":[8.25,-10.25,7.0],"to":[8.5,-7.75,7.75],"faces":{"down":{"uv":[13.5,11.5,14.0,15.5],"texture":"#0"},"north":{"uv":[13.5,12.5,14.0,15.5],"texture":"#0"},"south":{"uv":[13.5,12.5,14.0,15.5],"texture":"#0"},"west":{"uv":[13.5,11.5,14.0,15.5],"texture":"#0"},"east":{"uv":[13.5,11.5,14.0,15.5],"texture":"#0"}}},{"from":[8.0,-10.0,7.0],"to":[8.25,-9.5,7.75],"faces":{"down":{"uv":[13.5,13.5,14.0,14.0],"texture":"#0"},"north":{"uv":[14.0,14.0,14.5,15.0],"texture":"#0"},"south":{"uv":[14.0,14.0,14.5,15.0],"texture":"#0"},"west":{"uv":[14.5,13.5,15.0,14.0],"texture":"#0"}}},{"from":[9.0,-9.25,7.0],"to":[9.25,-9.0,7.75],"faces":{"down":{"uv":[12.0,13.0,12.5,13.5],"texture":"#0"},"north":{"uv":[12.0,13.0,12.5,13.5],"texture":"#0"},"south":{"uv":[12.0,13.0,12.5,13.5],"texture":"#0"},"east":{"uv":[12.0,13.0,12.5,13.5],"texture":"#0"}}},{"from":[7.75,-9.5,7.0],"to":[9.0,-8.75,7.75],"faces":{"down":{"uv":[12.5,12.5,15.0,14.0],"texture":"#0"},"north":{"uv":[12.5,12.5,15.0,14.0],"texture":"#0"},"south":{"uv":[12.5,12.5,15.0,14.0],"texture":"#0"},"west":{"uv":[12.5,12.5,15.0,14.0],"texture":"#0"},"east":{"uv":[12.5,12.5,15.0,14.0],"texture":"#0"}}},{"from":[8.25,-6.5,6.75],"to":[8.5,-6.25,8.0],"faces":{"up":{"uv":[5.0,4.0,7.5,4.5],"texture":"#0","rotation":270},"north":{"uv":[7.0,1.0,7.5,2.5],"texture":"#0"},"south":{"uv":[7.0,1.0,7.5,2.5],"texture":"#0"},"west":{"uv":[2.5,3.0,5.0,3.5],"texture":"#0"},"east":{"uv":[2.5,3.0,5.0,3.5],"texture":"#0"}}},{"from":[7.5,-9.25,7.0],"to":[7.75,-9.0,7.75],"faces":{"down":{"uv":[15.0,13.0,15.5,13.5],"texture":"#0"},"north":{"uv":[15.0,13.0,15.5,13.5],"texture":"#0"},"south":{"uv":[15.0,13.0,15.5,13.5],"texture":"#0"},"west":{"uv":[15.0,13.0,15.5,13.5],"texture":"#0"}}},{"from":[7.5,-7.5,6.5],"to":[7.75,-7.25,8.25],"faces":{"down":{"uv":[6.5,6.5,10.0,7.0],"texture":"#0","rotation":90},"up":{"uv":[6.5,6.5,10.0,7.0],"texture":"#0","rotation":270},"north":{"uv":[5.5,3.5,6.0,4.0],"texture":"#0"},"south":{"uv":[5.5,3.5,6.0,4.0],"texture":"#0"},"west":{"uv":[1.5,4.0,5.0,4.5],"texture":"#0"},"east":{"uv":[1.5,4.0,5.0,4.5],"texture":"#0"}}},{"from":[7.75,-8.5,6.75],"to":[8.0,-7.75,8.0],"faces":{"north":{"uv":[8.0,0.0,8.5,1.5],"texture":"#0"},"south":{"uv":[8.0,0.0,8.5,1.5],"texture":"#0"},"west":{"uv":[2.5,4.0,5.0,5.5],"texture":"#0"}}},{"from":[7.0,-7.5,7.0],"to":[7.25,-7.25,7.75],"faces":{"down":{"uv":[4.0,1.0,5.5,1.5],"texture":"#0","rotation":90},"north":{"uv":[9.0,0.5,9.5,1.0],"texture":"#0"},"south":{"uv":[9.0,0.5,9.5,1.0],"texture":"#0"},"west":{"uv":[5.5,1.5,8.0,2.0],"texture":"#0"}}},{"from":[7.0,-7.25,6.75],"to":[7.25,-7.0,8.0],"faces":{"down":{"uv":[7.0,5.5,9.5,6.0],"texture":"#0","rotation":90},"up":{"uv":[7.0,5.5,9.5,6.0],"texture":"#0","rotation":270},"north":{"uv":[5.5,5.5,6.0,6.0],"texture":"#0"},"south":{"uv":[5.5,5.5,6.0,6.0],"texture":"#0"},"west":{"uv":[6.5,5.5,9.0,6.0],"texture":"#0"},"east":{"uv":[6.5,5.5,9.0,6.0],"texture":"#0"}}},{"from":[8.0,-8.5,6.5],"to":[8.25,-7.75,8.25],"faces":{"down":{"uv":[3.0,1.5,6.5,2.0],"texture":"#0","rotation":90},"up":{"uv":[4.0,3.0,7.5,3.5],"texture":"#0","rotation":270},"north":{"uv":[6.0,3.0,6.5,4.5],"texture":"#0"},"south":{"uv":[6.0,3.0,6.5,4.5],"texture":"#0"},"west":{"uv":[5.0,1.0,8.5,2.5],"texture":"#0"},"east":{"uv":[5.0,1.0,8.5,2.5],"texture":"#0"}}},{"from":[8.25,-10.5,7.25],"to":[8.5,-10.25,7.5],"faces":{"down":{"uv":[13.5,15.5,14.0,16.0],"texture":"#0"},"north":{"uv":[13.5,15.5,14.0,16.0],"texture":"#0"},"south":{"uv":[13.5,15.5,14.0,16.0],"texture":"#0"},"west":{"uv":[13.5,15.5,14.0,16.0],"texture":"#0"},"east":{"uv":[13.5,15.5,14.0,16.0],"texture":"#0"}}},{"from":[7.25,-7.5,6.75],"to":[7.5,-7.25,8.0],"faces":{"down":{"uv":[4.5,4.5,7.0,5.0],"texture":"#0","rotation":90},"up":{"uv":[4.5,4.5,7.0,5.0],"texture":"#0","rotation":270},"north":{"uv":[3.0,5.0,3.5,5.5],"texture":"#0"},"south":{"uv":[3.0,5.0,3.5,5.5],"texture":"#0"},"west":{"uv":[5.5,1.5,8.0,2.0],"texture":"#0"}}},{"from":[6.75,-7.25,7.0],"to":[7.0,-7.0,7.75],"faces":{"down":{"uv":[5.0,0.0,6.5,0.5],"texture":"#0","rotation":90},"up":{"uv":[5.0,0.0,6.5,0.5],"texture":"#0","rotation":270},"north":{"uv":[0.0,0.0,0.5,0.5],"texture":"#0"},"south":{"uv":[0.0,0.0,0.5,0.5],"texture":"#0"},"west":{"uv":[7.5,5.5,9.0,6.0],"texture":"#0"}}},{"from":[6.75,-7.0,7.25],"to":[7.0,-6.75,7.5],"faces":{"up":{"uv":[8.0,5.0,8.5,5.5],"texture":"#0","rotation":90},"north":{"uv":[5.0,5.0,5.5,5.5],"texture":"#0"},"south":{"uv":[5.0,5.0,5.5,5.5],"texture":"#0"},"west":{"uv":[7.5,5.0,8.0,5.5],"texture":"#0"},"east":{"uv":[8.0,5.0,8.5,5.5],"texture":"#0"}}},{"from":[7.5,-9.5,7.25],"to":[9.25,-9.25,7.5],"faces":{"down":{"uv":[12.5,13.5,13.0,14.0],"texture":"#0"},"north":{"uv":[12.0,13.5,12.5,14.0],"texture":"#0"},"south":{"uv":[12.0,13.5,12.5,14.0],"texture":"#0"},"west":{"uv":[12.0,13.5,12.5,14.0],"texture":"#0"},"east":{"uv":[12.0,13.5,12.5,14.0],"texture":"#0"}}},{"from":[8.25,-8.5,6.75],"to":[8.5,-8.25,8.0],"faces":{"north":{"uv":[13.5,11.5,14.0,12.0],"texture":"#0"},"south":{"uv":[13.5,11.5,14.0,12.0],"texture":"#0"}}},{"from":[8.0,-10.25,7.25],"to":[8.75,-10.0,7.5],"faces":{"down":{"uv":[13.0,15.0,14.5,15.5],"texture":"#0"},"north":{"uv":[13.0,15.0,14.5,15.5],"texture":"#0"},"south":{"uv":[13.0,15.0,14.5,15.5],"texture":"#0"},"west":{"uv":[13.0,15.0,13.5,15.5],"texture":"#0"},"east":{"uv":[13.0,15.0,13.5,15.5],"texture":"#0"}}},{"from":[7.75,-10.0,7.25],"to":[9.0,-9.5,7.5],"faces":{"down":{"uv":[12.5,14.5,13.0,15.0],"texture":"#0"},"north":{"uv":[12.5,14.0,15.0,15.0],"texture":"#0"},"south":{"uv":[12.5,14.0,15.0,15.0],"texture":"#0"},"west":{"uv":[14.5,14.0,15.0,15.0],"texture":"#0"},"east":{"uv":[12.5,14.0,13.0,15.0],"texture":"#0"}}},{"from":[8.0,-9.25,6.75],"to":[8.75,-8.5,8.0],"faces":{"down":{"uv":[13.0,12.0,14.5,13.5],"texture":"#0"},"up":{"uv":[13.0,12.0,14.5,13.5],"texture":"#0"},"north":{"uv":[13.0,12.0,14.5,13.5],"texture":"#0"},"south":{"uv":[13.0,12.0,14.5,13.5],"texture":"#0"},"west":{"uv":[13.0,12.0,14.5,13.5],"texture":"#0"},"east":{"uv":[13.0,12.0,14.5,13.5],"texture":"#0"}}},{"from":[7.5,-8.0,6.75],"to":[7.75,-7.5,8.0],"faces":{"down":{"uv":[4.0,2.0,6.5,2.5],"texture":"#0","rotation":90},"north":{"uv":[3.0,5.0,3.5,6.0],"texture":"#0"},"south":{"uv":[3.0,5.0,3.5,6.0],"texture":"#0"},"west":{"uv":[0.5,2.0,3.0,3.0],"texture":"#0"},"east":{"uv":[0.5,2.0,3.0,3.0],"texture":"#0"}}},{"from":[7.75,-7.75,6.5],"to":[8.0,-7.5,8.25],"faces":{"down":{"uv":[6.5,7.0,10.0,7.5],"texture":"#0","rotation":90},"up":{"uv":[6.5,8.5,10.0,9.0],"texture":"#0","rotation":270},"north":{"uv":[1.5,2.0,2.0,2.5],"texture":"#0"},"south":{"uv":[1.5,2.0,2.0,2.5],"texture":"#0"},"west":{"uv":[5.5,3.5,6.0,4.0],"texture":"#0"},"east":{"uv":[6.5,6.5,10.0,7.0],"texture":"#0"}}},{"from":[7.5,-9.0,6.5],"to":[7.75,-8.75,8.25],"faces":{"down":{"uv":[2.0,1.0,2.5,3.5],"texture":"#0"},"up":{"uv":[2.0,1.0,2.5,3.5],"texture":"#0"},"north":{"uv":[1.5,2.5,2.0,3.0],"texture":"#0"},"south":{"uv":[1.5,2.5,2.0,3.0],"texture":"#0"},"west":{"uv":[1.0,2.5,3.0,3.0],"texture":"#0"},"east":{"uv":[1.0,2.5,3.0,3.0],"texture":"#0"}}},{"from":[7.75,-8.75,6.5],"to":[8.0,-8.5,8.25],"faces":{"down":{"uv":[1.0,2.0,4.5,2.5],"texture":"#0","rotation":270},"up":{"uv":[1.0,2.0,4.5,2.5],"texture":"#0","rotation":270},"north":{"uv":[7.5,2.5,8.0,3.0],"texture":"#0"},"south":{"uv":[7.5,2.5,8.0,3.0],"texture":"#0"},"west":{"uv":[3.0,2.0,6.5,2.5],"texture":"#0"},"east":{"uv":[3.0,2.0,6.5,2.5],"texture":"#0"}}},{"from":[7.25,-8.75,7.0],"to":[9.5,-8.5,7.75],"faces":{"down":{"uv":[7.0,3.5,7.5,5.0],"texture":"#0"},"up":{"uv":[7.0,3.5,7.5,5.0],"texture":"#0"},"north":{"uv":[6.0,3.0,6.5,3.5],"texture":"#0"},"south":{"uv":[6.0,3.0,6.5,3.5],"texture":"#0"},"west":{"uv":[4.0,3.5,5.5,4.0],"texture":"#0"},"east":{"uv":[4.0,3.5,5.5,4.0],"texture":"#0"}}},{"from":[7.0,-9.0,7.0],"to":[7.25,-8.75,7.75],"faces":{"up":{"uv":[2.0,4.0,2.5,5.5],"texture":"#0"},"north":{"uv":[2.5,2.0,3.0,2.5],"texture":"#0"},"south":{"uv":[2.5,2.0,3.0,2.5],"texture":"#0"},"west":{"uv":[2.0,2.0,3.5,2.5],"texture":"#0"}}},{"from":[6.75,-9.25,7.0],"to":[7.0,-9.0,7.75],"faces":{"down":{"uv":[5.0,2.5,5.5,3.999999],"texture":"#0"},"up":{"uv":[5.0,2.5,5.5,3.999999],"texture":"#0"},"north":{"uv":[4.5,3.5,5.0,4.0],"texture":"#0"},"south":{"uv":[4.5,3.5,5.0,4.0],"texture":"#0"},"west":{"uv":[4.5,3.5,5.0,4.0],"texture":"#0"}}},{"from":[9.75,-9.5,7.25],"to":[10.0,-9.25,7.5],"faces":{"down":{"uv":[8.0,9.999999,8.5,10.5],"texture":"#0"},"north":{"uv":[8.0,9.999999,8.5,10.5],"texture":"#0"},"south":{"uv":[8.0,9.999999,8.5,10.5],"texture":"#0"},"west":{"uv":[8.0,9.999999,8.5,10.5],"texture":"#0"},"east":{"uv":[8.0,9.999999,8.5,10.5],"texture":"#0"}}},{"from":[7.0,-9.25,6.75],"to":[7.25,-9.0,8.0],"faces":{"down":{"uv":[1.5,3.0,2.0,4.5],"texture":"#0"},"up":{"uv":[1.5,3.0,2.0,4.5],"texture":"#0"},"north":{"uv":[1.5,4.5,2.0,5.0],"texture":"#0"},"south":{"uv":[1.5,4.5,2.0,5.0],"texture":"#0"},"west":{"uv":[1.5,4.0,3.0,4.5],"texture":"#0"},"east":{"uv":[1.5,4.0,3.0,4.5],"texture":"#0"}}},{"from":[7.25,-9.0,6.75],"to":[7.5,-8.75,8.0],"faces":{"down":{"uv":[2.0,4.0,2.5,5.5],"texture":"#0"},"up":{"uv":[3.5,2.5,4.0,4.0],"texture":"#0"},"north":{"uv":[6.0,9.0,6.5,9.5],"texture":"#0"},"south":{"uv":[9.5,9.0,10.0,9.5],"texture":"#0"},"west":{"uv":[2.5,1.0,4.0,1.5],"texture":"#0"}}},{"from":[7.25,-9.25,7.25],"to":[9.5,-9.0,7.5],"faces":{"down":{"uv":[11.5,13.0,12.0,13.5],"texture":"#0"},"up":{"uv":[11.5,13.0,12.0,13.5],"texture":"#0"},"north":{"uv":[11.5,13.0,12.0,13.5],"texture":"#0"},"south":{"uv":[11.5,13.0,12.0,13.5],"texture":"#0"}}},{"from":[8.25,-9.5,6.75],"to":[8.5,-9.25,8.0],"faces":{"down":{"uv":[13.5,13.5,14.0,14.0],"texture":"#0"},"north":{"uv":[13.5,13.5,14.0,14.0],"texture":"#0"},"south":{"uv":[13.5,13.5,14.0,14.0],"texture":"#0"},"west":{"uv":[13.5,13.5,14.0,14.0],"texture":"#0"},"east":{"uv":[13.5,13.5,14.0,14.0],"texture":"#0"}}},{"from":[6.75,-9.5,7.25],"to":[7.0,-9.25,7.5],"faces":{"down":{"uv":[8.0,9.999999,8.5,10.5],"texture":"#0"},"north":{"uv":[8.0,9.999999,8.5,10.5],"texture":"#0"},"south":{"uv":[8.0,9.999999,8.5,10.5],"texture":"#0"},"west":{"uv":[8.0,9.999999,8.5,10.5],"texture":"#0"},"east":{"uv":[8.0,9.999999,8.5,10.5],"texture":"#0"}}},{"from":[7.25,-8.5,7.25],"to":[9.5,-8.25,7.5],"faces":{"up":{"uv":[2.0,0.0,2.5,4.5],"texture":"#0","rotation":270},"north":{"uv":[0.5,2.5,5.0,3.0],"texture":"#0"},"south":{"uv":[0.5,2.5,5.0,3.0],"texture":"#0"},"west":{"uv":[7.5,8.5,8.0,9.0],"texture":"#0"},"east":{"uv":[7.5,8.5,8.0,9.0],"texture":"#0"}}},{"from":[7.5,-8.75,6.75],"to":[7.75,-8.25,8.0],"faces":{"up":{"uv":[7.0,9.0,9.5,9.5],"texture":"#0","rotation":270},"north":{"uv":[2.0,2.0,2.5,3.0],"texture":"#0"},"south":{"uv":[2.0,2.0,2.5,3.0],"texture":"#0"},"west":{"uv":[1.0,2.0,3.5,3.0],"texture":"#0"},"east":{"uv":[1.0,2.0,3.5,3.0],"texture":"#0"}}},{"from":[7.25,-8.0,7.25],"to":[9.5,-7.75,7.5],"faces":{"down":{"uv":[2.0,0.0,2.5,4.5],"texture":"#0","rotation":90},"north":{"uv":[1.5,1.5,6.0,2.0],"texture":"#0"},"south":{"uv":[1.5,1.5,6.0,2.0],"texture":"#0"},"west":{"uv":[7.5,7.0,8.0,7.5],"texture":"#0"},"east":{"uv":[8.0,7.0,8.5,7.5],"texture":"#0"}}},{"from":[7.25,-7.75,7.0],"to":[9.5,-7.5,7.75],"faces":{"down":{"uv":[7.0,2.5,8.5,3.0],"texture":"#0","rotation":90},"up":{"uv":[7.0,2.5,8.5,3.0],"texture":"#0","rotation":270},"north":{"uv":[10.0,6.5,10.5,7.0],"texture":"#0"},"south":{"uv":[10.0,6.5,10.5,7.0],"texture":"#0"},"west":{"uv":[6.0,2.5,7.5,3.0],"texture":"#0"},"east":{"uv":[6.0,2.5,7.5,3.0],"texture":"#0"}}},{"from":[8.25,-8.25,6.5],"to":[8.5,-7.5,8.25],"faces":{"down":{"uv":[2.0,2.5,5.5,3.0],"texture":"#0","rotation":90},"up":{"uv":[1.5,3.5,5.0,4.0],"texture":"#0","rotation":270},"north":{"uv":[2.0,3.0,2.5,4.5],"texture":"#0"},"south":{"uv":[2.0,3.0,2.5,4.5],"texture":"#0"},"west":{"uv":[0.0,3.0,3.5,4.5],"texture":"#0"},"east":{"uv":[0.0,3.0,3.5,4.5],"texture":"#0"}}},{"from":[7.75,-7.75,6.75],"to":[9.0,-7.0,8.0],"faces":{"down":{"uv":[4.0,1.0,6.5,3.5],"texture":"#0","rotation":90},"up":{"uv":[4.0,1.0,6.5,3.5],"texture":"#0","rotation":270},"north":{"uv":[3.0,3.5,5.5,5.0],"texture":"#0"},"south":{"uv":[3.0,3.5,5.5,5.0],"texture":"#0"},"west":{"uv":[3.0,3.5,5.5,5.0],"texture":"#0"},"east":{"uv":[3.0,3.5,5.5,5.0],"texture":"#0"}}},{"from":[7.75,-7.0,7.0],"to":[9.0,-6.5,7.75],"faces":{"up":{"uv":[2.5,2.0,5.0,3.5],"texture":"#0","rotation":180},"north":{"uv":[4.0,0.5,6.5,1.5],"texture":"#0"},"south":{"uv":[4.0,0.5,6.5,1.5],"texture":"#0"},"west":{"uv":[5.5,0.5,7.0,1.5],"texture":"#0"},"east":{"uv":[5.5,0.5,7.0,1.5],"texture":"#0"}}},{"from":[7.75,5.5,7.0],"to":[9.0,6.25,7.75],"faces":{"down":{"uv":[14.0,10.0,14.5,10.5],"texture":"#0","rotation":270},"up":{"uv":[13.5,10.0,14.0,10.5],"texture":"#0","rotation":270},"north":{"uv":[12.5,9.5,13.0,10.0],"texture":"#0"},"south":{"uv":[14.5,9.5,15.0,10.0],"texture":"#0"},"west":{"uv":[13.0,9.0,14.5,10.5],"texture":"#0"},"east":{"uv":[13.0,9.0,14.5,10.5],"texture":"#0"}}},{"from":[8.0,-7.0,6.75],"to":[8.75,-6.5,8.0],"faces":{"up":{"uv":[2.5,2.0,5.0,3.5],"texture":"#0","rotation":90},"north":{"uv":[7.5,3.5,9.0,4.5],"texture":"#0"},"south":{"uv":[7.5,3.5,9.0,4.5],"texture":"#0"},"west":{"uv":[2.0,0.5,4.5,1.5],"texture":"#0"},"east":{"uv":[2.0,0.5,4.5,1.5],"texture":"#0"}}},{"from":[8.0,-6.5,7.0],"to":[8.75,1.5,7.75],"faces":{"north":{"uv":[1.5,0.0,0.0,16.0],"texture":"#1"},"south":{"uv":[0.0,0.0,1.5,16.0],"texture":"#1"},"west":{"uv":[1.5,0.0,0.0,16.0],"texture":"#1"},"east":{"uv":[0.0,0.0,1.5,16.0],"texture":"#1"}}},{"from":[8.0,1.5,7.0],"to":[8.75,5.5,7.75],"faces":{"north":{"uv":[2.0,8.0,3.5,16.0],"texture":"#1"},"south":{"uv":[2.0,8.0,3.5,16.0],"texture":"#1"},"west":{"uv":[2.0,8.0,3.5,16.0],"texture":"#1"},"east":{"uv":[2.0,8.0,3.5,16.0],"texture":"#1"}}},{"from":[7.75,-6.5,7.25],"to":[9.0,-6.25,7.5],"faces":{"up":{"uv":[5.0,3.5,7.5,4.0],"texture":"#0"},"north":{"uv":[3.5,2.5,6.0,3.0],"texture":"#0"},"south":{"uv":[3.5,2.5,6.0,3.0],"texture":"#0"},"west":{"uv":[3.5,2.5,4.0,3.0],"texture":"#0"},"east":{"uv":[3.5,2.5,4.0,3.0],"texture":"#0"}}},{"from":[8.25,5.25,6.75],"to":[8.5,6.5,8.0],"faces":{"down":{"uv":[13.5,8.0,16.0,8.5],"texture":"#0","rotation":90},"up":{"uv":[13.5,8.5,14.0,9.0],"texture":"#0"},"north":{"uv":[13.5,8.5,14.0,11.0],"texture":"#0"},"south":{"uv":[13.5,8.5,14.0,11.0],"texture":"#0"},"west":{"uv":[14.0,9.0,14.5,10.5],"texture":"#0"},"east":{"uv":[13.0,9.0,13.5,10.5],"texture":"#0"}}},{"from":[8.0,5.5,6.75],"to":[8.75,6.25,8.0],"faces":{"down":{"uv":[14.0,10.0,14.5,10.5],"texture":"#0","rotation":270},"up":{"uv":[13.5,10.0,14.0,10.5],"texture":"#0","rotation":270},"north":{"uv":[13.0,9.0,14.5,10.5],"texture":"#0"},"south":{"uv":[13.0,9.0,14.5,10.5],"texture":"#0"},"west":{"uv":[12.5,9.5,13.0,10.0],"texture":"#0"},"east":{"uv":[14.5,9.5,15.0,10.0],"texture":"#0"}}},{"from":[7.75,5.75,6.75],"to":[9.0,6.0,8.0],"faces":{"down":{"uv":[14.5,9.5,15.0,10.0],"texture":"#0","rotation":270},"up":{"uv":[14.5,9.5,15.0,10.0],"texture":"#0","rotation":270},"north":{"uv":[12.5,9.5,15.0,10.0],"texture":"#0"},"south":{"uv":[12.5,9.5,15.0,10.0],"texture":"#0"},"west":{"uv":[12.5,9.5,15.0,10.0],"texture":"#0"},"east":{"uv":[12.5,9.5,15.0,10.0],"texture":"#0"}}},{"from":[7.75,5.25,7.25],"to":[9.0,6.5,7.5],"faces":{"down":{"uv":[13.0,5.0,15.5,5.5],"texture":"#0"},"up":{"uv":[13.5,8.5,14.0,9.0],"texture":"#0"},"north":{"uv":[14.0,9.0,14.5,10.5],"texture":"#0"},"south":{"uv":[14.0,9.0,14.5,10.5],"texture":"#0"},"west":{"uv":[13.5,8.5,14.0,11.0],"texture":"#0"},"east":{"uv":[13.5,8.5,14.0,11.0],"texture":"#0"}}},{"from":[8.0,6.25,7.0],"to":[8.75,8.5,7.75],"faces":{"north":{"uv":[1.5,1.0,3.0,5.5],"texture":"#0"},"south":{"uv":[1.5,1.0,3.0,5.5],"texture":"#0"},"west":{"uv":[1.5,1.0,3.0,5.5],"texture":"#0"},"east":{"uv":[1.5,1.0,3.0,5.5],"texture":"#0"}}},{"from":[7.5,8.5,7.0],"to":[9.25,8.75,7.25],"faces":{"down":{"uv":[2.0,3.0,5.5,3.5],"texture":"#0"},"up":{"uv":[3.5,7.0,7.0,7.5],"texture":"#0"},"north":{"uv":[2.5,5.0,6.0,5.5],"texture":"#0"},"south":{"uv":[2.5,5.0,6.0,5.5],"texture":"#0"},"west":{"uv":[6.5,1.5,7.0,2.0],"texture":"#0"},"east":{"uv":[6.5,1.5,7.0,2.0],"texture":"#0"}}},{"from":[7.5,8.75,7.25],"to":[9.25,9.0,7.5],"faces":{"down":{"uv":[3.5,7.0,7.0,7.5],"texture":"#0"},"up":{"uv":[3.5,7.0,7.0,7.5],"texture":"#0"},"north":{"uv":[2.0,5.0,5.5,5.5],"texture":"#0"},"south":{"uv":[2.0,5.0,5.5,5.5],"texture":"#0"},"west":{"uv":[8.0,3.0,8.5,3.5],"texture":"#0"},"east":{"uv":[8.0,3.0,8.5,3.5],"texture":"#0"}}},{"from":[7.5,8.5,7.5],"to":[9.25,8.75,7.75],"faces":{"down":{"uv":[3.5,4.0,7.0,4.5],"texture":"#0"},"up":{"uv":[3.5,4.0,7.0,4.5],"texture":"#0"},"north":{"uv":[1.5,1.0,5.0,1.5],"texture":"#0"},"south":{"uv":[1.5,1.0,5.0,1.5],"texture":"#0"},"west":{"uv":[8.0,3.5,8.5,4.0],"texture":"#0"},"east":{"uv":[8.0,3.5,8.5,4.0],"texture":"#0"}}},{"from":[7.75,8.25,8.0],"to":[8.0,8.5,8.25],"faces":{"down":{"uv":[8.0,2.5,8.5,3.0],"texture":"#0"},"up":{"uv":[8.0,2.5,8.5,3.0],"texture":"#0"},"north":{"uv":[8.0,2.5,8.5,3.0],"texture":"#0"},"south":{"uv":[8.0,2.5,8.5,3.0],"texture":"#0"},"west":{"uv":[8.0,2.5,8.5,3.0],"texture":"#0"},"east":{"uv":[8.0,2.5,8.5,3.0],"texture":"#0"}}},{"from":[13.25,12.25,7.25],"to":[13.5,14.25,7.5],"faces":{"down":{"uv":[4.5,8.0,5.0,9.0],"texture":"#1"},"up":{"uv":[4.5,8.0,5.0,9.0],"texture":"#1"},"north":{"uv":[4.5,8.0,5.0,9.0],"texture":"#1"},"south":{"uv":[4.5,8.0,5.0,9.0],"texture":"#1"},"east":{"uv":[4.5,8.0,5.0,9.0],"texture":"#1"}}},{"from":[8.5,7.5,6.75],"to":[8.75,7.75,8.0],"faces":{"down":{"uv":[8.5,7.0,9.0,9.5],"texture":"#0"},"up":{"uv":[8.5,6.5,9.0,9.0],"texture":"#0"},"north":{"uv":[7.0,5.5,7.5,6.0],"texture":"#0"},"south":{"uv":[8.5,5.5,9.0,6.0],"texture":"#0"},"west":{"uv":[1.0,2.5,3.5,3.0],"texture":"#0"},"east":{"uv":[1.0,2.5,3.5,3.0],"texture":"#0"}}},{"from":[8.25,8.75,6.5],"to":[8.5,9.0,8.25],"faces":{"down":{"uv":[5.5,7.0,6.0,10.5],"texture":"#0"},"up":{"uv":[5.5,7.0,6.0,10.5],"texture":"#0"},"north":{"uv":[8.0,2.5,8.5,3.0],"texture":"#0"},"south":{"uv":[8.0,2.5,8.5,3.0],"texture":"#0"},"west":{"uv":[6.0,0.5,9.5,1.0],"texture":"#0"},"east":{"uv":[6.0,0.5,9.5,1.0],"texture":"#0"}}},{"from":[8.75,8.25,8.0],"to":[9.0,8.5,8.25],"faces":{"down":{"uv":[6.5,4.5,7.0,5.0],"texture":"#0"},"up":{"uv":[6.5,4.5,7.0,5.0],"texture":"#0"},"north":{"uv":[6.5,4.5,7.0,5.0],"texture":"#0"},"south":{"uv":[6.5,4.5,7.0,5.0],"texture":"#0"},"west":{"uv":[6.5,4.5,7.0,5.0],"texture":"#0"},"east":{"uv":[6.5,4.5,7.0,5.0],"texture":"#0"}}},{"from":[8.75,7.25,7.75],"to":[9.0,7.5,8.0],"faces":{"down":{"uv":[8.5,5.5,9.0,6.0],"texture":"#0"},"up":{"uv":[8.5,5.5,9.0,6.0],"texture":"#0"},"north":{"uv":[8.5,5.5,9.0,6.0],"texture":"#0"},"south":{"uv":[8.5,5.5,9.0,6.0],"texture":"#0"},"west":{"uv":[8.5,5.5,9.0,6.0],"texture":"#0"},"east":{"uv":[8.5,5.5,9.0,6.0],"texture":"#0"}}},{"from":[7.75,7.5,7.5],"to":[9.0,7.75,7.75],"faces":{"down":{"uv":[7.0,7.5,9.5,8.0],"texture":"#0"},"up":{"uv":[7.0,8.0,9.5,8.5],"texture":"#0"},"north":{"uv":[1.0,2.5,3.5,3.0],"texture":"#0"},"south":{"uv":[1.0,2.5,3.5,3.0],"texture":"#0"},"west":{"uv":[8.0,5.5,8.5,6.0],"texture":"#0"},"east":{"uv":[7.5,5.5,8.0,6.0],"texture":"#0"}}},{"from":[7.75,7.75,7.25],"to":[9.0,8.0,7.5],"faces":{"down":{"texture":"#0"},"up":{"texture":"#0"},"north":{"texture":"#0"},"south":{"texture":"#0"},"west":{"texture":"#0"},"east":{"texture":"#0"}}},{"from":[7.75,7.5,7.0],"to":[9.0,7.75,7.25],"faces":{"down":{"texture":"#0"},"up":{"texture":"#0"},"north":{"texture":"#0"},"south":{"texture":"#0"},"west":{"texture":"#0"},"east":{"texture":"#0"}}},{"from":[7.75,7.25,6.75],"to":[8.0,7.5,7.0],"faces":{"down":{"uv":[8.5,5.5,9.0,6.0],"texture":"#0"},"up":{"uv":[8.5,5.5,9.0,6.0],"texture":"#0"},"north":{"uv":[8.5,5.5,9.0,6.0],"texture":"#0"},"south":{"uv":[8.5,5.5,9.0,6.0],"texture":"#0"},"west":{"uv":[8.5,5.5,9.0,6.0],"texture":"#0"},"east":{"uv":[8.5,5.5,9.0,6.0],"texture":"#0"}}},{"from":[8.0,7.5,6.75],"to":[8.25,7.75,8.0],"faces":{"down":{"uv":[7.5,7.0,8.0,9.5],"texture":"#0"},"up":{"uv":[7.5,6.5,8.0,9.0],"texture":"#0"},"north":{"uv":[1.0,2.5,1.5,3.0],"texture":"#0"},"south":{"uv":[1.0,2.5,1.5,3.0],"texture":"#0"},"west":{"uv":[1.0,2.5,3.5,3.0],"texture":"#0"},"east":{"uv":[1.0,2.5,3.5,3.0],"texture":"#0"}}},{"from":[8.25,7.75,6.75],"to":[8.5,8.0,8.0],"faces":{"down":{"texture":"#0"},"up":{"texture":"#0"},"north":{"texture":"#0"},"south":{"texture":"#0"},"west":{"texture":"#0"},"east":{"texture":"#0"}}},{"from":[8.75,7.25,6.75],"to":[9.0,7.5,7.0],"faces":{"down":{"uv":[8.5,5.5,9.0,6.0],"texture":"#0"},"up":{"uv":[8.5,5.5,9.0,6.0],"texture":"#0"},"north":{"uv":[8.5,5.5,9.0,6.0],"texture":"#0"},"south":{"uv":[8.5,5.5,9.0,6.0],"texture":"#0"},"west":{"uv":[8.5,5.5,9.0,6.0],"texture":"#0"},"east":{"uv":[8.5,5.5,9.0,6.0],"texture":"#0"}}},{"from":[7.75,8.25,6.5],"to":[8.0,8.5,6.75],"faces":{"down":{"uv":[6.5,4.5,7.0,5.0],"texture":"#0"},"up":{"uv":[6.5,4.5,7.0,5.0],"texture":"#0"},"north":{"uv":[6.5,4.5,7.0,5.0],"texture":"#0"},"south":{"uv":[6.5,4.5,7.0,5.0],"texture":"#0"},"west":{"uv":[6.5,4.5,7.0,5.0],"texture":"#0"},"east":{"uv":[6.5,4.5,7.0,5.0],"texture":"#0"}}},{"from":[9.0,8.0,8.0],"to":[9.25,8.25,8.25],"faces":{"down":{"uv":[9.5,6.5,10.0,7.0],"texture":"#0"},"up":{"uv":[9.5,6.5,10.0,7.0],"texture":"#0"},"north":{"uv":[9.5,6.5,10.0,7.0],"texture":"#0"},"south":{"uv":[9.5,6.5,10.0,7.0],"texture":"#0"},"west":{"uv":[9.5,6.5,10.0,7.0],"texture":"#0"},"east":{"uv":[9.5,6.5,10.0,7.0],"texture":"#0"}}},{"from":[9.0,8.25,6.75],"to":[9.25,8.5,7.0],"faces":{"down":{"uv":[6.5,4.5,7.0,5.0],"texture":"#0"},"up":{"uv":[6.5,4.5,7.0,5.0],"texture":"#0"},"north":{"uv":[6.5,4.5,7.0,5.0],"texture":"#0"},"south":{"uv":[6.5,4.5,7.0,5.0],"texture":"#0"},"west":{"uv":[6.5,4.5,7.0,5.0],"texture":"#0"},"east":{"uv":[6.5,4.5,7.0,5.0],"texture":"#0"}}},{"from":[8.0,8.5,6.5],"to":[8.25,8.75,8.25],"faces":{"down":{"uv":[5.5,1.0,6.0,4.5],"texture":"#0"},"up":{"uv":[5.5,1.0,6.0,4.5],"texture":"#0"},"north":{"uv":[7.5,3.5,8.0,4.0],"texture":"#0"},"south":{"uv":[7.5,3.5,8.0,4.0],"texture":"#0"},"west":{"uv":[3.0,4.0,6.5,4.5],"texture":"#0"},"east":{"uv":[3.0,4.0,6.5,4.5],"texture":"#0"}}},{"from":[8.5,8.5,6.5],"to":[8.75,8.75,8.25],"faces":{"down":{"uv":[1.5,1.0,2.0,4.5],"texture":"#0"},"up":{"uv":[1.5,1.0,2.0,4.5],"texture":"#0"},"north":{"uv":[6.0,3.5,6.5,4.0],"texture":"#0"},"south":{"uv":[6.0,3.5,6.5,4.0],"texture":"#0"},"west":{"uv":[3.0,5.0,6.5,5.5],"texture":"#0"},"east":{"uv":[3.0,5.0,6.5,5.5],"texture":"#0"}}},{"from":[7.75,9.0,7.0],"to":[9.0,9.25,7.75],"faces":{"up":{"texture":"#0"},"north":{"texture":"#0"},"south":{"texture":"#0"},"west":{"texture":"#0"},"east":{"texture":"#0"}}},{"from":[8.75,8.25,6.5],"to":[9.0,8.5,6.75],"faces":{"down":{"uv":[8.0,2.5,8.5,3.0],"texture":"#0"},"up":{"uv":[8.0,2.5,8.5,3.0],"texture":"#0"},"north":{"uv":[8.0,2.5,8.5,3.0],"texture":"#0"},"south":{"uv":[8.0,2.5,8.5,3.0],"texture":"#0"},"west":{"uv":[8.0,2.5,8.5,3.0],"texture":"#0"},"east":{"uv":[8.0,2.5,8.5,3.0],"texture":"#0"}}},{"from":[9.0,8.0,6.5],"to":[9.25,8.25,6.75],"faces":{"down":{"uv":[9.5,6.5,10.0,7.0],"texture":"#0"},"up":{"uv":[9.5,6.5,10.0,7.0],"texture":"#0"},"north":{"uv":[9.5,6.5,10.0,7.0],"texture":"#0"},"south":{"uv":[9.5,6.5,10.0,7.0],"texture":"#0"},"west":{"uv":[9.5,6.5,10.0,7.0],"texture":"#0"},"east":{"uv":[9.5,6.5,10.0,7.0],"texture":"#0"}}},{"from":[8.25,9.25,6.75],"to":[8.5,9.5,8.0],"faces":{"up":{"uv":[6.0,2.0,6.5,4.5],"texture":"#0"},"north":{"uv":[8.0,2.0,8.5,2.5],"texture":"#0"},"south":{"uv":[8.0,2.0,8.5,2.5],"texture":"#0"},"west":{"uv":[6.5,2.0,9.0,2.5],"texture":"#0"},"east":{"uv":[6.5,2.0,9.0,2.5],"texture":"#0"}}},{"from":[7.5,8.25,6.75],"to":[7.75,8.5,7.0],"faces":{"down":{"uv":[8.0,2.5,8.5,3.0],"texture":"#0"},"up":{"uv":[8.0,2.5,8.5,3.0],"texture":"#0"},"north":{"uv":[8.0,2.5,8.5,3.0],"texture":"#0"},"south":{"uv":[8.0,2.5,8.5,3.0],"texture":"#0"},"west":{"uv":[8.0,2.5,8.5,3.0],"texture":"#0"},"east":{"uv":[8.0,2.5,8.5,3.0],"texture":"#0"}}},{"from":[7.5,8.25,7.75],"to":[7.75,8.5,8.0],"faces":{"down":{"uv":[6.5,4.5,7.0,5.0],"texture":"#0"},"up":{"uv":[6.5,4.5,7.0,5.0],"texture":"#0"},"north":{"uv":[6.5,4.5,7.0,5.0],"texture":"#0"},"south":{"uv":[6.5,4.5,7.0,5.0],"texture":"#0"},"west":{"uv":[6.5,4.5,7.0,5.0],"texture":"#0"},"east":{"uv":[6.5,4.5,7.0,5.0],"texture":"#0"}}},{"from":[7.5,8.0,6.5],"to":[7.75,8.25,6.75],"faces":{"down":{"uv":[9.5,6.5,10.0,7.0],"texture":"#0"},"up":{"uv":[9.5,6.5,10.0,7.0],"texture":"#0"},"north":{"uv":[9.5,6.5,10.0,7.0],"texture":"#0"},"south":{"uv":[9.5,6.5,10.0,7.0],"texture":"#0"},"west":{"uv":[9.5,6.5,10.0,7.0],"texture":"#0"},"east":{"uv":[9.5,6.5,10.0,7.0],"texture":"#0"}}},{"from":[9.0,8.25,7.75],"to":[9.25,8.5,8.0],"faces":{"down":{"uv":[8.0,2.5,8.5,3.0],"texture":"#0"},"up":{"uv":[8.0,2.5,8.5,3.0],"texture":"#0"},"north":{"uv":[8.0,2.5,8.5,3.0],"texture":"#0"},"south":{"uv":[8.0,2.5,8.5,3.0],"texture":"#0"},"west":{"uv":[8.0,2.5,8.5,3.0],"texture":"#0"},"east":{"uv":[8.0,2.5,8.5,3.0],"texture":"#0"}}},{"from":[7.5,8.0,8.0],"to":[7.75,8.25,8.25],"faces":{"down":{"uv":[9.5,6.5,10.0,7.0],"texture":"#0"},"up":{"uv":[9.5,6.5,10.0,7.0],"texture":"#0"},"north":{"uv":[9.5,6.5,10.0,7.0],"texture":"#0"},"south":{"uv":[9.5,6.5,10.0,7.0],"texture":"#0"},"west":{"uv":[9.5,6.5,10.0,7.0],"texture":"#0"},"east":{"uv":[9.5,6.5,10.0,7.0],"texture":"#0"}}},{"from":[7.75,7.25,7.75],"to":[8.0,7.5,8.0],"faces":{"down":{"uv":[8.5,5.5,9.0,6.0],"texture":"#0"},"up":{"uv":[8.5,5.5,9.0,6.0],"texture":"#0"},"north":{"uv":[8.5,5.5,9.0,6.0],"texture":"#0"},"south":{"uv":[8.5,5.5,9.0,6.0],"texture":"#0"},"west":{"uv":[8.5,5.5,9.0,6.0],"texture":"#0"},"east":{"uv":[8.5,5.5,9.0,6.0],"texture":"#0"}}},{"from":[8.0,9.0,6.75],"to":[8.75,9.25,8.0],"faces":{"up":{"texture":"#0"},"north":{"texture":"#0"},"south":{"texture":"#0"},"west":{"texture":"#0"},"east":{"texture":"#0"}}},{"from":[7.75,8.5,6.75],"to":[9.0,9.0,8.0],"faces":{"down":{"uv":[4.0,1.0,6.5,3.5],"texture":"#0"},"up":{"uv":[4.0,1.0,6.5,3.5],"texture":"#0"},"north":{"uv":[6.5,3.0,9.0,4.0],"texture":"#0"},"south":{"uv":[7.0,3.0,9.5,4.0],"texture":"#0"},"west":{"uv":[6.5,3.0,9.0,4.0],"texture":"#0"},"east":{"uv":[7.0,3.0,9.5,4.0],"texture":"#0"}}},{"from":[7.75,9.25,7.25],"to":[9.0,9.5,7.5],"faces":{"up":{"uv":[7.5,3.5,8.0,6.0],"texture":"#0","rotation":270},"north":{"uv":[6.5,2.5,9.0,3.0],"texture":"#0"},"south":{"uv":[6.5,2.5,9.0,3.0],"texture":"#0"},"west":{"uv":[7.0,3.5,7.5,4.0],"texture":"#0"},"east":{"uv":[7.0,3.5,7.5,4.0],"texture":"#0"}}},{"from":[8.75,9.75,7.25],"to":[9.25,10.0,7.5],"faces":{"down":{"uv":[7.0,1.0,9.0,1.5],"texture":"#0","rotation":270},"north":{"uv":[7.0,2.5,8.0,3.0],"texture":"#0"},"south":{"uv":[7.0,2.5,8.0,3.0],"texture":"#0"}}},{"from":[9.0,11.5,6.75],"to":[9.25,12.75,8.0],"faces":{"down":{"uv":[2.0,3.0,2.5,5.5],"texture":"#0"},"up":{"uv":[2.0,3.0,2.5,5.5],"texture":"#0"},"north":{"uv":[7.0,2.5,7.5,5.0],"texture":"#0"},"south":{"uv":[7.0,2.5,7.5,5.0],"texture":"#0"},"west":{"uv":[5.0,1.0,7.0,3.5],"texture":"#0"},"east":{"uv":[5.0,1.0,7.0,3.5],"texture":"#0"}}},{"from":[9.25,9.5,7.25],"to":[9.5,9.75,7.5],"faces":{"down":{"uv":[4.0,2.0,4.5,2.5],"texture":"#0","rotation":90},"north":{"uv":[4.0,2.0,4.5,2.5],"texture":"#0","rotation":90},"south":{"uv":[4.0,2.0,4.5,2.5],"texture":"#0","rotation":90},"west":{"uv":[4.0,2.0,4.5,2.5],"texture":"#0","rotation":90}}},{"from":[10.0,10.5,6.75],"to":[11.25,10.75,8.0],"faces":{"down":{"uv":[3.0,2.0,4.5,4.5],"texture":"#0","rotation":270},"up":{"uv":[3.0,2.0,4.5,4.5],"texture":"#0","rotation":270},"north":{"uv":[6.0,1.5,8.0,2.0],"texture":"#0"},"south":{"uv":[6.0,1.5,8.0,2.0],"texture":"#0"}}},{"from":[9.25,11.25,6.75],"to":[9.5,12.0,8.0],"faces":{"down":{"uv":[8.0,2.0,8.5,4.5],"texture":"#0"},"up":{"uv":[8.0,2.0,8.5,4.5],"texture":"#0"},"north":{"uv":[4.5,3.0,5.0,4.5],"texture":"#0"},"south":{"uv":[4.5,3.0,5.0,4.5],"texture":"#0"},"west":{"uv":[7.5,2.5,9.5,4.0],"texture":"#0"},"east":{"uv":[7.5,2.5,9.5,4.0],"texture":"#0"}}},{"from":[9.25,9.75,7.0],"to":[9.5,10.0,7.75],"faces":{"down":{"uv":[5.0,1.5,5.5,2.0],"texture":"#0","rotation":90},"north":{"uv":[5.0,1.5,5.5,2.0],"texture":"#0","rotation":90},"south":{"uv":[5.0,1.5,5.5,2.0],"texture":"#0","rotation":90},"west":{"uv":[5.0,1.5,5.5,2.0],"texture":"#0","rotation":90}}},{"from":[12.75,12.75,7.0],"to":[13.0,13.75,7.75],"faces":{"down":{"uv":[10.0,12.5,10.5,15.0],"texture":"#1"},"up":{"uv":[10.0,12.5,10.5,15.0],"texture":"#1"},"north":{"uv":[10.0,12.5,10.5,15.0],"texture":"#1"},"south":{"uv":[10.0,12.5,10.5,15.0],"texture":"#1"},"east":{"uv":[10.0,12.5,10.5,15.0],"texture":"#1"}}},{"from":[9.5,9.25,7.25],"to":[9.75,9.5,7.5],"faces":{"down":{"uv":[3.5,1.0,4.0,1.5],"texture":"#0","rotation":90},"north":{"uv":[3.5,1.0,4.0,1.5],"texture":"#0","rotation":90},"south":{"uv":[3.5,1.0,4.0,1.5],"texture":"#0","rotation":90},"west":{"uv":[3.5,1.0,4.0,1.5],"texture":"#0","rotation":90},"east":{"uv":[3.5,1.0,4.0,1.5],"texture":"#0","rotation":90}}},{"from":[9.25,18.25,7.25],"to":[9.5,18.5,7.5],"faces":{"up":{"uv":[5.0,7.0,5.5,7.5],"texture":"#1"},"north":{"uv":[5.0,7.0,5.5,7.5],"texture":"#1"},"south":{"uv":[5.0,7.0,5.5,7.5],"texture":"#1"},"west":{"uv":[5.0,7.0,5.5,7.5],"texture":"#1"},"east":{"uv":[5.0,7.0,5.5,7.5],"texture":"#1"}}},{"from":[11.5,16.25,7.25],"to":[11.75,17.0,7.5],"faces":{"up":{"uv":[5.0,7.5,5.5,5.5],"texture":"#1"},"north":{"uv":[5.0,7.5,5.5,5.5],"texture":"#1"},"south":{"uv":[5.0,7.5,5.5,5.5],"texture":"#1"},"west":{"uv":[5.0,7.5,5.5,5.5],"texture":"#1"},"east":{"uv":[5.0,7.5,5.5,5.5],"texture":"#1"}}},{"from":[11.75,15.75,7.25],"to":[12.0,16.75,7.5],"faces":{"up":{"uv":[5.0,7.5,5.5,5.5],"texture":"#1"},"north":{"uv":[5.0,7.5,5.5,5.5],"texture":"#1"},"south":{"uv":[5.0,7.5,5.5,5.5],"texture":"#1"},"west":{"uv":[5.0,7.5,5.5,5.5],"texture":"#1"},"east":{"uv":[5.0,7.5,5.5,5.5],"texture":"#1"}}},{"from":[12.0,15.25,7.25],"to":[12.25,16.5,7.5],"faces":{"up":{"uv":[5.0,7.5,5.5,5.5],"texture":"#1"},"north":{"uv":[5.0,7.5,5.5,5.5],"texture":"#1"},"south":{"uv":[5.0,7.5,5.5,5.5],"texture":"#1"},"west":{"uv":[5.0,7.5,5.5,5.5],"texture":"#1"},"east":{"uv":[5.0,7.5,5.5,5.5],"texture":"#1"}}},{"from":[13.0,11.75,7.25],"to":[13.25,15.0,7.5],"faces":{"down":{"uv":[6.5,5.5,7.0,7.0],"texture":"#1"},"up":{"uv":[6.5,5.5,7.0,7.0],"texture":"#1"},"north":{"uv":[6.5,5.5,7.0,7.0],"texture":"#1"},"south":{"uv":[6.5,5.5,7.0,7.0],"texture":"#1"},"west":{"uv":[6.5,5.5,7.0,7.0],"texture":"#1"},"east":{"uv":[6.5,5.5,7.0,7.0],"texture":"#1"}}},{"from":[11.25,16.5,7.25],"to":[11.5,17.25,7.5],"faces":{"up":{"uv":[5.0,7.5,5.5,5.5],"texture":"#1"},"north":{"uv":[5.0,7.5,5.5,5.5],"texture":"#1"},"south":{"uv":[5.0,7.5,5.5,5.5],"texture":"#1"},"west":{"uv":[5.0,7.5,5.5,5.5],"texture":"#1"},"east":{"uv":[5.0,7.5,5.5,5.5],"texture":"#1"}}},{"from":[12.25,14.75,7.25],"to":[12.5,16.25,7.5],"faces":{"up":{"uv":[5.0,7.5,5.5,5.5],"texture":"#1"},"north":{"uv":[5.0,7.5,5.5,5.5],"texture":"#1"},"south":{"uv":[5.0,7.5,5.5,5.5],"texture":"#1"},"west":{"uv":[5.0,7.5,5.5,5.5],"texture":"#1"},"east":{"uv":[5.0,7.5,5.5,5.5],"texture":"#1"}}},{"from":[12.5,14.25,7.25],"to":[12.75,16.0,7.5],"faces":{"up":{"uv":[5.0,7.5,5.5,5.5],"texture":"#1"},"north":{"uv":[5.0,7.5,5.5,5.5],"texture":"#1"},"south":{"uv":[5.0,7.5,5.5,5.5],"texture":"#1"},"west":{"uv":[5.0,7.5,5.5,5.5],"texture":"#1"},"east":{"uv":[5.0,7.5,5.5,5.5],"texture":"#1"}}},{"from":[11.0,16.75,7.25],"to":[11.25,17.5,7.5],"faces":{"up":{"uv":[5.0,7.5,5.5,5.5],"texture":"#1"},"north":{"uv":[5.0,7.5,5.5,5.5],"texture":"#1"},"south":{"uv":[5.0,7.5,5.5,5.5],"texture":"#1"},"west":{"uv":[5.0,7.5,5.5,5.5],"texture":"#1"},"east":{"uv":[5.0,7.5,5.5,5.5],"texture":"#1"}}},{"from":[10.75,17.0,7.25],"to":[11.0,17.5,7.5],"faces":{"up":{"uv":[5.0,7.5,5.5,5.5],"texture":"#1"},"north":{"uv":[5.0,7.5,5.5,5.5],"texture":"#1"},"south":{"uv":[5.0,7.5,5.5,5.5],"texture":"#1"},"west":{"uv":[5.0,7.5,5.5,5.5],"texture":"#1"}}},{"from":[9.75,17.25,7.25],"to":[10.25,18.0,7.5],"faces":{"down":{"uv":[5.0,7.5,5.5,5.5],"texture":"#1"},"up":{"uv":[5.0,7.5,5.5,5.5],"texture":"#1"},"north":{"uv":[5.0,7.5,5.5,5.5],"texture":"#1"},"south":{"uv":[5.0,7.5,5.5,5.5],"texture":"#1"},"east":{"uv":[5.0,7.5,5.5,5.5],"texture":"#1"}}},{"from":[11.0,8.75,7.25],"to":[11.25,9.75,7.5],"faces":{"down":{"uv":[8.5,4.0,9.0,6.0],"texture":"#1"},"north":{"uv":[6.5,5.5,7.0,7.0],"texture":"#1"},"south":{"uv":[8.5,4.0,9.0,6.0],"texture":"#1"},"west":{"uv":[8.5,4.0,9.0,6.0],"texture":"#1"},"east":{"uv":[8.5,4.0,9.0,6.0],"texture":"#1"}}},{"from":[9.5,10.75,7.0],"to":[10.75,11.0,7.75],"faces":{"down":{"uv":[12.0,8.0,14.5,8.5],"texture":"#1"},"up":{"uv":[12.0,8.0,14.5,8.5],"texture":"#1"},"north":{"uv":[12.0,8.0,14.5,8.5],"texture":"#1"},"south":{"uv":[12.0,8.0,14.5,8.5],"texture":"#1"}}},{"from":[9.5,16.75,7.0],"to":[9.75,17.75,7.75],"faces":{"up":{"uv":[5.5,13.0,6.0,15.5],"texture":"#1"},"north":{"uv":[5.5,13.0,6.0,15.5],"texture":"#1"},"south":{"uv":[5.5,13.0,6.0,15.5],"texture":"#1"},"west":{"uv":[5.5,13.0,6.0,15.5],"texture":"#1"},"east":{"uv":[5.5,13.0,6.0,15.5],"texture":"#1"}}},{"from":[11.75,14.25,7.0],"to":[12.0,15.75,7.75],"faces":{"up":{"uv":[8.5,12.0,9.0,15.5],"texture":"#1"},"north":{"uv":[8.5,12.0,9.0,15.5],"texture":"#1"},"south":{"uv":[8.5,12.0,9.0,15.5],"texture":"#1"},"west":{"uv":[8.5,12.0,9.0,15.5],"texture":"#1"},"east":{"uv":[8.5,12.0,9.0,15.5],"texture":"#1"}}},{"from":[12.0,11.25,7.0],"to":[12.25,15.25,7.75],"faces":{"down":{"uv":[6.5,10.0,7.0,16.0],"texture":"#1"},"up":{"uv":[6.5,10.0,7.0,16.0],"texture":"#1"},"north":{"uv":[6.5,10.0,7.0,16.0],"texture":"#1"},"south":{"uv":[6.5,10.0,7.0,16.0],"texture":"#1"},"west":{"uv":[6.5,10.0,7.0,16.0],"texture":"#1"},"east":{"uv":[6.5,10.0,7.0,16.0],"texture":"#1"}}},{"from":[12.25,11.75,7.0],"to":[12.5,14.75,7.75],"faces":{"down":{"uv":[9.0,11.5,9.5,16.0],"texture":"#1"},"up":{"uv":[9.0,11.5,9.5,16.0],"texture":"#1"},"north":{"uv":[9.0,11.5,9.5,16.0],"texture":"#1"},"south":{"uv":[9.0,11.5,9.5,16.0],"texture":"#1"},"east":{"uv":[9.0,11.5,9.5,16.0],"texture":"#1"}}},{"from":[12.75,13.75,7.25],"to":[13.0,15.5,7.5],"faces":{"up":{"uv":[7.5,8.5,8.0,6.0],"texture":"#1"},"north":{"uv":[7.5,8.5,8.0,6.0],"texture":"#1"},"south":{"uv":[7.5,8.5,8.0,6.0],"texture":"#1"},"west":{"uv":[7.5,8.5,8.0,6.0],"texture":"#1"},"east":{"uv":[7.5,8.5,8.0,6.0],"texture":"#1"}}},{"from":[11.0,15.0,6.75],"to":[11.25,15.25,8.0],"faces":{"down":{"uv":[8.0,2.0,8.5,2.5],"texture":"#0"},"up":{"uv":[8.0,2.0,8.5,2.5],"texture":"#0"},"north":{"uv":[8.0,2.0,8.5,2.5],"texture":"#0"},"south":{"uv":[8.0,2.0,8.5,2.5],"texture":"#0"},"east":{"uv":[8.0,2.0,8.5,2.5],"texture":"#0"}}},{"from":[9.5,11.25,6.75],"to":[9.75,11.75,8.0],"faces":{"down":{"uv":[7.5,2.5,8.0,5.0],"texture":"#0"},"up":{"uv":[7.5,2.5,8.0,5.0],"texture":"#0"},"north":{"uv":[7.5,2.5,8.0,3.5],"texture":"#0"},"south":{"uv":[7.5,2.5,8.0,3.5],"texture":"#0"},"east":{"uv":[7.5,2.5,9.5,3.5],"texture":"#0"}}},{"from":[9.25,12.5,6.75],"to":[9.5,13.0,8.0],"faces":{"down":{"uv":[2.0,1.0,2.5,3.0],"texture":"#0"},"up":{"uv":[2.0,1.0,2.5,3.0],"texture":"#0"},"north":{"uv":[2.0,4.5,2.5,5.5],"texture":"#0"},"south":{"uv":[2.0,4.5,2.5,5.5],"texture":"#0"},"west":{"uv":[2.0,2.0,4.0,3.0],"texture":"#0"},"east":{"uv":[2.0,2.0,4.0,3.0],"texture":"#0"}}},{"from":[10.25,13.5,6.75],"to":[10.75,13.75,8.0],"faces":{"down":{"uv":[4.0,1.5,5.0,4.0],"texture":"#0"},"up":{"uv":[4.0,1.5,5.0,4.0],"texture":"#0"},"north":{"uv":[6.5,1.5,7.5,2.0],"texture":"#0"},"south":{"uv":[6.5,1.5,7.5,2.0],"texture":"#0"},"west":{"uv":[4.5,1.0,6.5,1.5],"texture":"#0"},"east":{"uv":[4.5,1.0,6.5,1.5],"texture":"#0"}}},{"from":[10.5,10.25,6.75],"to":[11.25,10.5,8.0],"faces":{"down":{"uv":[6.0,2.0,7.5,4.0],"texture":"#0"},"north":{"uv":[6.5,1.5,8.0,2.0],"texture":"#0"},"south":{"uv":[6.5,1.5,8.0,2.0],"texture":"#0"},"west":{"uv":[6.5,1.0,8.5,1.5],"texture":"#0"}}},{"from":[9.25,10.5,7.0],"to":[9.5,11.25,7.75],"faces":{"north":{"uv":[14.5,7.5,15.0,9.0],"texture":"#1"},"south":{"uv":[14.5,7.5,15.0,9.0],"texture":"#1"},"east":{"uv":[14.5,7.5,15.0,9.0],"texture":"#1"}}},{"from":[8.75,10.75,7.0],"to":[9.0,13.25,7.75],"faces":{"north":{"uv":[15.5,4.0,16.0,8.5],"texture":"#1"},"south":{"uv":[15.5,4.0,16.0,8.5],"texture":"#1"},"west":{"uv":[15.5,4.0,16.0,8.5],"texture":"#1"},"east":{"uv":[15.5,4.0,16.0,8.5],"texture":"#1"}}},{"from":[10.75,14.0,7.0],"to":[11.0,14.75,7.75],"faces":{"north":{"uv":[11.5,1.0,12.0,2.5],"texture":"#1"},"south":{"uv":[11.5,1.0,12.0,2.5],"texture":"#1"},"west":{"uv":[11.5,1.0,12.0,2.5],"texture":"#1"}}},{"from":[10.75,10.75,7.0],"to":[11.25,11.25,7.75],"faces":{"north":{"uv":[11.0,7.5,12.0,8.5],"texture":"#1"},"south":{"uv":[11.0,7.5,12.0,8.5],"texture":"#1"},"west":{"uv":[11.0,7.5,12.0,8.5],"texture":"#1"}}},{"from":[9.5,11.0,7.0],"to":[9.75,11.25,7.75],"faces":{"north":{"uv":[14.0,7.5,14.5,8.0],"texture":"#1"},"south":{"uv":[14.0,7.5,14.5,8.0],"texture":"#1"}}},{"from":[10.75,11.25,6.75],"to":[11.25,11.75,8.0],"faces":{"down":{"uv":[5.5,1.0,6.5,3.0],"texture":"#0"},"up":{"uv":[5.5,1.0,6.5,3.0],"texture":"#0"},"north":{"uv":[1.0,3.0,2.0,4.0],"texture":"#0"},"south":{"uv":[1.0,3.0,2.0,4.0],"texture":"#0"},"west":{"uv":[1.0,3.0,3.0,4.0],"texture":"#0"}}},{"from":[10.25,17.25,7.25],"to":[10.75,17.75,7.5],"faces":{"down":{"uv":[5.0,7.5,5.5,5.5],"texture":"#1"},"up":{"uv":[5.0,7.5,5.5,5.5],"texture":"#1"},"north":{"uv":[5.0,7.5,5.5,5.5],"texture":"#1"},"south":{"uv":[5.0,7.5,5.5,5.5],"texture":"#1"},"east":{"uv":[5.0,7.5,5.5,5.5],"texture":"#1"}}},{"from":[11.25,9.0,7.25],"to":[11.5,9.75,7.5],"faces":{"down":{"uv":[7.0,5.5,7.5,8.0],"texture":"#1"},"north":{"uv":[7.0,5.5,7.5,8.0],"texture":"#1"},"south":{"uv":[7.0,5.5,7.5,8.0],"texture":"#1"},"east":{"uv":[7.0,5.5,7.5,8.0],"texture":"#1"}}},{"from":[9.5,10.25,6.75],"to":[10.0,10.75,8.0],"faces":{"down":{"uv":[5.0,2.0,6.0,3.5],"texture":"#0"},"up":{"uv":[5.0,2.0,6.0,3.5],"texture":"#0"},"north":{"uv":[4.5,3.5,5.5,4.5],"texture":"#0"},"south":{"uv":[4.5,3.5,5.5,4.5],"texture":"#0"},"west":{"uv":[0.0,0.0,2.5,1.0],"texture":"#0"},"east":{"uv":[0.0,0.0,2.5,1.0],"texture":"#0"}}},{"from":[11.0,11.75,6.75],"to":[11.25,12.0,8.0],"faces":{"up":{"uv":[4.0,3.0,4.5,5.0],"texture":"#0"},"north":{"uv":[7.0,1.5,7.5,2.0],"texture":"#0"},"south":{"uv":[7.0,1.5,7.5,2.0],"texture":"#0"},"west":{"uv":[7.0,1.5,9.0,2.0],"texture":"#0"}}},{"from":[11.25,11.75,6.75],"to":[11.5,12.25,8.0],"faces":{"up":{"uv":[3.0,0.0,3.5,2.0],"texture":"#0"},"north":{"uv":[0.5,0.0,1.0,1.0],"texture":"#0"},"south":{"uv":[0.5,0.0,1.0,1.0],"texture":"#0"},"west":{"uv":[0.5,0.0,2.5,1.0],"texture":"#0"},"east":{"uv":[0.5,0.0,2.5,1.0],"texture":"#0"}}},{"from":[10.25,11.0,6.75],"to":[10.75,11.25,8.0],"faces":{"down":{"uv":[6.0,1.5,7.0,4.0],"texture":"#0"},"up":{"uv":[6.0,1.5,7.0,4.0],"texture":"#0"},"north":{"uv":[2.5,0.5,3.5,1.0],"texture":"#0"},"south":{"uv":[2.5,0.5,3.5,1.0],"texture":"#0"},"east":{"uv":[1.0,0.0,1.5,2.0],"texture":"#0"}}},{"from":[10.75,10.0,6.75],"to":[11.0,10.25,8.0],"faces":{"down":{"uv":[5.5,0.5,6.0,3.0],"texture":"#0"},"north":{"uv":[5.5,1.5,6.0,2.0],"texture":"#0"},"south":{"uv":[5.5,1.5,6.0,2.0],"texture":"#0"},"west":{"uv":[4.0,1.5,6.0,2.0],"texture":"#0"}}},{"from":[12.5,12.25,7.0],"to":[12.75,14.25,7.75],"faces":{"down":{"uv":[9.5,12.0,10.0,15.5],"texture":"#1"},"up":{"uv":[9.5,12.0,10.0,15.5],"texture":"#1"},"north":{"uv":[9.5,12.0,10.0,15.5],"texture":"#1"},"south":{"uv":[9.5,12.0,10.0,15.5],"texture":"#1"},"east":{"uv":[9.5,12.0,10.0,15.5],"texture":"#1"}}},{"from":[11.75,13.25,6.75],"to":[12.0,14.25,8.0],"faces":{"down":{"uv":[6.0,0.5,6.5,3.0],"texture":"#0","rotation":90},"up":{"uv":[6.0,0.5,6.5,3.0],"texture":"#0","rotation":90},"north":{"uv":[3.5,0.5,4.0,2.0],"texture":"#0"},"south":{"uv":[3.5,0.5,4.0,2.0],"texture":"#0"},"east":{"uv":[1.0,4.0,3.5,5.5],"texture":"#0"}}},{"from":[11.5,10.25,7.0],"to":[11.75,11.0,7.75],"faces":{"down":{"uv":[7.5,9.5,8.0,11.0],"texture":"#1"},"north":{"uv":[7.5,9.5,8.0,11.0],"texture":"#1"},"south":{"uv":[7.5,9.5,8.0,11.0],"texture":"#1"},"east":{"uv":[7.5,9.5,8.0,11.0],"texture":"#1"}}},{"from":[9.0,10.25,7.0],"to":[9.25,11.5,7.75],"faces":{"north":{"uv":[15.0,7.0,15.5,9.5],"texture":"#1"},"south":{"uv":[15.0,7.0,15.5,9.5],"texture":"#1"},"west":{"uv":[15.0,7.0,15.5,9.5],"texture":"#1"},"east":{"uv":[15.0,7.0,15.5,9.5],"texture":"#1"}}},{"from":[9.0,12.75,7.0],"to":[9.25,13.25,7.75],"faces":{"north":{"uv":[15.0,4.0,15.5,5.0],"texture":"#1"},"south":{"uv":[15.0,4.0,15.5,5.0],"texture":"#1"},"east":{"uv":[15.0,4.0,15.5,5.0],"texture":"#1"}}},{"from":[9.25,13.0,7.0],"to":[9.5,13.5,7.75],"faces":{"north":{"uv":[14.5,3.5,15.0,4.5],"texture":"#1"},"south":{"uv":[14.5,3.5,15.0,4.5],"texture":"#1"},"west":{"uv":[14.5,3.5,15.0,4.5],"texture":"#1"},"east":{"uv":[14.5,3.5,15.0,4.5],"texture":"#1"}}},{"from":[9.5,13.25,7.0],"to":[9.75,13.75,7.75],"faces":{"north":{"uv":[14.0,3.0,14.5,4.0],"texture":"#1"},"south":{"uv":[14.0,3.0,14.5,4.0],"texture":"#1"},"west":{"uv":[14.0,3.0,14.5,4.0],"texture":"#1"},"east":{"uv":[14.0,3.0,14.5,4.0],"texture":"#1"}}},{"from":[9.25,16.25,6.75],"to":[9.5,17.25,8.0],"faces":{"down":{"uv":[2.0,3.0,2.5,5.5],"texture":"#0"},"up":{"uv":[2.0,3.0,2.5,5.5],"texture":"#0"},"north":{"uv":[1.5,1.5,2.0,3.5],"texture":"#0"},"south":{"uv":[1.5,1.5,2.0,3.5],"texture":"#0"},"west":{"uv":[2.0,3.0,4.5,5.0],"texture":"#0"},"east":{"uv":[2.0,3.0,4.5,5.0],"texture":"#0"}}},{"from":[10.0,13.5,7.0],"to":[10.25,14.25,7.75],"faces":{"north":{"uv":[13.0,2.0,13.5,3.5],"texture":"#1"},"south":{"uv":[13.0,2.0,13.5,3.5],"texture":"#1"},"west":{"uv":[13.0,2.0,13.5,3.5],"texture":"#1"},"east":{"uv":[13.0,2.0,13.5,3.5],"texture":"#1"}}},{"from":[10.5,13.75,7.0],"to":[10.75,14.5,7.75],"faces":{"north":{"uv":[12.0,1.5,12.5,3.0],"texture":"#1"},"south":{"uv":[12.0,1.5,12.5,3.0],"texture":"#1"},"west":{"uv":[12.0,1.5,12.5,3.0],"texture":"#1"},"east":{"uv":[12.0,1.5,12.5,3.0],"texture":"#1"}}},{"from":[11.5,12.0,6.75],"to":[11.75,14.75,8.0],"faces":{"up":{"uv":[7.0,0.0,7.5,2.5],"texture":"#0","rotation":270},"north":{"uv":[4.0,0.0,4.5,5.5],"texture":"#0"},"south":{"uv":[4.0,0.0,4.5,5.5],"texture":"#0"},"west":{"uv":[4.0,0.0,6.0,5.5],"texture":"#0"},"east":{"uv":[4.0,0.0,6.0,5.5],"texture":"#0"}}},{"from":[11.0,14.0,7.0],"to":[11.25,15.0,7.75],"faces":{"north":{"uv":[11.0,0.5,11.5,2.5],"texture":"#1"},"south":{"uv":[11.0,0.5,11.5,2.5],"texture":"#1"},"west":{"uv":[11.0,0.5,11.5,2.5],"texture":"#1"},"east":{"uv":[11.0,0.5,11.5,2.5],"texture":"#1"}}},{"from":[9.75,13.5,7.0],"to":[10.0,14.0,7.75],"faces":{"north":{"uv":[13.5,2.5,14.0,3.5],"texture":"#1"},"south":{"uv":[13.5,2.5,14.0,3.5],"texture":"#1"},"west":{"uv":[13.5,2.5,14.0,3.5],"texture":"#1"}}},{"from":[10.25,13.75,7.0],"to":[10.5,14.25,7.75],"faces":{"north":{"uv":[12.5,2.0,13.0,3.0],"texture":"#1"},"south":{"uv":[12.5,2.0,13.0,3.0],"texture":"#1"}}},{"from":[9.75,15.25,6.75],"to":[10.0,16.25,8.0],"faces":{"down":{"uv":[3.0,0.0,3.5,2.5],"texture":"#0"},"up":{"uv":[3.0,0.0,3.5,2.5],"texture":"#0"},"north":{"uv":[4.5,1.5,5.0,3.5],"texture":"#0"},"south":{"uv":[4.5,1.5,5.0,3.5],"texture":"#0"},"west":{"uv":[4.5,1.5,7.0,3.5],"texture":"#0"},"east":{"uv":[4.5,1.5,7.0,3.5],"texture":"#0"}}},{"from":[9.5,15.75,6.75],"to":[9.75,16.75,8.0],"faces":{"down":{"uv":[7.0,2.5,7.5,5.0],"texture":"#0"},"up":{"uv":[7.0,2.5,7.5,5.0],"texture":"#0"},"north":{"uv":[7.0,2.5,7.5,4.5],"texture":"#0"},"south":{"uv":[7.0,2.5,7.5,4.5],"texture":"#0"},"west":{"uv":[7.0,2.5,9.5,4.5],"texture":"#0"},"east":{"uv":[7.0,2.5,9.5,4.5],"texture":"#0"}}},{"from":[11.25,14.75,6.75],"to":[11.5,15.0,8.0],"faces":{"down":{"uv":[7.0,1.5,7.5,2.0],"texture":"#0"},"up":{"uv":[7.0,1.5,7.5,2.0],"texture":"#0"},"north":{"uv":[7.0,1.5,7.5,2.0],"texture":"#0"},"south":{"uv":[7.0,1.5,7.5,2.0],"texture":"#0"},"west":{"uv":[7.0,1.5,7.5,2.0],"texture":"#0"},"east":{"uv":[7.0,1.5,7.5,2.0],"texture":"#0"}}},{"from":[11.25,15.0,7.0],"to":[11.5,16.5,7.75],"faces":{"up":{"uv":[5.5,12.5,6.0,16.0],"texture":"#1"},"north":{"uv":[5.5,12.5,6.0,16.0],"texture":"#1"},"south":{"uv":[5.5,12.5,6.0,16.0],"texture":"#1"},"west":{"uv":[5.5,12.5,6.0,16.0],"texture":"#1"},"east":{"uv":[5.5,12.5,6.0,16.0],"texture":"#1"}}},{"from":[11.0,15.25,7.0],"to":[11.25,16.75,7.75],"faces":{"up":{"uv":[10.0,11.5,10.5,14.5],"texture":"#1"},"north":{"uv":[10.0,11.5,10.5,14.5],"texture":"#1"},"south":{"uv":[10.0,11.5,10.5,14.5],"texture":"#1"},"west":{"uv":[10.0,11.5,10.5,14.5],"texture":"#1"},"east":{"uv":[10.0,11.5,10.5,14.5],"texture":"#1"}}},{"from":[10.75,15.5,7.0],"to":[11.0,17.0,7.75],"faces":{"up":{"uv":[8.5,10.0,9.0,13.0],"texture":"#1"},"north":{"uv":[8.5,10.0,9.0,13.0],"texture":"#1"},"south":{"uv":[8.5,10.0,9.0,13.0],"texture":"#1"},"west":{"uv":[8.5,10.0,9.0,13.0],"texture":"#1"},"east":{"uv":[8.5,10.0,9.0,13.0],"texture":"#1"}}},{"from":[10.5,15.75,7.0],"to":[10.75,17.25,7.75],"faces":{"up":{"uv":[7.0,11.0,7.5,14.5],"texture":"#1"},"north":{"uv":[7.0,11.0,7.5,14.5],"texture":"#1"},"south":{"uv":[7.0,11.0,7.5,14.5],"texture":"#1"},"west":{"uv":[7.0,11.0,7.5,14.5],"texture":"#1"},"east":{"uv":[7.0,11.0,7.5,14.5],"texture":"#1"}}},{"from":[10.0,16.0,7.0],"to":[10.5,17.25,7.75],"faces":{"up":{"uv":[9.0,12.0,10.0,15.5],"texture":"#1"},"north":{"uv":[9.0,12.0,10.0,15.5],"texture":"#1"},"south":{"uv":[9.0,12.0,10.0,15.5],"texture":"#1"},"west":{"uv":[9.0,12.0,10.0,15.5],"texture":"#1"}}},{"from":[9.75,16.25,7.0],"to":[10.0,17.5,7.75],"faces":{"up":{"uv":[5.5,13.0,6.0,15.5],"texture":"#1"},"north":{"uv":[5.5,13.0,6.0,15.5],"texture":"#1"},"south":{"uv":[5.5,13.0,6.0,15.5],"texture":"#1"},"west":{"uv":[5.5,13.0,6.0,15.5],"texture":"#1"},"east":{"uv":[5.5,13.0,6.0,15.5],"texture":"#1"}}},{"from":[11.0,9.75,6.75],"to":[11.5,10.25,8.0],"faces":{"down":{"uv":[5.5,1.5,6.5,4.0],"texture":"#0","rotation":270},"up":{"uv":[5.5,1.5,6.5,4.0],"texture":"#0","rotation":270},"north":{"uv":[6.0,1.5,7.0,2.5],"texture":"#0"},"south":{"uv":[6.0,1.5,7.0,2.5],"texture":"#0"},"west":{"uv":[3.5,2.0,5.5,3.0],"texture":"#0"},"east":{"uv":[3.5,2.0,5.5,3.0],"texture":"#0"}}},{"from":[8.0,9.0,7.0],"to":[8.75,10.75,7.75],"faces":{"north":{"uv":[7.5,0.0,9.0,3.0],"texture":"#0"},"south":{"uv":[7.5,0.0,9.0,3.0],"texture":"#0"},"west":{"uv":[7.5,0.0,9.0,3.0],"texture":"#0"},"east":{"uv":[7.5,0.0,9.0,3.0],"texture":"#0"}}},{"from":[8.25,10.25,6.75],"to":[8.5,10.5,8.0],"faces":{"down":{"uv":[4.0,0.0,4.5,2.5],"texture":"#0"},"north":{"uv":[4.0,0.0,4.5,0.5],"texture":"#0"},"south":{"uv":[4.0,0.0,4.5,0.5],"texture":"#0"},"west":{"uv":[4.0,0.0,6.5,0.5],"texture":"#0"},"east":{"uv":[4.0,0.0,6.5,0.5],"texture":"#0"}}},{"from":[8.0,10.5,6.75],"to":[8.75,11.0,8.0],"faces":{"down":{"uv":[5.0,1.0,6.5,3.5],"texture":"#0"},"up":{"uv":[5.0,1.0,6.5,3.5],"texture":"#0"},"north":{"uv":[3.0,2.0,4.5,3.0],"texture":"#0"},"south":{"uv":[3.0,2.0,4.5,3.0],"texture":"#0"},"west":{"uv":[3.0,2.5,5.5,3.5],"texture":"#0"},"east":{"uv":[3.0,2.5,5.5,3.5],"texture":"#0"}}},{"from":[7.75,11.0,6.75],"to":[8.0,13.5,8.0],"faces":{"down":{"uv":[8.5,3.0,9.0,5.5],"texture":"#0"},"north":{"uv":[7.0,0.0,7.5,5.0],"texture":"#0"},"south":{"uv":[7.0,0.0,7.5,5.0],"texture":"#0"},"west":{"uv":[6.5,0.0,9.0,5.0],"texture":"#0"},"east":{"uv":[6.5,0.0,9.0,5.0],"texture":"#0"}}},{"from":[7.75,10.25,7.25],"to":[8.0,10.5,7.5],"faces":{"down":{"uv":[5.0,3.5,5.5,4.0],"texture":"#0"},"north":{"uv":[5.0,3.5,5.5,4.0],"texture":"#0"},"south":{"uv":[5.0,3.5,5.5,4.0],"texture":"#0"},"west":{"uv":[5.0,3.5,5.5,4.0],"texture":"#0"}}},{"from":[7.5,10.75,7.25],"to":[7.75,11.0,7.5],"faces":{"down":{"uv":[7.5,2.5,8.0,3.0],"texture":"#0"},"north":{"uv":[7.5,2.5,8.0,3.0],"texture":"#0"},"south":{"uv":[7.5,2.5,8.0,3.0],"texture":"#0"},"west":{"uv":[7.5,2.5,8.0,3.0],"texture":"#0"}}},{"from":[7.5,11.0,7.0],"to":[7.75,14.0,7.75],"faces":{"down":{"uv":[5.5,2.0,6.0,3.5],"texture":"#0"},"north":{"uv":[6.5,0.0,7.0,6.0],"texture":"#0"},"south":{"uv":[6.5,0.0,7.0,6.0],"texture":"#0"},"west":{"uv":[0.0,0.0,1.5,6.0],"texture":"#0"},"east":{"uv":[0.0,0.0,1.5,6.0],"texture":"#0"}}},{"from":[8.25,10.75,6.5],"to":[8.5,11.0,8.25],"faces":{"down":{"uv":[5.0,3.0,5.5,3.5],"texture":"#0"},"north":{"uv":[5.0,3.0,5.5,3.5],"texture":"#0"},"south":{"uv":[5.0,3.0,5.5,3.5],"texture":"#0"},"west":{"uv":[5.0,3.0,5.5,3.5],"texture":"#0"},"east":{"uv":[5.0,3.0,5.5,3.5],"texture":"#0"}}},{"from":[8.25,11.0,6.5],"to":[8.5,12.5,8.25],"faces":{"north":{"uv":[5.0,2.5,5.5,5.5],"texture":"#0"},"south":{"uv":[5.0,2.5,5.5,5.5],"texture":"#0"}}},{"from":[9.5,13.0,6.75],"to":[9.75,13.25,8.0],"faces":{"down":{"uv":[3.5,0.0,4.0,2.0],"texture":"#0"},"up":{"uv":[3.5,0.0,4.0,2.0],"texture":"#0"},"north":{"uv":[6.5,2.5,7.0,3.0],"texture":"#0"},"south":{"uv":[6.5,2.5,7.0,3.0],"texture":"#0"},"west":{"uv":[7.0,1.5,9.0,2.0],"texture":"#0"},"east":{"uv":[7.0,1.5,9.0,2.0],"texture":"#0"}}},{"from":[9.75,13.25,6.75],"to":[10.25,13.5,8.0],"faces":{"down":{"uv":[2.0,3.5,3.0,5.5],"texture":"#0"},"up":{"uv":[2.0,3.5,3.0,5.5],"texture":"#0"},"north":{"uv":[4.5,1.0,5.5,1.5],"texture":"#0"},"south":{"uv":[4.5,1.0,5.5,1.5],"texture":"#0"},"west":{"uv":[1.0,4.0,3.0,4.5],"texture":"#0"},"east":{"uv":[1.0,4.0,3.0,4.5],"texture":"#0"}}},{"from":[10.0,14.25,6.75],"to":[10.5,16.0,8.0],"faces":{"down":{"uv":[4.0,1.0,5.0,3.0],"texture":"#0"},"up":{"uv":[4.0,1.0,5.0,3.0],"texture":"#0"},"north":{"uv":[7.5,2.5,8.5,6.0],"texture":"#0"},"south":{"uv":[7.5,2.5,8.5,6.0],"texture":"#0"},"west":{"uv":[1.0,0.0,3.0,3.5],"texture":"#0"},"east":{"uv":[1.0,0.0,3.0,3.5],"texture":"#0"}}},{"from":[10.5,14.5,6.75],"to":[10.75,15.75,8.0],"faces":{"down":{"uv":[4.0,1.0,4.5,3.0],"texture":"#0"},"up":{"uv":[4.0,1.0,4.5,3.0],"texture":"#0"},"north":{"uv":[4.0,1.0,4.5,3.0],"texture":"#0"},"south":{"uv":[4.0,1.0,4.5,3.0],"texture":"#0"},"east":{"uv":[4.0,1.0,6.0,3.0],"texture":"#0"}}},{"from":[10.75,14.75,6.75],"to":[11.0,15.5,8.0],"faces":{"down":{"uv":[3.0,0.0,3.5,2.0],"texture":"#0"},"up":{"uv":[3.0,0.0,3.5,2.0],"texture":"#0"},"north":{"uv":[3.5,1.0,4.0,2.5],"texture":"#0"},"south":{"uv":[3.5,1.0,4.0,2.5],"texture":"#0"},"east":{"uv":[0.5,3.5,2.5,5.0],"texture":"#0"}}},{"from":[9.75,14.0,6.75],"to":[10.0,14.25,8.0],"faces":{"down":{"uv":[3.0,0.0,3.5,0.5],"texture":"#0"},"up":{"uv":[3.0,0.0,3.5,0.5],"texture":"#0"},"north":{"uv":[3.0,0.0,3.5,0.5],"texture":"#0"},"south":{"uv":[3.0,0.0,3.5,0.5],"texture":"#0"},"east":{"uv":[3.0,0.0,3.5,0.5],"texture":"#0"}}},{"from":[9.5,13.75,6.75],"to":[9.75,14.0,8.0],"faces":{"down":{"uv":[5.0,1.5,5.5,2.0],"texture":"#0"},"north":{"uv":[5.0,1.5,5.5,2.0],"texture":"#0"},"south":{"uv":[5.0,1.5,5.5,2.0],"texture":"#0"},"east":{"uv":[5.0,1.5,5.5,2.0],"texture":"#0"}}},{"from":[8.0,14.0,6.25],"to":[8.25,14.75,8.5],"faces":{"down":{"uv":[2.5,0.0,3.0,2.0],"texture":"#0"},"up":{"uv":[2.5,0.0,3.0,2.0],"texture":"#0"},"north":{"uv":[4.0,1.5,4.5,3.5],"texture":"#0"},"south":{"uv":[4.0,1.5,4.5,3.5],"texture":"#0"},"west":{"uv":[4.0,1.5,6.5,3.5],"texture":"#0"},"east":{"uv":[4.0,1.5,6.5,3.5],"texture":"#0"}}},{"from":[11.25,13.5,6.75],"to":[11.5,13.75,8.0],"faces":{"down":{"uv":[4.5,2.5,5.0,3.0],"texture":"#0"},"up":{"uv":[4.5,2.5,5.0,3.0],"texture":"#0"},"north":{"uv":[4.5,2.5,5.0,3.0],"texture":"#0"},"south":{"uv":[4.5,2.5,5.0,3.0],"texture":"#0"},"west":{"uv":[4.5,2.5,5.0,3.0],"texture":"#0"}}},{"from":[11.5,14.75,7.0],"to":[11.75,16.25,7.75],"faces":{"up":{"uv":[9.0,12.5,9.5,16.0],"texture":"#1"},"north":{"uv":[9.0,12.5,9.5,16.0],"texture":"#1"},"south":{"uv":[9.0,12.5,9.5,16.0],"texture":"#1"},"west":{"uv":[9.0,12.5,9.5,16.0],"texture":"#1"},"east":{"uv":[9.0,12.5,9.5,16.0],"texture":"#1"}}},{"from":[11.25,13.75,7.0],"to":[11.5,14.75,7.75],"faces":{"north":{"uv":[10.5,1.0,11.0,3.0],"texture":"#1"},"south":{"uv":[10.5,1.0,11.0,3.0],"texture":"#1"},"west":{"uv":[10.5,1.0,11.0,3.0],"texture":"#1"}}},{"from":[9.75,11.0,6.75],"to":[10.25,11.5,8.0],"faces":{"down":{"uv":[3.0,0.0,4.0,2.5],"texture":"#0"},"up":{"uv":[3.0,0.0,4.0,2.5],"texture":"#0"},"north":{"uv":[4.5,1.5,5.5,2.5],"texture":"#0"},"south":{"uv":[4.5,1.5,5.5,2.5],"texture":"#0"},"west":{"uv":[4.5,1.5,6.5,2.5],"texture":"#0"},"east":{"uv":[4.5,1.5,6.5,2.5],"texture":"#0"}}},{"from":[10.75,13.75,6.75],"to":[11.25,14.0,8.0],"faces":{"down":{"uv":[5.0,1.5,6.0,3.5],"texture":"#0"},"up":{"uv":[5.0,1.5,6.0,3.5],"texture":"#0"},"north":{"uv":[6.5,2.5,7.5,3.0],"texture":"#0"},"south":{"uv":[6.5,2.5,7.5,3.0],"texture":"#0"},"west":{"uv":[4.5,1.5,6.5,2.0],"texture":"#0"},"east":{"uv":[4.5,1.5,6.5,2.0],"texture":"#0"}}},{"from":[10.5,11.25,6.75],"to":[10.75,11.5,8.0],"faces":{"up":{"uv":[4.0,2.5,4.5,4.5],"texture":"#0"},"north":{"uv":[5.5,1.5,6.0,2.0],"texture":"#0"},"south":{"uv":[5.5,1.5,6.0,2.0],"texture":"#0"},"west":{"uv":[5.5,1.5,7.5,2.0],"texture":"#0"}}},{"from":[11.5,9.25,7.25],"to":[11.75,10.25,7.5],"faces":{"down":{"uv":[7.0,5.5,7.5,8.0],"texture":"#1"},"north":{"uv":[7.0,5.5,7.5,8.0],"texture":"#1"},"south":{"uv":[7.0,5.5,7.5,8.0],"texture":"#1"},"west":{"uv":[7.0,5.5,7.5,8.0],"texture":"#1"},"east":{"uv":[7.0,5.5,7.5,8.0],"texture":"#1"}}},{"from":[11.75,9.5,7.25],"to":[12.0,10.75,7.5],"faces":{"down":{"uv":[7.0,5.5,7.5,8.0],"texture":"#1"},"north":{"uv":[7.0,5.5,7.5,8.0],"texture":"#1"},"south":{"uv":[7.0,5.5,7.5,8.0],"texture":"#1"},"west":{"uv":[7.0,5.5,7.5,8.0],"texture":"#1"},"east":{"uv":[7.0,5.5,7.5,8.0],"texture":"#1"}}},{"from":[12.0,10.0,7.25],"to":[12.25,11.25,7.5],"faces":{"down":{"uv":[6.5,5.5,7.0,8.5],"texture":"#1"},"north":{"uv":[6.5,5.5,7.0,8.5],"texture":"#1"},"south":{"uv":[6.5,5.5,7.0,8.5],"texture":"#1"},"west":{"uv":[6.5,5.5,7.0,8.5],"texture":"#1"},"east":{"uv":[6.5,5.5,7.0,8.5],"texture":"#1"}}},{"from":[12.25,10.25,7.25],"to":[12.5,11.75,7.5],"faces":{"down":{"uv":[7.0,5.5,7.5,8.5],"texture":"#1"},"north":{"uv":[7.0,5.5,7.5,8.5],"texture":"#1"},"south":{"uv":[7.0,5.5,7.5,8.5],"texture":"#1"},"west":{"uv":[7.0,5.5,7.5,8.5],"texture":"#1"},"east":{"uv":[7.0,5.5,7.5,8.5],"texture":"#1"}}},{"from":[12.5,10.75,7.25],"to":[12.75,12.25,7.5],"faces":{"down":{"uv":[7.0,6.0,7.5,8.0],"texture":"#1"},"north":{"uv":[7.0,6.0,7.5,8.0],"texture":"#1"},"south":{"uv":[7.0,6.0,7.5,8.0],"texture":"#1"},"west":{"uv":[7.0,6.0,7.5,8.0],"texture":"#1"},"east":{"uv":[7.0,6.0,7.5,8.0],"texture":"#1"}}},{"from":[12.75,11.25,7.25],"to":[13.0,12.75,7.5],"faces":{"down":{"uv":[7.5,6.0,8.0,8.5],"texture":"#1"},"north":{"uv":[7.5,6.0,8.0,8.5],"texture":"#1"},"south":{"uv":[7.5,6.0,8.0,8.5],"texture":"#1"},"west":{"uv":[7.5,6.0,8.0,8.5],"texture":"#1"},"east":{"uv":[7.5,6.0,8.0,8.5],"texture":"#1"}}},{"from":[8.75,10.0,6.75],"to":[9.25,10.25,8.0],"faces":{"down":{"uv":[5.0,1.0,5.5,3.5],"texture":"#0","rotation":90},"up":{"uv":[5.0,1.0,5.5,3.5],"texture":"#0","rotation":270},"north":{"uv":[2.5,3.0,3.5,3.5],"texture":"#0"},"south":{"uv":[2.5,3.0,3.5,3.5],"texture":"#0"},"west":{"uv":[7.0,2.5,9.5,3.5],"texture":"#0"}}},{"from":[8.75,10.25,6.75],"to":[9.0,10.75,8.0],"faces":{"up":{"uv":[7.0,1.0,7.5,3.5],"texture":"#0","rotation":270},"north":{"uv":[8.0,2.5,8.5,3.5],"texture":"#0"},"south":{"uv":[8.0,2.5,8.5,3.5],"texture":"#0"},"west":{"uv":[6.5,2.5,9.0,3.5],"texture":"#0"},"east":{"uv":[6.5,2.5,9.0,3.5],"texture":"#0"}}},{"from":[9.25,10.0,6.75],"to":[9.5,10.5,8.0],"faces":{"down":{"uv":[7.0,1.5,7.5,4.0],"texture":"#0","rotation":90},"up":{"uv":[7.0,1.5,7.5,4.0],"texture":"#0","rotation":90},"north":{"uv":[4.5,2.0,5.0,3.0],"texture":"#0"},"south":{"uv":[4.5,2.0,5.0,3.0],"texture":"#0"},"west":{"uv":[1.5,2.0,4.0,3.0],"texture":"#0"},"east":{"uv":[1.5,2.0,4.0,3.0],"texture":"#0"}}},{"from":[9.5,9.5,7.0],"to":[9.75,10.0,7.75],"faces":{"down":{"uv":[6.5,1.0,7.0,3.0],"texture":"#0"},"up":{"uv":[6.5,1.0,7.0,3.0],"texture":"#0"},"north":{"uv":[8.0,2.5,8.5,3.5],"texture":"#0"},"south":{"uv":[8.0,2.5,8.5,3.5],"texture":"#0"},"west":{"uv":[7.0,2.5,9.5,3.5],"texture":"#0"},"east":{"uv":[7.0,2.5,9.5,3.5],"texture":"#0"}}},{"from":[11.25,10.25,6.75],"to":[11.5,11.75,8.0],"faces":{"north":{"uv":[7.0,2.5,7.5,5.0],"texture":"#0"},"south":{"uv":[7.0,2.5,7.5,5.0],"texture":"#0"},"west":{"uv":[2.5,0.0,5.0,2.0],"texture":"#0"},"east":{"uv":[2.5,0.0,5.0,2.0],"texture":"#0"}}},{"from":[11.5,11.0,6.75],"to":[11.75,12.0,8.0],"faces":{"down":{"uv":[7.0,1.5,7.5,4.0],"texture":"#0","rotation":90},"north":{"uv":[4.0,1.5,4.5,3.0],"texture":"#0"},"south":{"uv":[4.0,1.5,4.5,3.0],"texture":"#0"},"west":{"uv":[5.5,2.0,8.0,3.5],"texture":"#0"},"east":{"uv":[5.5,2.0,8.0,3.5],"texture":"#0"}}},{"from":[11.75,11.5,6.75],"to":[12.0,12.5,8.0],"faces":{"down":{"uv":[4.0,3.0,4.5,5.5],"texture":"#0","rotation":90},"up":{"uv":[7.0,1.0,7.5,3.5],"texture":"#0","rotation":270},"north":{"uv":[6.0,1.5,6.5,3.0],"texture":"#0"},"south":{"uv":[5.5,1.5,6.0,3.0],"texture":"#0"},"west":{"uv":[6.0,1.5,8.0,3.0],"texture":"#0"},"east":{"uv":[6.0,1.5,8.0,3.0],"texture":"#0"}}},{"from":[11.75,10.75,7.0],"to":[12.0,11.5,7.75],"faces":{"down":{"uv":[7.0,12.0,7.5,13.5],"texture":"#1"},"north":{"uv":[7.0,12.0,7.5,13.5],"texture":"#1"},"south":{"uv":[7.0,12.0,7.5,13.5],"texture":"#1"},"west":{"uv":[7.0,12.0,7.5,13.5],"texture":"#1"},"east":{"uv":[7.0,12.0,7.5,13.5],"texture":"#1"}}},{"from":[11.75,12.5,7.0],"to":[12.0,13.25,7.75],"faces":{"north":{"uv":[9.5,10.0,10.0,11.5],"texture":"#1"},"south":{"uv":[9.5,10.0,10.0,11.5],"texture":"#1"}}},{"from":[8.5,14.0,6.25],"to":[8.75,14.75,8.5],"faces":{"down":{"uv":[4.0,1.0,4.5,4.0],"texture":"#0"},"up":{"uv":[4.0,1.0,4.5,4.0],"texture":"#0"},"north":{"uv":[2.0,3.0,2.5,5.0],"texture":"#0"},"south":{"uv":[2.0,3.0,2.5,5.0],"texture":"#0"},"west":{"uv":[0.5,1.0,3.0,3.0],"texture":"#0"},"east":{"uv":[0.5,1.0,3.0,3.0],"texture":"#0"}}},{"from":[7.25,12.5,7.0],"to":[7.5,13.5,7.75],"faces":{"down":{"uv":[2.0,3.0,2.5,5.0],"texture":"#0"},"north":{"uv":[2.0,3.0,2.5,5.0],"texture":"#0"},"south":{"uv":[2.0,3.0,2.5,5.0],"texture":"#0"},"west":{"uv":[2.0,3.0,4.0,5.0],"texture":"#0"}}},{"from":[7.0,14.0,6.25],"to":[7.25,14.5,8.5],"faces":{"down":{"uv":[2.0,1.5,2.5,4.0],"texture":"#0"},"up":{"uv":[2.0,1.5,2.5,4.0],"texture":"#0"},"north":{"uv":[2.0,5.0,2.5,6.0],"texture":"#0"},"south":{"uv":[2.0,5.0,2.5,6.0],"texture":"#0"},"west":{"uv":[2.0,5.0,4.5,6.0],"texture":"#0"},"east":{"uv":[2.0,5.0,4.5,6.0],"texture":"#0"}}},{"from":[8.5,11.0,6.5],"to":[8.75,12.75,8.25],"faces":{"down":{"uv":[5.5,1.0,6.0,4.5],"texture":"#0"},"north":{"uv":[6.5,1.0,7.0,4.5],"texture":"#0"},"south":{"uv":[6.5,1.0,7.0,4.5],"texture":"#0"},"west":{"uv":[3.5,0.5,7.0,4.0],"texture":"#0"},"east":{"uv":[3.5,0.5,7.0,4.0],"texture":"#0"}}},{"from":[8.0,11.0,6.5],"to":[8.25,12.75,8.25],"faces":{"down":{"uv":[7.0,1.0,7.5,4.5],"texture":"#0"},"north":{"uv":[3.0,0.0,3.5,3.5],"texture":"#0"},"south":{"uv":[3.0,0.0,3.5,3.5],"texture":"#0"},"west":{"uv":[5.5,1.0,9.0,4.5],"texture":"#0"},"east":{"uv":[5.5,1.0,9.0,4.5],"texture":"#0"}}},{"from":[7.75,10.5,7.0],"to":[8.0,13.75,7.75],"faces":{"down":{"uv":[5.5,2.0,6.0,3.5],"texture":"#0"},"north":{"uv":[5.5,0.0,6.0,6.0],"texture":"#0"},"south":{"uv":[5.5,0.0,6.0,6.0],"texture":"#0"},"west":{"uv":[5.0,0.0,6.5,6.0],"texture":"#0"},"east":{"uv":[5.0,0.0,6.5,6.0],"texture":"#0"}}},{"from":[8.25,13.0,6.5],"to":[8.5,14.25,8.25],"faces":{"north":{"uv":[3.0,0.0,3.5,2.5],"texture":"#1"},"south":{"uv":[3.0,0.0,3.5,2.5],"texture":"#1"},"west":{"uv":[3.0,0.0,3.5,2.5],"texture":"#1"},"east":{"uv":[3.0,0.0,3.5,2.5],"texture":"#1"}}},{"from":[8.75,13.75,6.25],"to":[9.0,14.25,8.5],"faces":{"down":{"uv":[2.0,3.0,2.5,6.0],"texture":"#0"},"up":{"uv":[2.0,3.0,2.5,6.0],"texture":"#0"},"north":{"uv":[7.0,1.5,7.5,2.5],"texture":"#0"},"south":{"uv":[7.0,1.5,7.5,2.5],"texture":"#0"},"west":{"uv":[2.5,3.0,4.5,4.0],"texture":"#0"},"east":{"uv":[2.5,3.0,4.5,4.0],"texture":"#0"}}},{"from":[8.0,12.75,6.25],"to":[8.25,13.25,8.5],"faces":{"down":{"uv":[3.5,1.0,4.0,3.5],"texture":"#0"},"up":{"uv":[3.5,1.0,4.0,3.5],"texture":"#0"},"north":{"uv":[3.5,1.0,4.0,2.0],"texture":"#0"},"south":{"uv":[3.5,1.0,4.0,2.0],"texture":"#0"},"west":{"uv":[3.5,1.0,6.0,2.0],"texture":"#0"},"east":{"uv":[3.5,1.0,6.0,2.0],"texture":"#0"}}},{"from":[7.5,13.25,6.25],"to":[7.75,14.0,8.5],"faces":{"down":{"uv":[6.0,1.5,6.5,4.5],"texture":"#0"},"up":{"uv":[6.0,1.5,6.5,4.5],"texture":"#0"},"north":{"uv":[8.5,0.0,9.0,1.5],"texture":"#0"},"south":{"uv":[8.5,0.0,9.0,1.5],"texture":"#0"},"west":{"uv":[6.0,1.5,8.0,3.0],"texture":"#0"},"east":{"uv":[6.0,1.5,8.0,3.0],"texture":"#0"}}},{"from":[7.25,13.5,6.25],"to":[7.5,14.25,8.5],"faces":{"down":{"uv":[7.0,2.5,7.5,5.0],"texture":"#0"},"up":{"uv":[7.0,2.5,7.5,5.0],"texture":"#0"},"north":{"uv":[7.0,2.5,7.5,4.0],"texture":"#0"},"south":{"uv":[7.0,2.5,7.5,4.0],"texture":"#0"},"west":{"uv":[7.0,2.5,9.5,4.0],"texture":"#0"},"east":{"uv":[7.0,2.5,9.5,4.0],"texture":"#0"}}},{"from":[7.75,13.25,6.25],"to":[8.0,13.5,8.5],"faces":{"down":{"uv":[6.5,9.5,7.0,10.0],"texture":"#0"},"up":{"uv":[6.5,9.5,7.0,10.0],"texture":"#0"},"north":{"uv":[6.5,9.5,7.0,10.0],"texture":"#0"},"south":{"uv":[6.5,9.5,7.0,10.0],"texture":"#0"},"east":{"uv":[6.5,9.5,7.0,10.0],"texture":"#0"}}},{"from":[7.75,13.75,6.25],"to":[8.0,14.25,8.5],"faces":{"down":{"uv":[1.5,1.5,2.0,4.0],"texture":"#0"},"up":{"uv":[1.5,1.5,2.0,4.0],"texture":"#0"},"north":{"uv":[3.0,0.0,3.5,1.0],"texture":"#0"},"south":{"uv":[8.0,2.0,8.5,3.0],"texture":"#0"},"west":{"uv":[6.0,1.0,8.0,2.0],"texture":"#0"},"east":{"uv":[6.0,1.0,8.0,2.0],"texture":"#0"}}},{"from":[9.0,13.25,6.25],"to":[9.25,14.0,8.5],"faces":{"down":{"uv":[6.0,1.0,6.5,3.0],"texture":"#0"},"up":{"uv":[6.0,1.0,6.5,3.0],"texture":"#0"},"north":{"uv":[6.0,1.0,6.5,2.5],"texture":"#0"},"south":{"uv":[6.0,1.0,6.5,2.5],"texture":"#0"},"west":{"uv":[6.0,1.0,8.0,2.5],"texture":"#0"},"east":{"uv":[6.0,1.0,8.0,2.5],"texture":"#0"}}},{"from":[8.75,13.25,6.25],"to":[9.0,13.5,8.5],"faces":{"down":{"uv":[2.0,2.0,2.5,4.0],"texture":"#0"},"up":{"uv":[2.0,2.0,2.5,4.0],"texture":"#0"},"north":{"uv":[7.0,1.5,7.5,2.0],"texture":"#0"},"south":{"uv":[7.0,1.5,7.5,2.0],"texture":"#0"},"west":{"uv":[7.0,1.5,7.5,2.0],"texture":"#0"}}},{"from":[7.75,13.5,6.5],"to":[9.0,13.75,8.25],"faces":{"down":{"uv":[2.0,1.0,4.5,1.5],"texture":"#1"},"up":{"uv":[2.0,1.0,4.5,1.5],"texture":"#1"},"north":{"uv":[2.0,1.0,4.5,1.5],"texture":"#1"},"south":{"uv":[2.0,1.0,4.5,1.5],"texture":"#1"}}},{"from":[9.25,13.5,6.25],"to":[9.5,14.25,8.5],"faces":{"down":{"uv":[5.5,1.5,6.0,4.0],"texture":"#0"},"up":{"uv":[5.5,1.5,6.0,4.0],"texture":"#0"},"north":{"uv":[7.0,1.5,7.5,3.0],"texture":"#0"},"south":{"uv":[7.0,1.5,7.5,3.0],"texture":"#0"},"west":{"uv":[5.5,1.5,7.5,3.0],"texture":"#0"},"east":{"uv":[5.5,1.5,7.5,3.0],"texture":"#0"}}},{"from":[9.5,14.0,6.25],"to":[9.75,14.5,8.5],"faces":{"down":{"uv":[7.0,1.0,7.5,3.5],"texture":"#0"},"up":{"uv":[7.0,1.0,7.5,3.5],"texture":"#0"},"north":{"uv":[6.5,2.5,7.0,3.5],"texture":"#0"},"south":{"uv":[6.5,2.5,7.0,3.5],"texture":"#0"},"west":{"uv":[6.5,1.5,8.5,2.5],"texture":"#0"},"east":{"uv":[6.5,1.5,8.5,2.5],"texture":"#0"}}},{"from":[8.25,14.25,6.25],"to":[8.5,15.0,8.5],"faces":{"down":{"uv":[3.5,0.0,4.0,2.5],"texture":"#0"},"up":{"uv":[3.5,0.0,4.0,2.5],"texture":"#0"},"north":{"uv":[6.0,0.0,6.5,2.5],"texture":"#0"},"south":{"uv":[6.0,0.0,6.5,2.5],"texture":"#0"},"west":{"uv":[6.0,0.0,8.5,2.5],"texture":"#0"},"east":{"uv":[6.0,0.0,8.5,2.5],"texture":"#0"}}},{"from":[8.25,15.0,6.5],"to":[8.5,15.25,8.25],"faces":{"up":{"uv":[7.0,1.5,7.5,4.0],"texture":"#0"},"north":{"uv":[7.0,1.5,7.5,2.0],"texture":"#0"},"south":{"uv":[7.0,1.5,7.5,2.0],"texture":"#0"},"west":{"uv":[7.0,1.5,9.5,2.0],"texture":"#0"},"east":{"uv":[7.0,1.5,9.5,2.0],"texture":"#0"}}},{"from":[7.75,14.25,6.5],"to":[9.0,14.5,8.25],"faces":{"down":{"uv":[4.5,1.5,7.0,3.5],"texture":"#0"},"up":{"uv":[4.5,1.5,7.0,3.5],"texture":"#0"},"north":{"uv":[4.5,1.5,7.0,2.0],"texture":"#0"},"south":{"uv":[4.5,1.5,7.0,2.0],"texture":"#0"},"west":{"uv":[4.5,1.5,6.5,2.0],"texture":"#0"},"east":{"uv":[4.5,1.5,6.5,2.0],"texture":"#0"}}},{"from":[8.25,15.25,7.0],"to":[8.5,15.5,7.75],"faces":{"up":{"uv":[4.5,2.5,5.0,4.0],"texture":"#0"},"north":{"uv":[4.0,2.5,4.5,3.0],"texture":"#0"},"south":{"uv":[4.0,2.5,4.5,3.0],"texture":"#0"},"west":{"uv":[2.0,4.5,3.5,5.0],"texture":"#0"},"east":{"uv":[2.0,4.5,3.5,5.0],"texture":"#0"}}},{"from":[8.0,14.75,6.5],"to":[8.75,15.0,8.25],"faces":{"down":{"uv":[3.0,0.5,4.5,3.5],"texture":"#0"},"up":{"uv":[3.0,0.5,4.5,3.5],"texture":"#0"},"north":{"uv":[3.0,0.5,4.5,1.0],"texture":"#0"},"south":{"uv":[3.0,0.5,4.5,1.0],"texture":"#0"},"west":{"uv":[3.0,0.5,5.5,1.0],"texture":"#0"},"east":{"uv":[3.0,0.5,5.5,1.0],"texture":"#0"}}},{"from":[8.0,15.0,7.0],"to":[8.75,15.25,7.75],"faces":{"up":{"uv":[3.5,1.5,5.0,3.0],"texture":"#0"},"north":{"uv":[7.0,2.5,8.5,3.0],"texture":"#0"},"south":{"uv":[7.0,2.5,8.5,3.0],"texture":"#0"},"west":{"uv":[7.0,1.5,8.5,2.0],"texture":"#0"},"east":{"uv":[7.0,1.5,8.5,2.0],"texture":"#0"}}},{"from":[7.75,14.5,7.0],"to":[9.0,14.75,7.75],"faces":{"up":{"uv":[3.5,1.5,6.5,3.0],"texture":"#0"},"north":{"uv":[3.5,1.5,6.5,2.0],"texture":"#0"},"south":{"uv":[3.5,1.5,6.5,2.0],"texture":"#0"},"west":{"uv":[4.0,2.0,5.5,2.5],"texture":"#0"},"east":{"uv":[4.0,2.0,5.5,2.5],"texture":"#0"}}},{"from":[6.75,14.0,7.0],"to":[9.25,14.25,7.75],"faces":{"down":{"uv":[1.5,2.5,7.0,4.5],"texture":"#0"},"up":{"uv":[1.5,2.5,7.0,4.5],"texture":"#0"},"north":{"uv":[1.5,2.5,7.0,3.0],"texture":"#0"},"south":{"uv":[1.5,2.5,7.0,3.0],"texture":"#0"},"west":{"uv":[4.0,3.5,6.0,4.0],"texture":"#0"}}},{"from":[7.0,14.5,7.0],"to":[7.25,14.75,7.75],"faces":{"up":{"uv":[6.0,2.0,6.5,3.5],"texture":"#0"},"north":{"uv":[6.5,2.0,7.0,2.5],"texture":"#0"},"south":{"uv":[6.5,2.0,7.0,2.5],"texture":"#0"},"west":{"uv":[7.0,1.5,8.5,2.0],"texture":"#0"},"east":{"uv":[7.0,1.5,8.5,2.0],"texture":"#0"}}},{"from":[9.25,14.25,7.0],"to":[10.0,14.5,7.75],"faces":{"down":{"uv":[3.5,1.5,5.0,3.0],"texture":"#0"},"up":{"uv":[3.5,1.5,5.0,3.0],"texture":"#0"},"north":{"uv":[3.5,1.5,5.0,2.0],"texture":"#0"},"south":{"uv":[3.5,1.5,5.0,2.0],"texture":"#0"},"west":{"uv":[3.5,1.5,5.0,2.0],"texture":"#0"}}},{"from":[9.5,14.5,7.0],"to":[9.75,14.75,7.75],"faces":{"up":{"uv":[2.0,4.5,2.5,6.0],"texture":"#0"},"north":{"uv":[2.0,5.0,2.5,5.5],"texture":"#0"},"south":{"uv":[2.0,5.0,2.5,5.5],"texture":"#0"},"west":{"uv":[1.5,5.5,3.0,6.0],"texture":"#0"},"east":{"uv":[1.5,5.5,3.0,6.0],"texture":"#0"}}},{"from":[8.25,12.5,6.25],"to":[8.5,13.0,8.5],"faces":{"down":{"uv":[7.0,1.0,7.5,3.5],"texture":"#0"},"up":{"uv":[7.0,1.0,7.5,3.5],"texture":"#0"},"north":{"uv":[7.0,1.0,7.5,2.0],"texture":"#0"},"south":{"uv":[7.0,1.0,7.5,2.0],"texture":"#0"},"west":{"uv":[7.0,1.0,9.5,2.0],"texture":"#0"},"east":{"uv":[7.0,1.0,9.5,2.0],"texture":"#0"}}},{"from":[6.75,14.25,7.0],"to":[7.5,14.5,7.75],"faces":{"up":{"uv":[6.0,2.0,7.5,3.5],"texture":"#0"},"north":{"uv":[6.5,4.5,8.0,5.0],"texture":"#0"},"south":{"uv":[6.5,4.5,8.0,5.0],"texture":"#0"},"west":{"uv":[7.0,5.0,8.5,5.5],"texture":"#0"},"east":{"uv":[7.0,5.0,8.5,5.5],"texture":"#0"}}},{"from":[7.0,13.5,7.0],"to":[7.25,14.0,7.75],"faces":{"down":{"uv":[2.5,0.0,3.0,1.5],"texture":"#0"},"north":{"uv":[7.0,1.5,7.5,2.5],"texture":"#0"},"south":{"uv":[7.0,1.5,7.5,2.5],"texture":"#0"},"west":{"uv":[2.0,0.0,4.0,1.0],"texture":"#0"}}},{"from":[7.25,12.25,7.25],"to":[7.5,12.5,7.5],"faces":{"down":{"uv":[7.5,2.5,8.0,3.0],"texture":"#0","rotation":90},"north":{"uv":[7.5,2.5,8.0,3.0],"texture":"#0","rotation":90},"south":{"uv":[7.5,2.5,8.0,3.0],"texture":"#0","rotation":90},"west":{"uv":[7.5,2.5,8.0,3.0],"texture":"#0","rotation":90}}},{"from":[6.75,12.5,7.0],"to":[7.0,13.0,7.75],"faces":{"down":{"uv":[5.0,2.0,5.5,4.0],"texture":"#0"},"up":{"uv":[4.5,0.5,5.0,2.5],"texture":"#0"},"north":{"uv":[6.5,3.5,7.0,4.5],"texture":"#0"},"south":{"uv":[6.5,3.5,7.0,4.5],"texture":"#0"},"west":{"uv":[5.0,2.0,7.0,3.0],"texture":"#0"},"east":{"uv":[5.0,2.0,7.0,3.0],"texture":"#0"}}},{"from":[6.5,12.25,7.0],"to":[6.75,12.75,7.75],"faces":{"down":{"uv":[3.5,1.0,5.5,1.5],"texture":"#0","rotation":90},"up":{"uv":[3.5,1.0,5.5,1.5],"texture":"#0","rotation":90},"north":{"uv":[3.5,1.0,4.0,2.0],"texture":"#0"},"south":{"uv":[3.5,1.0,4.0,2.0],"texture":"#0"},"west":{"uv":[3.5,1.0,5.5,2.0],"texture":"#0"},"east":{"uv":[3.5,1.0,5.5,2.0],"texture":"#0"}}},{"from":[7.0,12.75,7.0],"to":[7.25,13.25,7.75],"faces":{"down":{"uv":[8.0,7.0,8.5,9.5],"texture":"#0","rotation":90},"up":{"uv":[3.5,0.0,4.0,2.5],"texture":"#0"},"north":{"uv":[2.0,5.0,2.5,6.0],"texture":"#0"},"south":{"uv":[2.0,5.0,2.5,6.0],"texture":"#0"},"west":{"uv":[7.5,0.5,9.5,1.5],"texture":"#0"}}},{"from":[6.25,12.5,7.25],"to":[7.25,12.75,7.5],"faces":{"down":{"uv":[2.5,0.5,4.5,1.0],"texture":"#0"},"up":{"uv":[2.5,0.5,4.5,1.0],"texture":"#0"},"north":{"uv":[7.0,2.5,9.0,3.0],"texture":"#0"},"south":{"uv":[7.0,2.5,9.0,3.0],"texture":"#0"},"west":{"uv":[6.5,2.0,7.0,2.5],"texture":"#0"}}},{"from":[6.25,12.25,7.25],"to":[7.0,12.5,7.5],"faces":{"down":{"uv":[4.0,0.5,5.5,1.0],"texture":"#0"},"north":{"uv":[3.5,1.5,5.0,2.0],"texture":"#0"},"south":{"uv":[3.5,1.5,5.0,2.0],"texture":"#0"},"west":{"uv":[3.0,4.5,3.5,5.0],"texture":"#0"},"east":{"uv":[3.0,4.5,3.5,5.0],"texture":"#0"}}},{"from":[7.0,13.25,7.25],"to":[7.25,13.5,7.5],"faces":{"north":{"uv":[5.5,2.0,6.0,2.5],"texture":"#0"},"south":{"uv":[5.5,2.0,6.0,2.5],"texture":"#0"},"west":{"uv":[5.5,2.0,6.0,2.5],"texture":"#0"}}},{"from":[6.5,12.0,7.25],"to":[6.75,12.25,7.5],"faces":{"down":{"uv":[7.5,2.5,8.0,3.0],"texture":"#0"},"north":{"uv":[7.5,2.5,8.0,3.0],"texture":"#0"},"south":{"uv":[7.5,2.5,8.0,3.0],"texture":"#0"},"west":{"uv":[7.5,2.5,8.0,3.0],"texture":"#0"},"east":{"uv":[7.5,2.5,8.0,3.0],"texture":"#0"}}},{"from":[6.5,12.75,7.25],"to":[6.75,13.0,7.5],"faces":{"up":{"uv":[7.0,4.0,7.5,4.5],"texture":"#0"},"north":{"uv":[7.0,4.0,7.5,4.5],"texture":"#0"},"south":{"uv":[7.0,4.0,7.5,4.5],"texture":"#0"},"west":{"uv":[7.0,4.0,7.5,4.5],"texture":"#0"}}},{"from":[6.75,13.0,7.25],"to":[7.0,13.25,7.5],"faces":{"up":{"uv":[6.5,2.0,7.0,2.5],"texture":"#0"},"north":{"uv":[6.5,2.0,7.0,2.5],"texture":"#0"},"south":{"uv":[6.5,2.0,7.0,2.5],"texture":"#0"},"west":{"uv":[6.5,2.0,7.0,2.5],"texture":"#0"}}},{"from":[9.25,17.25,7.25],"to":[9.75,18.25,7.5],"faces":{"down":{"uv":[5.0,7.5,5.5,5.5],"texture":"#1"},"up":{"uv":[5.0,7.5,5.5,5.5],"texture":"#1"},"north":{"uv":[5.0,7.5,5.5,5.5],"texture":"#1"},"south":{"uv":[5.0,7.5,5.5,5.5],"texture":"#1"},"west":{"uv":[5.0,7.5,5.5,5.5],"texture":"#1"},"east":{"uv":[5.0,7.5,5.5,5.5],"texture":"#1"}}},{"from":[9.75,-9.25,7.0],"to":[10.0,-9.0,7.75],"faces":{"down":{"uv":[5.0,2.5,5.5,3.999999],"texture":"#0"},"up":{"uv":[5.0,2.5,5.5,3.999999],"texture":"#0"},"north":{"uv":[4.5,3.5,5.0,4.0],"texture":"#0"},"south":{"uv":[4.5,3.5,5.0,4.0],"texture":"#0"},"east":{"uv":[4.5,3.5,5.0,4.0],"texture":"#0"}}},{"from":[9.5,-9.25,6.75],"to":[9.75,-9.0,8.0],"faces":{"down":{"uv":[1.5,3.0,2.0,4.5],"texture":"#0"},"up":{"uv":[1.5,3.0,2.0,4.5],"texture":"#0"},"north":{"uv":[1.5,4.5,2.0,5.0],"texture":"#0"},"south":{"uv":[1.5,4.5,2.0,5.0],"texture":"#0"},"west":{"uv":[1.5,4.0,3.0,4.5],"texture":"#0"},"east":{"uv":[1.5,4.0,3.0,4.5],"texture":"#0"}}},{"from":[9.5,-9.0,7.0],"to":[9.75,-8.75,7.75],"faces":{"up":{"uv":[2.0,4.0,2.5,5.5],"texture":"#0"},"north":{"uv":[2.5,2.0,3.0,2.5],"texture":"#0"},"south":{"uv":[2.5,2.0,3.0,2.5],"texture":"#0"},"east":{"uv":[2.0,2.0,3.5,2.5],"texture":"#0"}}},{"from":[9.25,-9.0,6.75],"to":[9.5,-8.75,8.0],"faces":{"down":{"uv":[2.0,4.0,2.5,5.5],"texture":"#0"},"up":{"uv":[3.5,2.5,4.0,4.0],"texture":"#0"},"north":{"uv":[6.0,9.0,6.5,9.5],"texture":"#0"},"south":{"uv":[9.5,9.0,10.0,9.5],"texture":"#0"},"east":{"uv":[2.5,1.0,4.0,1.5],"texture":"#0"}}},{"from":[9.0,-9.0,6.5],"to":[9.25,-8.75,8.25],"faces":{"down":{"uv":[2.0,1.0,2.5,3.5],"texture":"#0"},"up":{"uv":[2.0,1.0,2.5,3.5],"texture":"#0"},"north":{"uv":[1.5,2.5,2.0,3.0],"texture":"#0"},"south":{"uv":[1.5,2.5,2.0,3.0],"texture":"#0"},"west":{"uv":[1.0,2.5,3.0,3.0],"texture":"#0"},"east":{"uv":[1.0,2.5,3.0,3.0],"texture":"#0"}}},{"from":[9.0,-8.75,6.75],"to":[9.25,-8.25,8.0],"faces":{"up":{"uv":[7.0,9.0,9.5,9.5],"texture":"#0","rotation":270},"north":{"uv":[2.0,2.0,2.5,3.0],"texture":"#0"},"south":{"uv":[2.0,2.0,2.5,3.0],"texture":"#0"},"west":{"uv":[1.0,2.0,3.5,3.0],"texture":"#0"},"east":{"uv":[1.0,2.0,3.5,3.0],"texture":"#0"}}},{"from":[8.75,-8.75,6.5],"to":[9.0,-8.5,8.25],"faces":{"down":{"uv":[1.0,2.0,4.5,2.5],"texture":"#0","rotation":270},"up":{"uv":[1.0,2.0,4.5,2.5],"texture":"#0","rotation":270},"north":{"uv":[7.5,2.5,8.0,3.0],"texture":"#0"},"south":{"uv":[7.5,2.5,8.0,3.0],"texture":"#0"},"west":{"uv":[3.0,2.0,6.5,2.5],"texture":"#0"},"east":{"uv":[3.0,2.0,6.5,2.5],"texture":"#0"}}},{"from":[7.5,-8.25,7.0],"to":[9.25,-8.0,7.75],"faces":{"down":{"uv":[1.5,4.0,5.0,4.5],"texture":"#0"},"up":{"uv":[1.5,4.0,5.0,4.5],"texture":"#0"},"north":{"uv":[4.5,4.0,5.0,4.5],"texture":"#0"},"south":{"uv":[4.5,4.0,5.0,4.5],"texture":"#0"},"west":{"uv":[5.5,3.5,7.0,4.0],"texture":"#0"},"east":{"uv":[5.5,3.5,7.0,4.0],"texture":"#0"}}},{"from":[8.75,-8.5,6.75],"to":[9.0,-7.75,8.0],"faces":{"north":{"uv":[8.0,0.0,8.5,1.5],"texture":"#0"},"south":{"uv":[8.0,0.0,8.5,1.5],"texture":"#0"},"east":{"uv":[2.5,4.0,5.0,5.5],"texture":"#0"}}},{"from":[8.75,-7.75,6.5],"to":[9.0,-7.5,8.25],"faces":{"down":{"uv":[6.5,7.0,10.0,7.5],"texture":"#0","rotation":90},"up":{"uv":[6.5,8.5,10.0,9.0],"texture":"#0","rotation":270},"north":{"uv":[1.5,2.0,2.0,2.5],"texture":"#0"},"south":{"uv":[1.5,2.0,2.0,2.5],"texture":"#0"},"west":{"uv":[5.5,3.5,6.0,4.0],"texture":"#0"},"east":{"uv":[6.5,6.5,10.0,7.0],"texture":"#0"}}},{"from":[9.0,-8.0,6.75],"to":[9.25,-7.5,8.0],"faces":{"down":{"uv":[4.0,2.0,6.5,2.5],"texture":"#0","rotation":90},"north":{"uv":[3.0,5.0,3.5,6.0],"texture":"#0"},"south":{"uv":[3.0,5.0,3.5,6.0],"texture":"#0"},"west":{"uv":[0.5,2.0,3.0,3.0],"texture":"#0"},"east":{"uv":[0.5,2.0,3.0,3.0],"texture":"#0"}}},{"from":[8.5,-8.5,6.5],"to":[8.75,-7.75,8.25],"faces":{"down":{"uv":[3.0,1.5,6.5,2.0],"texture":"#0","rotation":90},"up":{"uv":[4.0,3.0,7.5,3.5],"texture":"#0","rotation":270},"north":{"uv":[6.0,3.0,6.5,4.5],"texture":"#0"},"south":{"uv":[6.0,3.0,6.5,4.5],"texture":"#0"},"west":{"uv":[5.0,1.0,8.5,2.5],"texture":"#0"},"east":{"uv":[5.0,1.0,8.5,2.5],"texture":"#0"}}},{"from":[9.0,-7.5,6.5],"to":[9.25,-7.25,8.25],"faces":{"down":{"uv":[6.5,6.5,10.0,7.0],"texture":"#0","rotation":90},"up":{"uv":[6.5,6.5,10.0,7.0],"texture":"#0","rotation":270},"north":{"uv":[5.5,3.5,6.0,4.0],"texture":"#0"},"south":{"uv":[5.5,3.5,6.0,4.0],"texture":"#0"},"west":{"uv":[1.5,4.0,5.0,4.5],"texture":"#0"},"east":{"uv":[1.5,4.0,5.0,4.5],"texture":"#0"}}},{"from":[9.25,-7.5,6.75],"to":[9.5,-7.25,8.0],"faces":{"down":{"uv":[4.5,4.5,7.0,5.0],"texture":"#0","rotation":90},"up":{"uv":[4.5,4.5,7.0,5.0],"texture":"#0","rotation":270},"north":{"uv":[3.0,5.0,3.5,5.5],"texture":"#0"},"south":{"uv":[3.0,5.0,3.5,5.5],"texture":"#0"},"east":{"uv":[5.5,1.5,8.0,2.0],"texture":"#0"}}},{"from":[9.5,-7.5,7.0],"to":[9.75,-7.25,7.75],"faces":{"down":{"uv":[4.0,1.0,5.5,1.5],"texture":"#0","rotation":90},"north":{"uv":[9.0,0.5,9.5,1.0],"texture":"#0"},"south":{"uv":[9.0,0.5,9.5,1.0],"texture":"#0"},"east":{"uv":[7.5,5.0,9.0,5.5],"texture":"#0"}}},{"from":[9.5,-7.25,6.75],"to":[9.75,-7.0,8.0],"faces":{"down":{"uv":[7.0,5.5,9.5,6.0],"texture":"#0","rotation":90},"up":{"uv":[7.0,5.5,9.5,6.0],"texture":"#0","rotation":270},"north":{"uv":[5.5,5.5,6.0,6.0],"texture":"#0"},"south":{"uv":[5.5,5.5,6.0,6.0],"texture":"#0"},"west":{"uv":[6.5,5.5,9.0,6.0],"texture":"#0"},"east":{"uv":[6.5,5.5,9.0,6.0],"texture":"#0"}}},{"from":[9.75,-7.25,7.0],"to":[10.0,-7.0,7.75],"faces":{"down":{"uv":[5.0,0.0,6.5,0.5],"texture":"#0","rotation":90},"up":{"uv":[5.0,0.0,6.5,0.5],"texture":"#0","rotation":270},"north":{"uv":[0.0,0.0,0.5,0.5],"texture":"#0"},"south":{"uv":[0.0,0.0,0.5,0.5],"texture":"#0"},"east":{"uv":[7.5,5.5,9.0,6.0],"texture":"#0"}}},{"from":[9.75,-7.0,7.25],"to":[10.0,-6.75,7.5],"faces":{"up":{"uv":[8.0,5.0,8.5,5.5],"texture":"#0","rotation":90},"north":{"uv":[5.0,5.0,5.5,5.5],"texture":"#0"},"south":{"uv":[5.0,5.0,5.5,5.5],"texture":"#0"},"west":{"uv":[7.5,5.0,8.0,5.5],"texture":"#0"},"east":{"uv":[8.0,5.0,8.5,5.5],"texture":"#0"}}},{"from":[8.0,13.25,6.5],"to":[8.75,14.0,8.25],"faces":{"down":{"uv":[2.5,0.5,4.0,2.0],"texture":"#1"},"up":{"uv":[2.5,0.5,4.0,2.0],"texture":"#1"},"north":{"uv":[2.5,0.5,4.0,2.0],"texture":"#1"},"south":{"uv":[2.5,0.5,4.0,2.0],"texture":"#1"},"west":{"uv":[2.5,0.5,4.0,2.0],"texture":"#1"},"east":{"uv":[2.5,0.5,4.0,2.0],"texture":"#1"}}},{"from":[8.5,12.75,6.25],"to":[8.75,13.25,8.5],"faces":{"down":{"uv":[1.5,1.5,2.0,4.0],"texture":"#0"},"up":{"uv":[1.5,1.5,2.0,4.0],"texture":"#0"},"north":{"uv":[1.0,4.0,1.5,5.0],"texture":"#0"},"south":{"uv":[1.0,4.0,1.5,5.0],"texture":"#0"},"west":{"uv":[1.0,4.0,3.0,5.0],"texture":"#0"},"east":{"uv":[1.0,4.0,3.0,5.0],"texture":"#0"}}}],"textures":{"0":"5faaea75-b9ea-46b5-a4f7-416e4aad6605","1":"50e07ecf-f191-42b8-8b9c-fb7de44fb0ca"}}