{"display":{"thirdperson_righthand":{"rotation":[0.0,-100.0,0.0],"translation":[-3.478,-0.695,-2.2],"scale":[0.8789,0.7226,0.7187]},"thirdperson_lefthand":{"rotation":[0.0,80.0,0.0],"translation":[-3.478,-0.694,-2.2],"scale":[0.8789,0.7226,0.7187]},"firstperson_righthand":{"rotation":[16.0,-80.0,0.0],"translation":[0.0,4.25,-2.25],"scale":[0.664,0.582,0.6992]},"firstperson_lefthand":{"rotation":[16.0,100.0,0.0],"translation":[0.0,4.25,-2.25],"scale":[0.664,0.582,0.6992]},"gui":{"rotation":[0.0,0.0,-43.75],"translation":[-0.75,0.5,0.0],"scale":[0.48633,0.40039,1.0]},"head":{"rotation":[0.0,0.0,-40.25],"translation":[1.25,-17.25,3.5],"scale":[0.9707,0.9707,0.9707]},"ground":{"translation":[0.0,8.0,0.0],"scale":[0.57227,0.48828,0.57031]},"fixed":{"translation":[0.0,0.0,-0.25],"scale":[0.47266,0.41797,1.16992]}},"elements":[{"from":[11.0,22.0,7.25],"to":[12.25,25.25,8.75],"rotation":{"origin":[20.0,32.0,16.0],"axis":"y","angle":0.0},"faces":{"north":{"uv":[9.6,11.2,10.0,12.8],"texture":"#0"},"east":{"uv":[2.4,9.2,3.2,10.8],"texture":"#0"},"south":{"uv":[1.6,11.6,2.0,13.2],"texture":"#0"},"west":{"uv":[3.2,9.2,4.0,10.8],"texture":"#0"},"up":{"uv":[7.6,13.6,7.2,12.8],"texture":"#0"},"down":{"uv":[8.0,12.8,7.6,13.6],"texture":"#0"}}},{"from":[19.13723,20.02594,7.75],"to":[19.38723,30.52594,8.0],"rotation":{"origin":[19.26223,18.77594,7.875],"axis":"z","angle":22.5},"faces":{"north":{"uv":[15.6,14.4,16.0,16.0],"texture":"#0"},"east":{"uv":[15.2,14.4,16.0,16.0],"texture":"#0"},"south":{"uv":[15.6,14.4,16.0,16.0],"texture":"#0"},"west":{"uv":[15.2,14.4,16.0,16.0],"texture":"#0"},"up":{"uv":[7.6,13.6,7.2,12.8],"texture":"#0"},"down":{"uv":[8.0,12.8,7.6,13.6],"texture":"#0"}}},{"from":[19.13723,-14.52594,7.75],"to":[19.38723,-4.02594,8.0],"rotation":{"origin":[19.26223,-2.77594,7.875],"axis":"z","angle":-22.5},"faces":{"north":{"uv":[15.6,16.0,16.0,14.4],"texture":"#0"},"east":{"uv":[15.2,16.0,16.0,14.4],"texture":"#0"},"south":{"uv":[15.6,16.0,16.0,14.4],"texture":"#0"},"west":{"uv":[15.2,16.0,16.0,14.4],"texture":"#0"},"up":{"uv":[8.0,13.6,7.6,12.8],"texture":"#0"},"down":{"uv":[7.6,12.8,7.2,13.6],"texture":"#0"}}},{"from":[18.63723,-3.97406,7.75],"to":[18.88723,20.02594,8.0],"rotation":{"origin":[18.76223,16.77594,7.875],"axis":"z","angle":0.0},"faces":{"north":{"uv":[15.6,14.4,16.0,16.0],"texture":"#0"},"east":{"uv":[15.2,14.4,16.0,16.0],"texture":"#0"},"south":{"uv":[15.6,14.4,16.0,16.0],"texture":"#0"},"west":{"uv":[15.2,14.4,16.0,16.0],"texture":"#0"},"up":{"uv":[7.6,13.6,7.2,12.8],"texture":"#0"},"down":{"uv":[8.0,12.8,7.6,13.6],"texture":"#0"}}},{"from":[11.0,-9.25,7.25],"to":[12.25,-6.0,8.75],"rotation":{"origin":[20.0,-16.0,16.0],"axis":"y","angle":0.0},"faces":{"north":{"uv":[9.6,12.8,10.0,11.2],"texture":"#0"},"east":{"uv":[2.4,10.8,3.2,9.2],"texture":"#0"},"south":{"uv":[1.6,13.2,2.0,11.6],"texture":"#0"},"west":{"uv":[3.2,10.8,4.0,9.2],"texture":"#0"},"up":{"uv":[8.0,13.6,7.6,12.8],"texture":"#0"},"down":{"uv":[7.6,12.8,7.2,13.6],"texture":"#0"}}},{"from":[9.75,24.25,7.0],"to":[11.25,27.75,9.0],"rotation":{"origin":[10.5,26.0,8.0],"axis":"z","angle":45.0},"faces":{"north":{"uv":[4.0,9.2,4.8,10.8],"texture":"#0"},"east":{"uv":[6.0,9.2,6.8,10.8],"texture":"#0"},"south":{"uv":[6.8,9.2,7.6,10.8],"texture":"#0"},"west":{"uv":[7.6,9.2,8.4,10.8],"texture":"#0"},"up":{"uv":[5.6,12.4,4.8,11.6],"texture":"#0"},"down":{"uv":[10.8,11.6,10.0,12.4],"texture":"#0"}}},{"from":[9.75,-11.75,7.0],"to":[11.25,-8.25,9.0],"rotation":{"origin":[10.5,-10.0,8.0],"axis":"z","angle":-45.0},"faces":{"north":{"uv":[4.0,10.8,4.8,9.2],"texture":"#0"},"east":{"uv":[6.0,10.8,6.8,9.2],"texture":"#0"},"south":{"uv":[6.8,10.8,7.6,9.2],"texture":"#0"},"west":{"uv":[7.6,10.8,8.4,9.2],"texture":"#0"},"up":{"uv":[10.8,12.4,10.0,11.6],"texture":"#0"},"down":{"uv":[5.6,11.6,4.8,12.4],"texture":"#0"}}},{"from":[6.75,24.5,8.0],"to":[14.25,27.5,8.0],"rotation":{"origin":[10.5,26.0,8.0],"axis":"z","angle":45.0},"faces":{"north":{"uv":[3.2,5.6,0.0,6.8],"texture":"#0"},"east":{"uv":[0.0,0.0,0.0,1.2],"texture":"#0"},"south":{"uv":[0.0,5.6,3.2,6.8],"texture":"#0"},"west":{"uv":[0.0,0.0,0.0,1.2],"texture":"#0"},"up":{"uv":[3.2,0.0,0.0,0.0],"texture":"#0"},"down":{"uv":[3.2,0.0,0.0,0.0],"texture":"#0"}}},{"from":[6.75,-11.5,8.0],"to":[14.25,-8.5,8.0],"rotation":{"origin":[10.5,-10.0,8.0],"axis":"z","angle":-45.0},"faces":{"north":{"uv":[3.2,6.8,0.0,5.6],"texture":"#0"},"east":{"uv":[0.0,1.2,0.0,0.0],"texture":"#0"},"south":{"uv":[0.0,6.8,3.2,5.6],"texture":"#0"},"west":{"uv":[0.0,1.2,0.0,0.0],"texture":"#0"},"up":{"uv":[3.2,0.0,0.0,0.0],"texture":"#0"},"down":{"uv":[3.2,0.0,0.0,0.0],"texture":"#0"}}},{"from":[8.75,26.75,7.25],"to":[9.75,29.5,8.75],"rotation":{"origin":[9.5,28.5,8.0],"axis":"z","angle":0.0},"faces":{"north":{"uv":[12.4,0.0,12.8,1.2],"texture":"#0"},"east":{"uv":[7.2,10.8,8.0,12.0],"texture":"#0"},"south":{"uv":[12.4,1.2,12.8,2.4],"texture":"#0"},"west":{"uv":[10.8,10.8,11.6,12.0],"texture":"#0"},"up":{"uv":[9.2,13.6,8.8,12.8],"texture":"#0"},"down":{"uv":[9.6,12.8,9.2,13.6],"texture":"#0"}}},{"from":[8.75,-13.5,7.25],"to":[9.75,-10.75,8.75],"rotation":{"origin":[9.5,-12.5,8.0],"axis":"z","angle":0.0},"faces":{"north":{"uv":[12.4,1.2,12.8,0.0],"texture":"#0"},"east":{"uv":[7.2,12.0,8.0,10.8],"texture":"#0"},"south":{"uv":[12.4,2.4,12.8,1.2],"texture":"#0"},"west":{"uv":[10.8,12.0,11.6,10.8],"texture":"#0"},"up":{"uv":[9.6,13.6,9.2,12.8],"texture":"#0"},"down":{"uv":[9.2,12.8,8.8,13.6],"texture":"#0"}}},{"from":[9.75,28.5,7.5],"to":[10.75,30.75,8.5],"rotation":{"origin":[10.5,30.0,8.0],"axis":"z","angle":-45.0},"faces":{"north":{"uv":[9.6,12.8,10.0,13.6],"texture":"#0"},"east":{"uv":[10.8,12.8,11.2,13.6],"texture":"#0"},"south":{"uv":[11.2,12.8,11.6,13.6],"texture":"#0"},"west":{"uv":[12.8,0.0,13.2,0.8],"texture":"#0"},"up":{"uv":[10.4,10.0,10.0,9.6],"texture":"#0"},"down":{"uv":[8.4,10.8,8.0,11.2],"texture":"#0"}}},{"from":[9.75,-14.75,7.5],"to":[10.75,-12.5,8.5],"rotation":{"origin":[10.5,-14.0,8.0],"axis":"z","angle":45.0},"faces":{"north":{"uv":[9.6,13.6,10.0,12.8],"texture":"#0"},"east":{"uv":[10.8,13.6,11.2,12.8],"texture":"#0"},"south":{"uv":[11.2,13.6,11.6,12.8],"texture":"#0"},"west":{"uv":[12.8,0.8,13.2,0.0],"texture":"#0"},"up":{"uv":[8.4,11.2,8.0,10.8],"texture":"#0"},"down":{"uv":[10.4,9.6,10.0,10.0],"texture":"#0"}}},{"from":[13.75,28.5,8.0],"to":[14.5,30.75,8.0],"rotation":{"origin":[13.75,30.0,8.0],"axis":"z","angle":45.0},"faces":{"north":{"uv":[14.0,9.4,14.4,10.2],"texture":"#0"},"east":{"uv":[0.0,0.0,0.0,0.8],"texture":"#0"},"south":{"uv":[14.4,9.4,14.0,10.2],"texture":"#0"},"west":{"uv":[0.0,0.0,0.0,0.8],"texture":"#0"},"up":{"uv":[0.4,0.0,0.0,0.0],"texture":"#0"},"down":{"uv":[0.4,0.0,0.0,0.0],"texture":"#0"}}},{"from":[13.75,-14.75,8.0],"to":[14.5,-12.5,8.0],"rotation":{"origin":[13.75,-14.0,8.0],"axis":"z","angle":-45.0},"faces":{"north":{"uv":[14.0,10.2,14.4,9.4],"texture":"#0"},"east":{"uv":[0.0,0.8,0.0,0.0],"texture":"#0"},"south":{"uv":[14.0,10.2,14.4,9.4],"texture":"#0"},"west":{"uv":[0.0,0.8,0.0,0.0],"texture":"#0"},"up":{"uv":[0.4,0.0,0.0,0.0],"texture":"#0"},"down":{"uv":[0.4,0.0,0.0,0.0],"texture":"#0"}}},{"from":[10.5,30.25,7.75],"to":[13.75,31.0,8.25],"rotation":{"origin":[12.0,30.25,7.75],"axis":"z","angle":0.0},"faces":{"north":{"uv":[6.8,2.4,8.0,2.8],"texture":"#0"},"east":{"uv":[11.2,8.8,11.6,9.2],"texture":"#0"},"south":{"uv":[6.8,6.4,8.0,6.8],"texture":"#0"},"west":{"uv":[13.2,12.4,13.6,12.8],"texture":"#0"},"up":{"uv":[9.6,8.4,8.4,8.0],"texture":"#0"},"down":{"uv":[12.8,11.2,11.6,11.6],"texture":"#0"}}},{"from":[10.5,-15.0,7.75],"to":[13.75,-14.25,8.25],"rotation":{"origin":[12.0,-14.25,7.75],"axis":"z","angle":0.0},"faces":{"north":{"uv":[6.8,2.8,8.0,2.4],"texture":"#0"},"east":{"uv":[11.2,9.2,11.6,8.8],"texture":"#0"},"south":{"uv":[6.8,6.8,8.0,6.4],"texture":"#0"},"west":{"uv":[13.2,12.8,13.6,12.4],"texture":"#0"},"up":{"uv":[12.8,11.6,11.6,11.2],"texture":"#0"},"down":{"uv":[9.6,8.0,8.4,8.4],"texture":"#0"}}},{"from":[5.25,12.25,6.75],"to":[6.75,15.25,9.25],"rotation":{"origin":[13.75,22.25,16.0],"axis":"y","angle":0.0},"faces":{"north":{"uv":[9.2,2.4,10.0,3.6],"texture":"#0"},"east":{"uv":[4.8,7.6,6.0,8.8],"texture":"#0"},"south":{"uv":[1.6,10.4,2.4,11.6],"texture":"#0"},"west":{"uv":[7.6,0.0,8.8,1.2],"texture":"#0"},"up":{"uv":[11.2,9.2,10.4,8.0],"texture":"#0"},"down":{"uv":[3.2,10.8,2.4,12.0],"texture":"#0"}}},{"from":[5.5,0.75,9.25],"to":[6.5,3.5,10.0],"rotation":{"origin":[13.75,-6.25,16.5],"axis":"y","angle":0.0},"faces":{"north":{"uv":[12.4,2.4,12.8,3.6],"texture":"#0"},"east":{"uv":[1.2,8.0,2.4,9.2],"texture":"#0"},"south":{"uv":[12.4,3.6,12.8,4.8],"texture":"#0"},"west":{"uv":[2.4,8.0,3.6,9.2],"texture":"#0"},"up":{"uv":[12.8,6.0,12.4,4.8],"texture":"#0"},"down":{"uv":[12.8,6.0,12.4,7.2],"texture":"#0"}}},{"from":[5.25,0.75,6.75],"to":[6.75,3.75,9.25],"rotation":{"origin":[13.75,-6.25,16.0],"axis":"y","angle":0.0},"faces":{"north":{"uv":[10.8,0.0,11.6,1.2],"texture":"#0"},"east":{"uv":[3.6,8.0,4.8,9.2],"texture":"#0"},"south":{"uv":[10.8,1.2,11.6,2.4],"texture":"#0"},"west":{"uv":[6.0,8.0,7.2,9.2],"texture":"#0"},"up":{"uv":[11.6,3.6,10.8,2.4],"texture":"#0"},"down":{"uv":[11.6,3.6,10.8,4.8],"texture":"#0"}}},{"from":[5.75,15.0,7.0],"to":[7.25,17.75,9.0],"rotation":{"origin":[6.25,16.5,8.0],"axis":"z","angle":-22.5},"faces":{"north":{"uv":[3.2,10.8,4.0,12.0],"texture":"#0"},"east":{"uv":[4.0,10.8,4.8,12.0],"texture":"#0"},"south":{"uv":[5.6,10.8,6.4,12.0],"texture":"#0"},"west":{"uv":[6.4,10.8,7.2,12.0],"texture":"#0"},"up":{"uv":[9.6,6.8,8.8,6.0],"texture":"#0"},"down":{"uv":[11.6,7.2,10.8,8.0],"texture":"#0"}}},{"from":[6.0,-1.5,7.25],"to":[7.0,1.0,9.25],"rotation":{"origin":[6.25,-0.5,8.0],"axis":"z","angle":22.5},"faces":{"north":{"uv":[4.0,12.8,4.4,14.0],"texture":"#0"},"east":{"uv":[0.0,9.2,1.2,10.4],"texture":"#0"},"south":{"uv":[4.4,12.8,4.8,14.0],"texture":"#0"},"west":{"uv":[1.2,9.2,2.4,10.4],"texture":"#0"},"up":{"uv":[6.0,14.0,5.6,12.8],"texture":"#0"},"down":{"uv":[6.4,12.8,6.0,14.0],"texture":"#0"}}},{"from":[5.75,-1.75,7.0],"to":[7.25,1.0,9.0],"rotation":{"origin":[6.25,-0.5,8.0],"axis":"z","angle":22.5},"faces":{"north":{"uv":[10.8,4.8,11.6,6.0],"texture":"#0"},"east":{"uv":[10.8,6.0,11.6,7.2],"texture":"#0"},"south":{"uv":[10.8,9.2,11.6,10.4],"texture":"#0"},"west":{"uv":[8.0,11.2,8.8,12.4],"texture":"#0"},"up":{"uv":[12.4,13.2,11.6,12.4],"texture":"#0"},"down":{"uv":[13.2,12.4,12.4,13.2],"texture":"#0"}}},{"from":[2.5,16.5,7.5],"to":[4.25,20.25,8.25],"rotation":{"origin":[3.75,17.0,8.5],"axis":"z","angle":-22.5},"faces":{"north":{"uv":[2.0,11.6,2.4,13.2],"texture":"#0"},"east":{"uv":[11.6,0.8,12.0,2.4],"texture":"#0"},"south":{"uv":[11.6,2.4,12.0,4.0],"texture":"#0"},"west":{"uv":[11.6,4.0,12.0,5.6],"texture":"#0"},"up":{"uv":[13.6,13.2,13.2,12.8],"texture":"#0"},"down":{"uv":[0.4,13.6,0.0,14.0],"texture":"#0"}}},{"from":[-4.75,9.75,8.0],"to":[3.75,24.5,8.0],"rotation":{"origin":[3.75,17.0,8.5],"axis":"z","angle":0.0},"faces":{"north":{"uv":[16.0,1.8,13.8,5.8],"texture":"#0"},"east":{"uv":[0.0,0.0,0.0,2.8],"texture":"#0"},"south":{"uv":[13.8,1.8,16.0,5.8],"texture":"#0"},"west":{"uv":[0.0,0.0,0.0,2.8],"texture":"#0"},"up":{"uv":[2.0,0.0,0.0,0.0],"texture":"#0"},"down":{"uv":[2.0,0.0,0.0,0.0],"texture":"#0"}}},{"from":[2.25,14.5,7.25],"to":[4.5,17.25,8.5],"rotation":{"origin":[3.5,14.25,8.5],"axis":"z","angle":0.0},"faces":{"north":{"uv":[11.6,5.6,12.4,6.4],"texture":"#0"},"east":{"uv":[12.8,0.8,13.2,1.6],"texture":"#0"},"south":{"uv":[11.6,6.4,12.4,7.2],"texture":"#0"},"west":{"uv":[12.8,1.6,13.2,2.4],"texture":"#0"},"up":{"uv":[6.8,8.0,6.0,7.6],"texture":"#0"},"down":{"uv":[8.8,3.6,8.0,4.0],"texture":"#0"}}},{"from":[4.5,15.0,7.5],"to":[6.25,16.5,8.5],"rotation":{"origin":[3.5,14.25,8.5],"axis":"z","angle":0.0},"faces":{"north":{"uv":[11.6,7.2,12.4,8.0],"texture":"#0"},"east":{"uv":[12.8,2.4,13.2,3.2],"texture":"#0"},"south":{"uv":[11.6,10.4,12.4,11.2],"texture":"#0"},"west":{"uv":[12.8,3.2,13.2,4.0],"texture":"#0"},"up":{"uv":[8.8,6.8,8.0,6.4],"texture":"#0"},"down":{"uv":[11.6,10.4,10.8,10.8],"texture":"#0"}}},{"from":[4.5,17.25,7.75],"to":[6.25,18.0,8.0],"rotation":{"origin":[5.375,17.75,7.75],"axis":"z","angle":-22.5},"faces":{"north":{"uv":[12.8,4.0,13.6,4.4],"texture":"#0"},"east":{"uv":[1.2,13.6,1.6,14.0],"texture":"#0"},"south":{"uv":[12.8,4.4,13.6,4.8],"texture":"#0"},"west":{"uv":[6.4,13.6,6.8,14.0],"texture":"#0"},"up":{"uv":[13.6,5.2,12.8,4.8],"texture":"#0"},"down":{"uv":[13.6,5.2,12.8,5.6],"texture":"#0"}}},{"from":[4.75,12.75,7.75],"to":[5.5,13.75,8.0],"rotation":{"origin":[5.375,13.25,7.75],"axis":"z","angle":22.5},"faces":{"north":{"uv":[6.8,13.6,7.2,14.0],"texture":"#0"},"east":{"uv":[7.2,13.6,7.6,14.0],"texture":"#0"},"south":{"uv":[7.6,13.6,8.0,14.0],"texture":"#0"},"west":{"uv":[8.0,13.6,8.4,14.0],"texture":"#0"},"up":{"uv":[8.8,14.0,8.4,13.6],"texture":"#0"},"down":{"uv":[9.2,13.6,8.8,14.0],"texture":"#0"}}},{"from":[3.25,12.0,7.5],"to":[5.0,15.25,8.25],"rotation":{"origin":[4.5,12.5,8.5],"axis":"z","angle":22.5},"faces":{"north":{"uv":[11.6,8.8,12.0,10.4],"texture":"#0"},"east":{"uv":[0.0,12.0,0.4,13.6],"texture":"#0"},"south":{"uv":[0.4,12.0,0.8,13.6],"texture":"#0"},"west":{"uv":[0.8,12.0,1.2,13.6],"texture":"#0"},"up":{"uv":[0.8,14.0,0.4,13.6],"texture":"#0"},"down":{"uv":[1.2,13.6,0.8,14.0],"texture":"#0"}}},{"from":[7.25,16.75,7.25],"to":[8.5,19.0,8.75],"rotation":{"origin":[7.75,18.5,8.0],"axis":"z","angle":-45.0},"faces":{"north":{"uv":[12.4,10.4,12.8,11.2],"texture":"#0"},"east":{"uv":[8.8,11.2,9.6,12.0],"texture":"#0"},"south":{"uv":[12.4,11.6,12.8,12.4],"texture":"#0"},"west":{"uv":[11.2,8.0,12.0,8.8],"texture":"#0"},"up":{"uv":[6.8,13.6,6.4,12.8],"texture":"#0"},"down":{"uv":[7.2,12.8,6.8,13.6],"texture":"#0"}}},{"from":[7.25,-3.0,7.25],"to":[8.5,-0.75,8.75],"rotation":{"origin":[7.75,-2.5,8.0],"axis":"z","angle":45.0},"faces":{"north":{"uv":[8.6,7.0,9.2,7.8],"texture":"#0"},"east":{"uv":[4.8,4.0,5.6,4.8],"texture":"#0"},"south":{"uv":[8.6,6.8,9.2,8.0],"texture":"#0"},"west":{"uv":[5.6,4.0,6.4,4.8],"texture":"#0"},"up":{"uv":[6.0,10.8,5.6,10.0],"texture":"#0"},"down":{"uv":[10.8,9.2,10.4,10.0],"texture":"#0"}}},{"from":[7.75,18.75,7.5],"to":[10.0,19.75,8.5],"rotation":{"origin":[9.25,19.5,8.0],"axis":"z","angle":22.5},"faces":{"north":{"uv":[12.8,5.6,13.6,6.0],"texture":"#0"},"east":{"uv":[9.2,13.6,9.6,14.0],"texture":"#0"},"south":{"uv":[12.8,6.0,13.6,6.4],"texture":"#0"},"west":{"uv":[9.6,13.6,10.0,14.0],"texture":"#0"},"up":{"uv":[13.6,6.8,12.8,6.4],"texture":"#0"},"down":{"uv":[13.6,6.8,12.8,7.2],"texture":"#0"}}},{"from":[7.75,-3.75,7.5],"to":[10.0,-2.75,8.5],"rotation":{"origin":[9.25,-3.5,8.0],"axis":"z","angle":-22.5},"faces":{"north":{"uv":[12.8,6.0,13.6,5.6],"texture":"#0"},"east":{"uv":[9.2,14.0,9.6,13.6],"texture":"#0"},"south":{"uv":[12.8,6.4,13.6,6.0],"texture":"#0"},"west":{"uv":[9.6,14.0,10.0,13.6],"texture":"#0"},"up":{"uv":[13.6,7.2,12.8,6.8],"texture":"#0"},"down":{"uv":[13.6,6.4,12.8,6.8],"texture":"#0"}}},{"from":[10.25,19.0,7.25],"to":[11.25,21.0,8.75],"rotation":{"origin":[10.5,20.5,8.0],"axis":"z","angle":-45.0},"faces":{"north":{"uv":[12.8,8.0,13.2,8.8],"texture":"#0"},"east":{"uv":[2.4,12.0,3.2,12.8],"texture":"#0"},"south":{"uv":[12.8,8.8,13.2,9.6],"texture":"#0"},"west":{"uv":[3.2,12.0,4.0,12.8],"texture":"#0"},"up":{"uv":[13.2,10.4,12.8,9.6],"texture":"#0"},"down":{"uv":[13.2,10.4,12.8,11.2],"texture":"#0"}}},{"from":[10.25,-5.0,7.25],"to":[11.25,-3.0,8.75],"rotation":{"origin":[10.5,-4.5,8.0],"axis":"z","angle":45.0},"faces":{"north":{"uv":[12.8,8.8,13.2,8.0],"texture":"#0"},"east":{"uv":[2.4,12.8,3.2,12.0],"texture":"#0"},"south":{"uv":[12.8,9.6,13.2,8.8],"texture":"#0"},"west":{"uv":[3.2,12.8,4.0,12.0],"texture":"#0"},"up":{"uv":[13.2,11.2,12.8,10.4],"texture":"#0"},"down":{"uv":[13.2,9.6,12.8,10.4],"texture":"#0"}}},{"from":[11.0,20.5,7.0],"to":[12.0,22.5,9.0],"rotation":{"origin":[11.25,22.0,8.0],"axis":"z","angle":-22.5},"faces":{"north":{"uv":[12.8,11.2,13.2,12.0],"texture":"#0"},"east":{"uv":[4.0,12.0,4.8,12.8],"texture":"#0"},"south":{"uv":[1.6,13.2,2.0,14.0],"texture":"#0"},"west":{"uv":[5.6,12.0,6.4,12.8],"texture":"#0"},"up":{"uv":[2.4,14.0,2.0,13.2],"texture":"#0"},"down":{"uv":[5.2,13.2,4.8,14.0],"texture":"#0"}}},{"from":[11.0,-6.5,7.0],"to":[12.0,-4.5,9.0],"rotation":{"origin":[11.25,-6.0,8.0],"axis":"z","angle":22.5},"faces":{"north":{"uv":[12.8,12.0,13.2,11.2],"texture":"#0"},"east":{"uv":[4.0,12.8,4.8,12.0],"texture":"#0"},"south":{"uv":[1.6,14.0,2.0,13.2],"texture":"#0"},"west":{"uv":[5.6,12.8,6.4,12.0],"texture":"#0"},"up":{"uv":[5.2,14.0,4.8,13.2],"texture":"#0"},"down":{"uv":[2.4,13.2,2.0,14.0],"texture":"#0"}}},{"from":[5.25,9.5,7.25],"to":[6.75,13.0,8.75],"rotation":{"origin":[6.0,13.0,8.0],"axis":"z","angle":45.0},"faces":{"north":{"uv":[10.0,10.0,10.8,11.6],"texture":"#0"},"east":{"uv":[10.0,0.0,10.8,1.6],"texture":"#0"},"south":{"uv":[10.0,1.6,10.8,3.2],"texture":"#0"},"west":{"uv":[10.0,3.2,10.8,4.8],"texture":"#0"},"up":{"uv":[12.8,10.4,12.0,9.6],"texture":"#0"},"down":{"uv":[5.6,12.4,4.8,13.2],"texture":"#0"}}},{"from":[5.25,3.0,7.25],"to":[6.75,6.5,8.75],"rotation":{"origin":[6.0,3.0,8.0],"axis":"z","angle":-45.0},"faces":{"north":{"uv":[10.0,11.6,10.8,10.0],"texture":"#0"},"east":{"uv":[10.0,1.6,10.8,0.0],"texture":"#0"},"south":{"uv":[10.0,3.2,10.8,1.6],"texture":"#0"},"west":{"uv":[10.0,4.8,10.8,3.2],"texture":"#0"},"up":{"uv":[5.6,13.2,4.8,12.4],"texture":"#0"},"down":{"uv":[12.8,9.6,12.0,10.4],"texture":"#0"}}},{"from":[7.0,5.0,7.0],"to":[9.0,11.0,9.0],"rotation":{"origin":[16.0,0.0,16.0],"axis":"y","angle":0.0},"faces":{"north":{"uv":[3.6,5.6,4.4,8.0],"texture":"#0"},"east":{"uv":[4.0,5.6,4.8,8.0],"texture":"#0"},"south":{"uv":[6.8,0.0,7.6,2.4],"texture":"#0"},"west":{"uv":[6.8,4.0,7.6,6.4],"texture":"#0"},"up":{"uv":[12.4,12.4,11.6,11.6],"texture":"#0"},"down":{"uv":[12.4,0.0,11.6,0.8],"texture":"#0"}}},{"from":[-3.0,7.5,6.75],"to":[15.0,8.0,7.25],"rotation":{"origin":[21.0,0.25,15.25],"axis":"y","angle":0.0},"faces":{"north":{"uv":[15.8,7.0,16.0,9.4],"texture":"#0"},"east":{"uv":[4.0,5.6,4.8,8.0],"texture":"#0"},"south":{"uv":[15.8,7.0,16.0,9.4],"texture":"#0"},"west":{"uv":[6.8,4.0,7.6,6.4],"texture":"#0"},"up":{"uv":[16.0,9.4,15.8,7.0],"texture":"#0"},"down":{"uv":[16.0,7.0,15.8,9.4],"texture":"#0"}}},{"from":[14.75,7.75,5.0],"to":[20.0,7.75,9.0],"rotation":{"origin":[17.375,7.75,7.0],"axis":"x","angle":0.0},"faces":{"north":{"uv":[12.4,12.4,11.6,11.6],"texture":"#0","rotation":180},"east":{"uv":[4.0,5.6,4.8,8.0],"texture":"#0","rotation":90},"south":{"uv":[12.4,0.0,11.6,0.8],"texture":"#0"},"west":{"uv":[6.8,4.0,7.6,6.4],"texture":"#0","rotation":270},"up":{"uv":[5.4,14.4,3.8,16.0],"texture":"#0"},"down":{"uv":[3.6,14.6,5.4,16.0],"texture":"#0","rotation":180}}},{"from":[14.75,5.75,7.0],"to":[20.0,9.75,7.0],"rotation":{"origin":[39.0,0.25,15.25],"axis":"y","angle":0.0},"faces":{"north":{"uv":[3.6,14.6,5.4,16.0],"texture":"#0"},"east":{"uv":[4.0,5.6,4.8,8.0],"texture":"#0"},"south":{"uv":[5.4,14.4,3.8,16.0],"texture":"#0"},"west":{"uv":[6.8,4.0,7.6,6.4],"texture":"#0"},"up":{"uv":[12.4,12.4,11.6,11.6],"texture":"#0"},"down":{"uv":[12.4,0.0,11.6,0.8],"texture":"#0"}}},{"from":[-6.25,5.75,7.0],"to":[0.25,9.75,7.0],"rotation":{"origin":[19.25,0.25,15.25],"axis":"y","angle":0.0},"faces":{"north":{"uv":[10.0,14.2,11.8,16.0],"texture":"#0"},"east":{"uv":[4.0,5.6,4.8,8.0],"texture":"#0"},"south":{"uv":[11.8,14.2,10.0,16.0],"texture":"#0"},"west":{"uv":[6.8,4.0,7.6,6.4],"texture":"#0"},"up":{"uv":[12.4,12.4,11.6,11.6],"texture":"#0"},"down":{"uv":[12.4,0.0,11.6,0.8],"texture":"#0"}}},{"from":[-6.25,7.75,5.25],"to":[0.25,7.75,9.25],"rotation":{"origin":[-2.375,7.75,7.25],"axis":"x","angle":0.0},"faces":{"north":{"uv":[12.4,12.4,11.6,11.6],"texture":"#0","rotation":180},"east":{"uv":[4.0,5.6,4.8,8.0],"texture":"#0","rotation":90},"south":{"uv":[12.4,0.0,11.6,0.8],"texture":"#0"},"west":{"uv":[6.8,4.0,7.6,6.4],"texture":"#0","rotation":270},"up":{"uv":[11.8,14.2,10.0,16.0],"texture":"#0"},"down":{"uv":[10.0,14.2,11.8,16.0],"texture":"#0","rotation":180}}},{"from":[10.0,10.25,6.75],"to":[10.0,13.5,9.5],"rotation":{"origin":[11.0,13.25,8.0],"axis":"z","angle":-22.5},"faces":{"north":{"uv":[0.0,0.0,0.0,1.2],"texture":"#0"},"east":{"uv":[7.6,1.2,8.8,2.4],"texture":"#0"},"south":{"uv":[0.0,0.0,0.0,1.2],"texture":"#0"},"west":{"uv":[7.6,1.2,8.8,2.4],"texture":"#0"},"up":{"uv":[0.0,1.2,0.0,0.0],"texture":"#0"},"down":{"uv":[0.0,0.0,0.0,1.2],"texture":"#0"}}},{"from":[10.0,2.5,6.75],"to":[10.0,5.75,9.5],"rotation":{"origin":[11.0,2.75,8.0],"axis":"z","angle":22.5},"faces":{"north":{"uv":[0.0,1.2,0.0,0.0],"texture":"#0"},"east":{"uv":[7.6,2.4,8.8,1.2],"texture":"#0"},"south":{"uv":[0.0,1.2,0.0,0.0],"texture":"#0"},"west":{"uv":[7.2,9.2,8.4,8.0],"texture":"#0"},"up":{"uv":[0.0,1.2,0.0,0.0],"texture":"#0"},"down":{"uv":[0.0,0.0,0.0,1.2],"texture":"#0"}}},{"from":[6.75,10.25,6.0],"to":[9.5,13.5,6.0],"rotation":{"origin":[8.0,13.25,5.0],"axis":"x","angle":-22.5},"faces":{"north":{"uv":[7.2,8.0,8.4,9.2],"texture":"#0"},"east":{"uv":[0.0,0.0,0.0,1.2],"texture":"#0"},"south":{"uv":[7.2,8.0,8.4,9.2],"texture":"#0"},"west":{"uv":[0.0,0.0,0.0,1.2],"texture":"#0"},"up":{"uv":[1.2,0.0,0.0,0.0],"texture":"#0"},"down":{"uv":[1.2,0.0,0.0,0.0],"texture":"#0"}}},{"from":[6.75,2.5,6.0],"to":[9.5,5.75,6.0],"rotation":{"origin":[8.0,2.75,5.0],"axis":"x","angle":22.5},"faces":{"north":{"uv":[7.2,9.2,8.4,8.0],"texture":"#0"},"east":{"uv":[0.0,1.2,0.0,0.0],"texture":"#0"},"south":{"uv":[8.8,2.4,10.0,1.2],"texture":"#0"},"west":{"uv":[0.0,1.2,0.0,0.0],"texture":"#0"},"up":{"uv":[1.2,0.0,0.0,0.0],"texture":"#0"},"down":{"uv":[1.2,0.0,0.0,0.0],"texture":"#0"}}},{"from":[6.75,10.25,10.0],"to":[9.5,13.5,10.0],"rotation":{"origin":[8.0,13.25,11.0],"axis":"x","angle":22.5},"faces":{"north":{"uv":[8.8,1.2,10.0,2.4],"texture":"#0"},"east":{"uv":[0.0,0.0,0.0,1.2],"texture":"#0"},"south":{"uv":[8.8,1.2,10.0,2.4],"texture":"#0"},"west":{"uv":[0.0,0.0,0.0,1.2],"texture":"#0"},"up":{"uv":[1.2,0.0,0.0,0.0],"texture":"#0"},"down":{"uv":[1.2,0.0,0.0,0.0],"texture":"#0"}}},{"from":[6.75,2.5,10.0],"to":[9.5,5.75,10.0],"rotation":{"origin":[8.0,2.75,11.0],"axis":"x","angle":-22.5},"faces":{"north":{"uv":[7.6,2.4,8.8,1.2],"texture":"#0"},"east":{"uv":[0.0,1.2,0.0,0.0],"texture":"#0"},"south":{"uv":[8.8,2.4,10.0,1.2],"texture":"#0"},"west":{"uv":[0.0,1.2,0.0,0.0],"texture":"#0"},"up":{"uv":[1.2,0.0,0.0,0.0],"texture":"#0"},"down":{"uv":[1.2,0.0,0.0,0.0],"texture":"#0"}}},{"from":[-1.25,-2.5,8.75],"to":[7.25,2.25,8.75],"rotation":{"origin":[6.5,-1.0,8.75],"axis":"z","angle":22.5},"faces":{"north":{"uv":[2.8,2.8,0.0,5.6],"texture":"#0"},"east":{"uv":[0.0,0.0,0.0,2.8],"texture":"#0"},"south":{"uv":[0.0,2.8,2.8,5.6],"texture":"#0"},"west":{"uv":[0.0,0.0,0.0,2.8],"texture":"#0"},"up":{"uv":[2.8,0.0,0.0,0.0],"texture":"#0"},"down":{"uv":[2.8,0.0,0.0,0.0],"texture":"#0"}}},{"from":[2.0,-2.0,8.75],"to":[8.5,0.75,8.75],"rotation":{"origin":[7.75,-1.5,8.75],"axis":"z","angle":45.0},"faces":{"north":{"uv":[2.8,2.8,0.0,5.6],"texture":"#0"},"east":{"uv":[0.0,0.0,0.0,2.8],"texture":"#0"},"south":{"uv":[0.0,2.8,2.8,5.6],"texture":"#0"},"west":{"uv":[0.0,0.0,0.0,2.8],"texture":"#0"},"up":{"uv":[2.8,0.0,0.0,0.0],"texture":"#0"},"down":{"uv":[2.8,0.0,0.0,0.0],"texture":"#0"}}},{"from":[0.60545,0.22669,8.75],"to":[7.10545,2.97669,8.75],"rotation":{"origin":[3.85545,1.60169,8.75],"axis":"z","angle":0.0},"faces":{"north":{"uv":[2.8,2.8,0.0,5.6],"texture":"#0"},"east":{"uv":[0.0,0.0,0.0,2.8],"texture":"#0"},"south":{"uv":[0.0,3.2,2.8,5.2],"texture":"#0"},"west":{"uv":[0.0,0.0,0.0,2.8],"texture":"#0"},"up":{"uv":[2.8,0.0,0.0,0.0],"texture":"#0"},"down":{"uv":[2.8,0.0,0.0,0.0],"texture":"#0"}}}],"textures":{"0":"d39e9b3e-e1c6-41c0-a633-191991f1b75c"}}