{"display":{"thirdperson_righthand":{"translation":[0.0,6.61,-1.89]},"thirdperson_lefthand":{"rotation":[0.0,180.0,0.0],"translation":[0.0,3.59,-0.94]},"firstperson_righthand":{"rotation":[0.0,10.0,0.0],"translation":[0.94,2.83,-0.94],"scale":[0.5,0.5,0.5]},"firstperson_lefthand":{"rotation":[0.0,-180.0,0.0],"translation":[0.94,2.83,-0.94],"scale":[0.5,0.5,0.5]},"gui":{"rotation":[26.0,58.0,-10.0],"translation":[0.57,0.94,0.0],"scale":[0.55,0.55,0.55]},"head":{"rotation":[0.0,-90.0,0.0],"translation":[0.0,5.67,0.0],"scale":[1.65,1.65,1.65]},"ground":{"translation":[0.0,9.07,0.0],"scale":[0.5,0.5,0.5]},"fixed":{"translation":[1.51,1.89,0.0],"scale":[0.65,0.65,0.65]}},"elements":[{"from":[4.0,0.0,4.0],"to":[12.0,8.0,12.0],"faces":{"down":{"uv":[0.0,0.0,2.0,2.0],"texture":"#0"},"north":{"uv":[0.0,0.0,2.0,2.0],"texture":"#0"},"south":{"uv":[0.0,0.0,2.0,2.0],"texture":"#0"},"west":{"uv":[0.0,0.0,2.0,2.0],"texture":"#0"}}},{"from":[3.0,1.0,4.0],"to":[4.0,8.0,12.0],"faces":{"down":{"uv":[4.0,1.5,6.0,1.75],"texture":"#0","rotation":90},"up":{"uv":[4.0,0.0,6.0,0.25],"texture":"#0","rotation":90},"north":{"uv":[4.0,0.0,4.25,1.75],"texture":"#0"},"south":{"uv":[5.75,0.0,6.0,1.75],"texture":"#0"},"west":{"uv":[4.0,0.0,6.0,1.75],"texture":"#0"}}},{"from":[4.0,8.0,4.0],"to":[12.0,9.0,12.0],"faces":{"up":{"uv":[6.0,0.0,8.0,2.0],"texture":"#0","rotation":90},"north":{"uv":[6.0,2.0,6.25,0.0],"texture":"#0","rotation":90},"south":{"uv":[7.75,0.0,8.0,2.0],"texture":"#0","rotation":90},"west":{"uv":[6.0,1.75,8.0,2.0],"texture":"#0"},"east":{"uv":[6.0,0.0,8.0,0.25],"texture":"#0"}}},{"from":[-3.0,2.0,5.0],"to":[3.0,5.0,11.0],"faces":{"down":{"uv":[5.75,2.5,7.25,2.75],"texture":"#0"},"up":{"uv":[5.75,2.0,7.25,2.25],"texture":"#0"},"north":{"uv":[5.75,2.0,7.25,2.75],"texture":"#0"},"south":{"uv":[5.75,2.0,7.25,2.75],"texture":"#0"},"west":{"uv":[5.75,2.0,7.25,2.75],"texture":"#0"}}},{"from":[-3.0,5.0,6.0],"to":[0.0,6.0,10.0],"faces":{"up":{"uv":[3.5,3.5,4.5,4.25],"texture":"#0","rotation":90},"north":{"uv":[3.5,4.25,3.75,3.5],"texture":"#0","rotation":90},"south":{"uv":[4.25,3.5,4.5,4.25],"texture":"#0","rotation":90},"west":{"uv":[3.5,4.0,4.5,4.25],"texture":"#0"}}},{"from":[-5.0,2.0,6.0],"to":[-3.0,5.0,10.0],"faces":{"down":{"uv":[5.75,2.5,6.5,2.75],"texture":"#0","rotation":90},"up":{"uv":[5.75,2.75,6.75,3.25],"texture":"#0","rotation":90},"north":{"uv":[5.75,2.0,6.5,2.75],"texture":"#0"},"south":{"uv":[5.75,2.0,6.5,2.75],"texture":"#0"},"west":{"uv":[5.75,2.0,6.75,2.75],"texture":"#0"}}},{"from":[-4.0,1.0,7.0],"to":[3.0,2.0,9.0],"faces":{"down":{"uv":[0.0,5.25,0.5,7.0],"texture":"#0","rotation":90},"up":{"uv":[0.0,5.25,0.5,7.0],"texture":"#0","rotation":90},"north":{"uv":[0.0,7.0,0.5,5.25],"texture":"#0","rotation":90},"south":{"uv":[0.0,5.25,0.5,7.0],"texture":"#0","rotation":90},"west":{"uv":[0.0,6.75,0.5,7.0],"texture":"#0"}}},{"from":[4.0,4.0,3.0],"to":[12.0,8.0,4.0],"faces":{"down":{"uv":[2.0,0.75,4.0,1.0],"texture":"#0"},"up":{"uv":[2.0,0.0,4.0,0.25],"texture":"#0"},"north":{"uv":[4.0,0.0,2.0,1.0],"texture":"#0"},"west":{"uv":[2.0,0.0,2.25,1.0],"texture":"#0"},"east":{"uv":[3.75,0.0,4.0,1.0],"texture":"#0"}}},{"from":[4.0,4.0,12.0],"to":[12.0,8.0,13.0],"faces":{"down":{"uv":[2.0,0.75,4.0,1.0],"texture":"#0"},"up":{"uv":[2.0,0.0,4.0,0.25],"texture":"#0"},"south":{"uv":[2.0,0.0,4.0,1.0],"texture":"#0"},"west":{"uv":[2.0,0.0,2.25,1.0],"texture":"#0"},"east":{"uv":[3.75,0.0,4.0,1.0],"texture":"#0"}}},{"from":[5.0,1.0,12.0],"to":[12.0,4.0,13.0],"faces":{"down":{"uv":[0.25,1.5,2.0,1.75],"texture":"#0"},"south":{"uv":[0.25,1.0,2.0,1.75],"texture":"#0"},"west":{"uv":[0.25,1.0,0.5,1.75],"texture":"#0"},"east":{"uv":[1.75,1.0,2.0,1.75],"texture":"#0"}}},{"from":[5.0,1.0,3.0],"to":[12.0,4.0,4.0],"faces":{"down":{"uv":[0.25,1.5,2.0,1.75],"texture":"#0"},"north":{"uv":[2.0,1.0,0.25,1.75],"texture":"#0"},"west":{"uv":[0.25,1.0,0.5,1.75],"texture":"#0"},"east":{"uv":[1.75,1.0,2.0,1.75],"texture":"#0"}}},{"from":[9.0,9.0,10.0],"to":[10.0,16.0,13.0],"faces":{"down":{"uv":[0.0,4.25,0.75,4.5],"texture":"#0","rotation":90},"up":{"uv":[0.0,2.75,0.75,3.0],"texture":"#0","rotation":90},"north":{"uv":[0.0,2.75,0.25,4.5],"texture":"#0"},"south":{"uv":[0.5,2.75,0.75,4.5],"texture":"#0"},"west":{"uv":[0.0,2.75,0.75,4.5],"texture":"#0"},"east":{"uv":[1.25,5.25,0.5,7.0],"texture":"#0"}}},{"from":[9.0,8.0,12.0],"to":[10.0,9.0,13.0],"faces":{"west":{"uv":[0.5,4.5,0.75,4.75],"texture":"#0"},"east":{"uv":[0.5,4.5,0.75,4.75],"texture":"#0"}}},{"from":[9.0,6.0,13.0],"to":[10.0,12.0,14.0],"faces":{"down":{"uv":[0.75,5.0,1.0,5.25],"texture":"#0"},"up":{"uv":[0.75,3.75,1.0,4.0],"texture":"#0"},"north":{"uv":[0.75,3.75,1.0,5.25],"texture":"#0"},"south":{"uv":[0.75,3.75,1.0,5.25],"texture":"#0"},"west":{"uv":[0.75,3.75,1.0,5.25],"texture":"#0"},"east":{"uv":[0.75,3.75,1.0,5.25],"texture":"#0"}}},{"from":[9.0,16.0,10.0],"to":[10.0,19.0,12.0],"faces":{"up":{"uv":[0.0,2.0,0.5,2.25],"texture":"#0"},"north":{"uv":[0.0,2.0,0.5,2.75],"texture":"#0"},"south":{"uv":[0.0,2.0,0.5,2.75],"texture":"#0"},"west":{"uv":[0.0,2.0,0.5,2.75],"texture":"#0"},"east":{"uv":[0.0,2.0,0.5,2.75],"texture":"#0"}}},{"from":[9.0,9.0,3.0],"to":[10.0,16.0,6.0],"faces":{"down":{"uv":[0.0,4.25,0.75,4.5],"texture":"#0","rotation":90},"up":{"uv":[0.75,2.75,0.0,3.0],"texture":"#0","rotation":90},"north":{"uv":[0.5,2.75,0.75,4.5],"texture":"#0"},"south":{"uv":[0.0,2.75,0.25,4.5],"texture":"#0"},"west":{"uv":[0.75,2.75,0.0,4.5],"texture":"#0"},"east":{"uv":[0.5,5.25,1.25,7.0],"texture":"#0"}}},{"from":[9.0,8.0,3.0],"to":[10.0,9.0,4.0],"faces":{"west":{"uv":[0.5,4.5,0.75,4.75],"texture":"#0"},"east":{"uv":[0.5,4.5,0.75,4.75],"texture":"#0"}}},{"from":[9.0,6.0,2.0],"to":[10.0,12.0,3.0],"faces":{"down":{"uv":[0.75,5.0,1.0,5.25],"texture":"#0"},"up":{"uv":[0.75,3.75,1.0,4.0],"texture":"#0"},"north":{"uv":[0.75,3.75,1.0,5.25],"texture":"#0"},"south":{"uv":[0.75,3.75,1.0,5.25],"texture":"#0"},"west":{"uv":[0.75,3.75,1.0,5.25],"texture":"#0"},"east":{"uv":[0.75,3.75,1.0,5.25],"texture":"#0"}}},{"from":[9.0,16.0,4.0],"to":[10.0,19.0,6.0],"faces":{"up":{"uv":[0.0,2.0,0.5,2.25],"texture":"#0"},"north":{"uv":[0.0,2.0,0.5,2.75],"texture":"#0"},"south":{"uv":[0.0,2.0,0.5,2.75],"texture":"#0"},"west":{"uv":[0.0,2.0,0.5,2.75],"texture":"#0"},"east":{"uv":[0.0,2.0,0.5,2.75],"texture":"#0"}}},{"from":[0.0,5.0,5.0],"to":[3.0,7.0,11.0],"faces":{"up":{"uv":[3.5,2.0,5.0,2.75],"texture":"#0","rotation":90},"north":{"uv":[5.0,2.0,5.75,2.5],"texture":"#0"},"south":{"uv":[5.75,2.0,5.0,2.5],"texture":"#0"},"west":{"uv":[3.5,2.75,5.0,3.25],"texture":"#0"}}},{"from":[12.0,-2.0,4.0],"to":[13.0,8.0,12.0],"faces":{"down":{"uv":[1.0,4.25,3.0,4.5],"texture":"#0","rotation":90},"up":{"uv":[1.0,2.0,3.0,2.25],"texture":"#0","rotation":90},"north":{"uv":[1.0,2.0,1.25,4.5],"texture":"#0"},"south":{"uv":[2.75,2.0,3.0,4.5],"texture":"#0"},"west":{"uv":[1.0,2.0,3.0,4.5],"texture":"#0"},"east":{"uv":[1.0,2.0,3.0,4.5],"texture":"#0"}}},{"from":[12.0,-8.0,7.0],"to":[13.0,-2.0,9.0],"faces":{"down":{"uv":[1.75,5.75,2.25,6.0],"texture":"#0"},"north":{"uv":[1.75,4.5,2.25,6.0],"texture":"#0"},"south":{"uv":[1.75,4.5,2.25,6.0],"texture":"#0"},"west":{"uv":[1.75,4.5,2.25,6.0],"texture":"#0"},"east":{"uv":[1.75,4.5,2.25,6.0],"texture":"#0"}}},{"from":[12.0,-5.0,6.0],"to":[13.0,-2.0,7.0],"faces":{"down":{"uv":[1.5,5.0,1.75,5.25],"texture":"#0"},"north":{"uv":[1.5,4.5,1.75,5.25],"texture":"#0"},"west":{"uv":[1.5,4.5,1.75,5.25],"texture":"#0"},"east":{"uv":[1.5,4.5,1.75,5.25],"texture":"#0"}}},{"from":[12.0,-5.0,9.0],"to":[13.0,-2.0,10.0],"faces":{"down":{"uv":[1.5,5.0,1.75,5.25],"texture":"#0"},"south":{"uv":[1.5,4.5,1.75,5.25],"texture":"#0"},"west":{"uv":[1.5,4.5,1.75,5.25],"texture":"#0"},"east":{"uv":[1.5,4.5,1.75,5.25],"texture":"#0"}}},{"from":[13.0,-4.0,7.0],"to":[14.0,7.0,9.0],"faces":{"down":{"uv":[3.0,4.5,3.5,4.75],"texture":"#0"},"up":{"uv":[3.0,2.0,3.5,2.25],"texture":"#0"},"north":{"uv":[3.25,2.0,3.5,4.75],"texture":"#0"},"south":{"uv":[3.0,2.0,3.25,4.75],"texture":"#0"},"west":{"uv":[3.0,2.0,3.5,4.75],"texture":"#0"},"east":{"uv":[3.0,2.0,3.5,4.75],"texture":"#0"}}},{"from":[3.0,-5.0,4.0],"to":[4.0,1.0,6.0],"faces":{"down":{"uv":[4.5,4.5,5.0,4.75],"texture":"#0","rotation":90},"north":{"uv":[4.75,3.25,5.0,4.75],"texture":"#0"},"south":{"uv":[4.5,3.25,4.75,4.75],"texture":"#0"},"west":{"uv":[5.0,3.25,4.5,4.75],"texture":"#0"},"east":{"uv":[4.5,3.25,5.0,4.75],"texture":"#0"}}},{"from":[3.0,-5.0,10.0],"to":[4.0,1.0,12.0],"faces":{"down":{"uv":[5.0,4.5,4.5,4.75],"texture":"#0","rotation":90},"north":{"uv":[4.5,3.25,4.75,4.75],"texture":"#0"},"south":{"uv":[4.75,3.25,5.0,4.75],"texture":"#0"},"west":{"uv":[4.5,3.25,5.0,4.75],"texture":"#0"},"east":{"uv":[5.0,3.25,4.5,4.75],"texture":"#0"}}},{"from":[3.0,-6.0,5.0],"to":[4.0,-5.0,6.0],"faces":{"down":{"uv":[4.5,4.25,4.75,4.5],"texture":"#0"},"north":{"uv":[4.5,4.25,4.75,4.5],"texture":"#0"},"south":{"uv":[4.5,4.25,4.75,4.5],"texture":"#0"},"west":{"uv":[4.5,4.25,4.75,4.5],"texture":"#0"},"east":{"uv":[4.5,4.25,4.75,4.5],"texture":"#0"}}},{"from":[3.0,-6.0,10.0],"to":[4.0,-5.0,11.0],"faces":{"down":{"uv":[4.5,4.25,4.75,4.5],"texture":"#0"},"north":{"uv":[4.5,4.25,4.75,4.5],"texture":"#0"},"south":{"uv":[4.5,4.25,4.75,4.5],"texture":"#0"},"west":{"uv":[4.5,4.25,4.75,4.5],"texture":"#0"},"east":{"uv":[4.5,4.25,4.75,4.5],"texture":"#0"}}},{"from":[11.0,-1.0,3.0],"to":[12.0,1.0,4.0],"faces":{"down":{"uv":[0.0,0.0,0.25,0.25],"texture":"#0"},"north":{"uv":[0.0,0.0,0.25,0.25],"texture":"#0"},"south":{"uv":[0.0,0.0,0.25,0.25],"texture":"#0"},"west":{"uv":[0.0,0.0,0.25,0.25],"texture":"#0"},"east":{"uv":[0.0,0.0,0.25,0.25],"texture":"#0"}}},{"from":[11.0,-1.0,12.0],"to":[12.0,1.0,13.0],"faces":{"down":{"uv":[0.0,0.0,0.25,0.25],"texture":"#0"},"north":{"uv":[0.0,0.0,0.25,0.25],"texture":"#0"},"south":{"uv":[0.0,0.0,0.25,0.25],"texture":"#0"},"west":{"uv":[0.0,0.0,0.25,0.25],"texture":"#0"},"east":{"uv":[0.0,0.0,0.25,0.25],"texture":"#0"}}},{"from":[9.0,0.0,3.0],"to":[11.0,1.0,4.0],"faces":{"down":{"uv":[0.75,1.75,0.25,2.0],"texture":"#0"},"north":{"uv":[0.25,1.75,0.75,2.0],"texture":"#0"},"west":{"uv":[0.5,1.75,0.75,2.0],"texture":"#0"}}},{"from":[9.0,0.0,12.0],"to":[11.0,1.0,13.0],"faces":{"down":{"uv":[0.75,1.75,0.25,2.0],"texture":"#0"},"south":{"uv":[0.75,1.75,0.25,2.0],"texture":"#0"},"west":{"uv":[0.5,1.75,0.75,2.0],"texture":"#0"}}},{"from":[1.0,1.0,6.0],"to":[3.0,2.0,7.0],"faces":{"down":{"uv":[0.75,1.75,0.25,2.0],"texture":"#0"},"north":{"uv":[0.25,1.75,0.75,2.0],"texture":"#0"},"west":{"uv":[0.5,1.75,0.75,2.0],"texture":"#0"}}},{"from":[1.0,1.0,9.0],"to":[3.0,2.0,10.0],"faces":{"down":{"uv":[0.75,1.75,0.25,2.0],"texture":"#0"},"south":{"uv":[0.75,1.75,0.25,2.0],"texture":"#0"},"west":{"uv":[0.5,1.75,0.75,2.0],"texture":"#0"}}}],"textures":{"0":"8d752604-c56b-4cba-bac8-feb4a4244d05"}}