{"display":{"gui":{"rotation":[10.0,45.0,0.0],"translation":[0.0,0.75,0.0],"scale":[0.64,0.64,0.64]},"head":{"translation":[0.0,14.5,0.0],"scale":[2.2857,2.2857,2.2857]}},"elements":[{"from":[7.0,-2.0,8.0],"to":[9.0,0.0,8.0],"rotation":{"origin":[8.0,-0.5,8.0],"axis":"y","angle":-45.0},"faces":{"north":{"uv":[4.75,7.0,5.25,7.5],"texture":"#0"},"east":{"uv":[0.0,0.0,0.0,0.5],"texture":"#0"},"south":{"uv":[4.25,7.0,4.75,7.5],"texture":"#0"},"west":{"uv":[0.0,0.0,0.0,0.5],"texture":"#0"},"up":{"uv":[0.5,0.0,0.0,0.0],"texture":"#0"},"down":{"uv":[0.5,0.0,0.0,0.0],"texture":"#0"}}},{"from":[7.0,-2.0,8.0],"to":[9.0,0.0,8.0],"rotation":{"origin":[8.0,-0.5,8.0],"axis":"y","angle":45.0},"faces":{"north":{"uv":[4.25,7.0,4.75,7.5],"texture":"#0"},"east":{"uv":[0.0,0.0,0.0,0.5],"texture":"#0"},"south":{"uv":[4.75,7.0,5.25,7.5],"texture":"#0"},"west":{"uv":[0.0,0.0,0.0,0.5],"texture":"#0"},"up":{"uv":[0.5,0.0,0.0,0.0],"texture":"#0"},"down":{"uv":[0.5,0.0,0.0,0.0],"texture":"#0"}}},{"from":[1.0,0.0,1.0],"to":[15.0,14.0,15.0],"faces":{"north":{"uv":[0.0,0.0,3.5,3.5],"texture":"#0","tintindex":0},"east":{"uv":[0.0,3.5,3.5,7.0],"texture":"#0","tintindex":0},"south":{"uv":[3.5,0.0,7.0,3.5],"texture":"#0","tintindex":0},"west":{"uv":[3.5,3.5,7.0,7.0],"texture":"#0","tintindex":0},"up":{"uv":[3.5,10.5,0.0,7.0],"texture":"#0","tintindex":0},"down":{"uv":[10.5,0.0,7.0,3.5],"texture":"#0","tintindex":0}}},{"from":[6.5,-3.0,6.5],"to":[9.5,-2.0,9.5],"faces":{"north":{"uv":[5.25,7.0,6.0,7.25],"texture":"#0","tintindex":0},"east":{"uv":[7.0,5.25,7.75,5.5],"texture":"#0","tintindex":0},"south":{"uv":[7.0,5.5,7.75,5.75],"texture":"#0","tintindex":0},"west":{"uv":[7.0,5.75,7.75,6.0],"texture":"#0","tintindex":0},"up":{"uv":[4.25,7.75,3.5,7.0],"texture":"#0","tintindex":0},"down":{"uv":[7.75,3.5,7.0,4.25],"texture":"#0","tintindex":0}}},{"from":[15.0,14.0,15.0],"to":[1.0,0.0,1.0],"faces":{"north":{"uv":[3.5,3.5,7.0,0.0],"texture":"#0","tintindex":0},"east":{"uv":[3.5,7.0,7.0,3.5],"texture":"#0","tintindex":0},"south":{"uv":[0.0,3.5,3.5,0.0],"texture":"#0","tintindex":0},"west":{"uv":[0.0,7.0,3.5,3.5],"texture":"#0","tintindex":0},"up":{"uv":[7.0,0.0,10.5,3.5],"texture":"#0","tintindex":0},"down":{"uv":[0.0,10.5,3.5,7.0],"texture":"#0","tintindex":0}}}],"textures":{"0":"bloons:balloons/balloon_dyeable"},"gui_light":"front"}