{"display":{"fixed":{"rotation":[-90.0,0.0,0.0],"translation":[0.0,0.0,-12.0],"scale":[1.5,1.5,1.5]}},"elements":[{"from":[7.0,8.0,7.0],"to":[9.0,9.0,9.0],"faces":{"down":{"uv":[7.75,1.5,7.25,2.0],"texture":"#1"},"up":{"uv":[7.75,1.5,7.25,1.0],"texture":"#1"},"north":{"uv":[3.0,8.0,3.5,8.25],"texture":"#1"},"south":{"uv":[8.25,0.25,8.75,0.5],"texture":"#1"},"west":{"uv":[8.25,0.5,8.75,0.75],"texture":"#1"},"east":{"uv":[8.25,0.0,8.75,0.25],"texture":"#1"}}},{"from":[7.0,0.0,7.0],"to":[9.0,2.0,9.0],"faces":{"down":{"uv":[7.75,5.5,7.25,6.0],"texture":"#1"},"up":{"uv":[7.75,5.5,7.25,5.0],"texture":"#1"},"north":{"uv":[7.25,3.0,7.75,3.5],"texture":"#1"},"south":{"uv":[7.25,4.0,7.75,4.5],"texture":"#1"},"west":{"uv":[7.25,4.5,7.75,5.0],"texture":"#1"},"east":{"uv":[7.25,3.5,7.75,4.0],"texture":"#1"}}},{"from":[7.3,1.9,7.3],"to":[8.699999,8.3,8.699999],"faces":{"down":{"uv":[7.75,2.5,7.25,3.0],"texture":"#1"},"up":{"uv":[7.75,2.5,7.25,2.0],"texture":"#1"},"north":{"uv":[0.0,6.0,0.5,7.75],"texture":"#1"},"south":{"uv":[1.0,6.0,1.5,7.75],"texture":"#1"},"west":{"uv":[1.5,6.0,2.0,7.75],"texture":"#1"},"east":{"uv":[0.5,6.0,1.0,7.75],"texture":"#1"}}},{"from":[7.5,8.0,7.5],"to":[8.5,18.0,8.5],"rotation":{"origin":[7.5,8.0,7.5],"axis":"z","angle":22.5},"faces":{"down":{"uv":[8.5,6.75,8.25,7.0],"texture":"#1"},"up":{"uv":[3.5,8.5,3.25,8.25],"texture":"#1"},"north":{"uv":[3.5,6.0,3.75,8.5],"texture":"#1"},"south":{"uv":[4.0,7.0,4.25,9.5],"texture":"#1"},"west":{"uv":[4.25,7.0,4.5,9.5],"texture":"#1"},"east":{"uv":[3.75,6.0,4.0,8.5],"texture":"#1"}}},{"from":[2.5081,16.3776,6.1],"to":[5.5081,17.3776,10.1],"rotation":{"origin":[1.8,16.9,8.1],"axis":"z","angle":22.5},"faces":{"down":{"uv":[2.75,6.0,3.5,7.0],"texture":"#1"},"up":{"uv":[2.0,7.0,2.75,6.0],"texture":"#1"},"north":{"uv":[8.5,4.25,7.75,4.5],"texture":"#1"},"south":{"uv":[8.5,4.5,7.75,4.75],"texture":"#1"},"west":{"uv":[8.25,6.0,7.25,6.25],"texture":"#1"},"east":{"uv":[8.25,6.25,7.25,6.5],"texture":"#1"}}},{"from":[-4.96,16.8326,1.1],"to":[8.04,16.8336,15.1],"rotation":{"origin":[1.8,16.9,8.1],"axis":"z","angle":22.5},"faces":{"down":{"uv":[4.0,0.0,7.25,3.5],"texture":"#1"},"up":{"uv":[4.0,3.5,7.25,0.0],"texture":"#1"},"north":{"uv":[3.25,0.0,0.0,0.0],"texture":"#1"},"south":{"uv":[3.25,0.0,0.0,0.0],"texture":"#1"},"west":{"uv":[3.5,0.0,0.0,0.0],"texture":"#1"},"east":{"uv":[3.5,0.0,0.0,0.0],"texture":"#1"}}},{"from":[0.5081,16.3776,5.1],"to":[4.5081,17.3776,6.1],"rotation":{"origin":[1.8,16.9,8.1],"axis":"z","angle":22.5},"faces":{"down":{"uv":[6.5,7.5,7.5,7.75],"texture":"#1"},"up":{"uv":[5.5,7.75,6.5,7.5],"texture":"#1"},"north":{"uv":[8.25,6.5,7.25,6.75],"texture":"#1"},"south":{"uv":[8.25,6.75,7.25,7.0],"texture":"#1"},"west":{"uv":[7.75,8.25,7.5,8.5],"texture":"#1"},"east":{"uv":[8.0,8.25,7.75,8.5],"texture":"#1"}}},{"from":[-0.4919,16.3776,4.1],"to":[2.5081,17.3776,5.1],"rotation":{"origin":[1.8,16.9,8.1],"axis":"z","angle":22.5},"faces":{"down":{"uv":[5.5,7.75,6.25,8.0],"texture":"#1"},"up":{"uv":[7.75,5.5,8.5,5.25],"texture":"#1"},"north":{"uv":[8.5,4.75,7.75,5.0],"texture":"#1"},"south":{"uv":[8.5,5.0,7.75,5.25],"texture":"#1"},"west":{"uv":[8.25,8.25,8.0,8.5],"texture":"#1"},"east":{"uv":[8.5,8.25,8.25,8.5],"texture":"#1"}}},{"from":[-3.4919,16.3776,7.6],"to":[-1.4919,17.3776,8.6],"rotation":{"origin":[1.8,16.9,8.1],"axis":"z","angle":22.5},"faces":{"down":{"uv":[1.75,8.25,2.25,8.5],"texture":"#1"},"up":{"uv":[1.25,8.5,1.75,8.25],"texture":"#1"},"north":{"uv":[1.25,8.25,0.75,8.5],"texture":"#1"},"south":{"uv":[8.75,0.75,8.25,1.0],"texture":"#1"},"west":{"uv":[0.25,8.5,0.0,8.75],"texture":"#1"},"east":{"uv":[0.5,8.5,0.25,8.75],"texture":"#1"}}},{"from":[-0.4919,16.3776,11.1],"to":[2.5081,17.3776,12.1],"rotation":{"origin":[1.8,16.9,8.1],"axis":"z","angle":22.5},"faces":{"down":{"uv":[7.0,7.75,7.75,8.0],"texture":"#1"},"up":{"uv":[6.25,8.0,7.0,7.75],"texture":"#1"},"north":{"uv":[8.5,5.5,7.75,5.75],"texture":"#1"},"south":{"uv":[8.5,5.75,7.75,6.0],"texture":"#1"},"west":{"uv":[0.75,8.5,0.5,8.75],"texture":"#1"},"east":{"uv":[1.0,8.5,0.75,8.75],"texture":"#1"}}},{"from":[0.5081,16.3776,10.1],"to":[4.5081,17.3776,11.1],"rotation":{"origin":[1.8,16.9,8.1],"axis":"z","angle":22.5},"faces":{"down":{"uv":[0.0,7.75,1.0,8.0],"texture":"#1"},"up":{"uv":[7.5,7.75,8.5,7.5],"texture":"#1"},"north":{"uv":[8.5,7.0,7.5,7.25],"texture":"#1"},"south":{"uv":[8.5,7.25,7.5,7.5],"texture":"#1"},"west":{"uv":[1.25,8.5,1.0,8.75],"texture":"#1"},"east":{"uv":[1.5,8.5,1.25,8.75],"texture":"#1"}}},{"from":[-1.4919,16.3776,7.1],"to":[2.5081,17.3776,9.1],"rotation":{"origin":[1.8,16.9,8.1],"axis":"z","angle":22.5},"faces":{"down":{"uv":[6.5,7.0,7.5,7.5],"texture":"#1"},"up":{"uv":[5.5,7.5,6.5,7.0],"texture":"#1"},"north":{"uv":[2.0,7.75,1.0,8.0],"texture":"#1"},"south":{"uv":[8.75,1.0,7.75,1.25],"texture":"#1"},"west":{"uv":[2.75,8.25,2.25,8.5],"texture":"#1"},"east":{"uv":[3.25,8.25,2.75,8.5],"texture":"#1"}}},{"from":[4.0919,18.3776,6.1],"to":[7.0919,19.3776,10.1],"rotation":{"origin":[1.8,16.9,8.1],"axis":"y","angle":22.5},"faces":{"down":{"uv":[2.75,6.0,3.5,7.0],"texture":"#1","rotation":180},"up":{"uv":[2.0,7.0,2.75,6.0],"texture":"#1","rotation":180},"north":{"uv":[8.5,4.5,7.75,4.75],"texture":"#1"},"south":{"uv":[8.5,4.25,7.75,4.5],"texture":"#1"},"west":{"uv":[8.25,6.25,7.25,6.5],"texture":"#1"},"east":{"uv":[8.25,6.0,7.25,6.25],"texture":"#1"}}},{"from":[1.56,18.8326,1.1],"to":[14.56,18.8336,15.1],"rotation":{"origin":[1.8,16.9,8.1],"axis":"y","angle":22.5},"faces":{"down":{"uv":[4.0,0.0,7.25,3.5],"texture":"#1","rotation":180},"up":{"uv":[4.0,3.5,7.25,0.0],"texture":"#1","rotation":180},"north":{"uv":[3.25,0.0,0.0,0.0],"texture":"#1"},"south":{"uv":[3.25,0.0,0.0,0.0],"texture":"#1"},"west":{"uv":[3.5,0.0,0.0,0.0],"texture":"#1"},"east":{"uv":[3.5,0.0,0.0,0.0],"texture":"#1"}}},{"from":[5.0919,18.3776,10.1],"to":[9.0919,19.3776,11.1],"rotation":{"origin":[1.8,16.9,8.1],"axis":"y","angle":22.5},"faces":{"down":{"uv":[6.5,7.5,7.5,7.75],"texture":"#1","rotation":180},"up":{"uv":[5.5,7.75,6.5,7.5],"texture":"#1","rotation":180},"north":{"uv":[8.25,6.75,7.25,7.0],"texture":"#1"},"south":{"uv":[8.25,6.5,7.25,6.75],"texture":"#1"},"west":{"uv":[8.0,8.25,7.75,8.5],"texture":"#1"},"east":{"uv":[7.75,8.25,7.5,8.5],"texture":"#1"}}},{"from":[7.0919,18.3776,11.1],"to":[10.0919,19.3776,12.1],"rotation":{"origin":[1.8,16.9,8.1],"axis":"y","angle":22.5},"faces":{"down":{"uv":[5.5,7.75,6.25,8.0],"texture":"#1","rotation":180},"up":{"uv":[7.75,5.5,8.5,5.25],"texture":"#1","rotation":180},"north":{"uv":[8.5,5.0,7.75,5.25],"texture":"#1"},"south":{"uv":[8.5,4.75,7.75,5.0],"texture":"#1"},"west":{"uv":[8.5,8.25,8.25,8.5],"texture":"#1"},"east":{"uv":[8.25,8.25,8.0,8.5],"texture":"#1"}}},{"from":[11.0919,18.3776,7.6],"to":[13.0919,19.3776,8.6],"rotation":{"origin":[1.8,16.9,8.1],"axis":"y","angle":22.5},"faces":{"down":{"uv":[1.75,8.25,2.25,8.5],"texture":"#1","rotation":180},"up":{"uv":[1.25,8.5,1.75,8.25],"texture":"#1","rotation":180},"north":{"uv":[8.75,0.75,8.25,1.0],"texture":"#1"},"south":{"uv":[1.25,8.25,0.75,8.5],"texture":"#1"},"west":{"uv":[0.5,8.5,0.25,8.75],"texture":"#1"},"east":{"uv":[0.25,8.5,0.0,8.75],"texture":"#1"}}},{"from":[7.0919,18.3776,4.1],"to":[10.0919,19.3776,5.1],"rotation":{"origin":[1.8,16.9,8.1],"axis":"y","angle":22.5},"faces":{"down":{"uv":[7.0,7.75,7.75,8.0],"texture":"#1","rotation":180},"up":{"uv":[6.25,8.0,7.0,7.75],"texture":"#1","rotation":180},"north":{"uv":[8.5,5.75,7.75,6.0],"texture":"#1"},"south":{"uv":[8.5,5.5,7.75,5.75],"texture":"#1"},"west":{"uv":[1.0,8.5,0.75,8.75],"texture":"#1"},"east":{"uv":[0.75,8.5,0.5,8.75],"texture":"#1"}}},{"from":[5.0919,18.3776,5.1],"to":[9.0919,19.3776,6.1],"rotation":{"origin":[1.8,16.9,8.1],"axis":"y","angle":22.5},"faces":{"down":{"uv":[0.0,7.75,1.0,8.0],"texture":"#1","rotation":180},"up":{"uv":[7.5,7.75,8.5,7.5],"texture":"#1","rotation":180},"north":{"uv":[8.5,7.25,7.5,7.5],"texture":"#1"},"south":{"uv":[8.5,7.0,7.5,7.25],"texture":"#1"},"west":{"uv":[1.5,8.5,1.25,8.75],"texture":"#1"},"east":{"uv":[1.25,8.5,1.0,8.75],"texture":"#1"}}},{"from":[7.0919,18.3776,7.1],"to":[11.0919,19.3776,9.1],"rotation":{"origin":[1.8,16.9,8.1],"axis":"y","angle":22.5},"faces":{"down":{"uv":[6.5,7.0,7.5,7.5],"texture":"#1","rotation":180},"up":{"uv":[5.5,7.5,6.5,7.0],"texture":"#1","rotation":180},"north":{"uv":[8.75,1.0,7.75,1.25],"texture":"#1"},"south":{"uv":[2.0,7.75,1.0,8.0],"texture":"#1"},"west":{"uv":[3.25,8.25,2.75,8.5],"texture":"#1"},"east":{"uv":[2.75,8.25,2.25,8.5],"texture":"#1"}}},{"from":[2.3,17.1776,7.2919],"to":[6.3,18.1776,10.2919],"rotation":{"origin":[1.8,16.9,8.1],"axis":"y","angle":-22.5},"faces":{"down":{"uv":[2.75,6.0,3.5,7.0],"texture":"#1","rotation":90},"up":{"uv":[2.0,7.0,2.75,6.0],"texture":"#1","rotation":270},"north":{"uv":[8.25,6.25,7.25,6.5],"texture":"#1"},"south":{"uv":[8.25,6.0,7.25,6.25],"texture":"#1"},"west":{"uv":[8.5,4.25,7.75,4.5],"texture":"#1"},"east":{"uv":[8.5,4.5,7.75,4.75],"texture":"#1"}}},{"from":[-2.7,17.6326,4.76],"to":[11.3,17.6336,17.76],"rotation":{"origin":[1.8,16.9,8.1],"axis":"y","angle":-22.5},"faces":{"down":{"uv":[4.0,0.0,7.25,3.5],"texture":"#1","rotation":90},"up":{"uv":[4.0,3.5,7.25,0.0],"texture":"#1","rotation":270},"north":{"uv":[3.5,0.0,0.0,0.0],"texture":"#1"},"south":{"uv":[3.5,0.0,0.0,0.0],"texture":"#1"},"west":{"uv":[3.25,0.0,0.0,0.0],"texture":"#1"},"east":{"uv":[3.25,0.0,0.0,0.0],"texture":"#1"}}},{"from":[1.3,17.1776,8.2919],"to":[2.3,18.1776,12.2919],"rotation":{"origin":[1.8,16.9,8.1],"axis":"y","angle":-22.5},"faces":{"down":{"uv":[6.5,7.5,7.5,7.75],"texture":"#1","rotation":90},"up":{"uv":[5.5,7.75,6.5,7.5],"texture":"#1","rotation":270},"north":{"uv":[8.0,8.25,7.75,8.5],"texture":"#1"},"south":{"uv":[7.75,8.25,7.5,8.5],"texture":"#1"},"west":{"uv":[8.25,6.5,7.25,6.75],"texture":"#1"},"east":{"uv":[8.25,6.75,7.25,7.0],"texture":"#1"}}},{"from":[0.3,17.1776,10.2919],"to":[1.3,18.1776,13.2919],"rotation":{"origin":[1.8,16.9,8.1],"axis":"y","angle":-22.5},"faces":{"down":{"uv":[5.5,7.75,6.25,8.0],"texture":"#1","rotation":90},"up":{"uv":[7.75,5.5,8.5,5.25],"texture":"#1","rotation":270},"north":{"uv":[8.5,8.25,8.25,8.5],"texture":"#1"},"south":{"uv":[8.25,8.25,8.0,8.5],"texture":"#1"},"west":{"uv":[8.5,4.75,7.75,5.0],"texture":"#1"},"east":{"uv":[8.5,5.0,7.75,5.25],"texture":"#1"}}},{"from":[3.8,17.1776,14.2919],"to":[4.8,18.1776,16.2919],"rotation":{"origin":[1.8,16.9,8.1],"axis":"y","angle":-22.5},"faces":{"down":{"uv":[1.75,8.25,2.25,8.5],"texture":"#1","rotation":90},"up":{"uv":[1.25,8.5,1.75,8.25],"texture":"#1","rotation":270},"north":{"uv":[0.5,8.5,0.25,8.75],"texture":"#1"},"south":{"uv":[0.25,8.5,0.0,8.75],"texture":"#1"},"west":{"uv":[1.25,8.25,0.75,8.5],"texture":"#1"},"east":{"uv":[8.75,0.75,8.25,1.0],"texture":"#1"}}},{"from":[7.3,17.1776,10.2919],"to":[8.299999,18.1776,13.2919],"rotation":{"origin":[1.8,16.9,8.1],"axis":"y","angle":-22.5},"faces":{"down":{"uv":[7.0,7.75,7.75,8.0],"texture":"#1","rotation":90},"up":{"uv":[6.25,8.0,7.0,7.75],"texture":"#1","rotation":270},"north":{"uv":[1.0,8.5,0.75,8.75],"texture":"#1"},"south":{"uv":[0.75,8.5,0.5,8.75],"texture":"#1"},"west":{"uv":[8.5,5.5,7.75,5.75],"texture":"#1"},"east":{"uv":[8.5,5.75,7.75,6.0],"texture":"#1"}}},{"from":[6.3,17.1776,8.2919],"to":[7.3,18.1776,12.2919],"rotation":{"origin":[1.8,16.9,8.1],"axis":"y","angle":-22.5},"faces":{"down":{"uv":[0.0,7.75,1.0,8.0],"texture":"#1","rotation":90},"up":{"uv":[7.5,7.75,8.5,7.5],"texture":"#1","rotation":270},"north":{"uv":[1.5,8.5,1.25,8.75],"texture":"#1"},"south":{"uv":[1.25,8.5,1.0,8.75],"texture":"#1"},"west":{"uv":[8.5,7.0,7.5,7.25],"texture":"#1"},"east":{"uv":[8.5,7.25,7.5,7.5],"texture":"#1"}}},{"from":[3.3,17.1776,10.2919],"to":[5.3,18.1776,14.2919],"rotation":{"origin":[1.8,16.9,8.1],"axis":"y","angle":-22.5},"faces":{"down":{"uv":[6.5,7.0,7.5,7.5],"texture":"#1","rotation":90},"up":{"uv":[5.5,7.5,6.5,7.0],"texture":"#1","rotation":270},"north":{"uv":[3.25,8.25,2.75,8.5],"texture":"#1"},"south":{"uv":[2.75,8.25,2.25,8.5],"texture":"#1"},"west":{"uv":[2.0,7.75,1.0,8.0],"texture":"#1"},"east":{"uv":[8.75,1.0,7.75,1.25],"texture":"#1"}}},{"from":[7.5,8.0,7.5],"to":[8.5,16.0,8.5],"rotation":{"origin":[7.5,8.0,7.5],"axis":"z","angle":-45.0},"faces":{"down":{"uv":[7.5,8.25,7.25,8.5],"texture":"#1"},"up":{"uv":[7.25,8.5,7.0,8.25],"texture":"#1"},"north":{"uv":[4.5,7.0,4.75,9.0],"texture":"#1"},"south":{"uv":[5.0,7.0,5.25,9.0],"texture":"#1"},"west":{"uv":[5.25,7.0,5.5,9.0],"texture":"#1"},"east":{"uv":[4.75,7.0,5.0,9.0],"texture":"#1"}}},{"from":[11.7218,10.4218,6.1],"to":[14.7218,11.4218,10.1],"rotation":{"origin":[15.5,11.2,9.1],"axis":"z","angle":-45.0},"faces":{"down":{"uv":[3.5,6.0,2.75,7.0],"texture":"#1"},"up":{"uv":[2.75,7.0,2.0,6.0],"texture":"#1"},"north":{"uv":[7.75,4.25,8.5,4.5],"texture":"#1"},"south":{"uv":[7.75,4.5,8.5,4.75],"texture":"#1"},"west":{"uv":[7.25,6.25,8.25,6.5],"texture":"#1"},"east":{"uv":[7.25,6.0,8.25,6.25],"texture":"#1"}}},{"from":[9.2268,10.9268,1.1],"to":[22.2268,10.9278,15.1],"rotation":{"origin":[15.5,11.2,9.1],"axis":"z","angle":-45.0},"faces":{"down":{"uv":[7.25,0.0,4.0,3.5],"texture":"#1"},"up":{"uv":[7.25,3.5,4.0,0.0],"texture":"#1"},"north":{"uv":[0.0,0.0,3.25,0.0],"texture":"#1"},"south":{"uv":[0.0,0.0,3.25,0.0],"texture":"#1"},"west":{"uv":[0.0,0.0,3.5,0.0],"texture":"#1"},"east":{"uv":[0.0,0.0,3.5,0.0],"texture":"#1"}}},{"from":[12.7218,10.4218,5.1],"to":[16.7218,11.4218,6.1],"rotation":{"origin":[15.5,11.2,9.1],"axis":"z","angle":-45.0},"faces":{"down":{"uv":[7.5,7.5,6.5,7.75],"texture":"#1"},"up":{"uv":[6.5,7.75,5.5,7.5],"texture":"#1"},"north":{"uv":[7.25,6.5,8.25,6.75],"texture":"#1"},"south":{"uv":[7.25,6.75,8.25,7.0],"texture":"#1"},"west":{"uv":[7.75,8.25,8.0,8.5],"texture":"#1"},"east":{"uv":[7.5,8.25,7.75,8.5],"texture":"#1"}}},{"from":[14.7218,10.4218,4.1],"to":[17.7218,11.4218,5.1],"rotation":{"origin":[15.5,11.2,9.1],"axis":"z","angle":-45.0},"faces":{"down":{"uv":[6.25,7.75,5.5,8.0],"texture":"#1"},"up":{"uv":[8.5,5.5,7.75,5.25],"texture":"#1"},"north":{"uv":[7.75,4.75,8.5,5.0],"texture":"#1"},"south":{"uv":[7.75,5.0,8.5,5.25],"texture":"#1"},"west":{"uv":[8.25,8.25,8.5,8.5],"texture":"#1"},"east":{"uv":[8.0,8.25,8.25,8.5],"texture":"#1"}}},{"from":[18.7218,10.4218,7.6],"to":[20.7218,11.4218,8.6],"rotation":{"origin":[15.5,11.2,9.1],"axis":"z","angle":-45.0},"faces":{"down":{"uv":[2.25,8.25,1.75,8.5],"texture":"#1"},"up":{"uv":[1.75,8.5,1.25,8.25],"texture":"#1"},"north":{"uv":[0.75,8.25,1.25,8.5],"texture":"#1"},"south":{"uv":[8.25,0.75,8.75,1.0],"texture":"#1"},"west":{"uv":[0.25,8.5,0.5,8.75],"texture":"#1"},"east":{"uv":[0.0,8.5,0.25,8.75],"texture":"#1"}}},{"from":[14.7218,10.4218,11.1],"to":[17.7218,11.4218,12.1],"rotation":{"origin":[15.5,11.2,9.1],"axis":"z","angle":-45.0},"faces":{"down":{"uv":[7.75,7.75,7.0,8.0],"texture":"#1"},"up":{"uv":[7.0,8.0,6.25,7.75],"texture":"#1"},"north":{"uv":[7.75,5.5,8.5,5.75],"texture":"#1"},"south":{"uv":[7.75,5.75,8.5,6.0],"texture":"#1"},"west":{"uv":[0.75,8.5,1.0,8.75],"texture":"#1"},"east":{"uv":[0.5,8.5,0.75,8.75],"texture":"#1"}}},{"from":[12.7218,10.4218,10.1],"to":[16.7218,11.4218,11.1],"rotation":{"origin":[15.5,11.2,9.1],"axis":"z","angle":-45.0},"faces":{"down":{"uv":[1.0,7.75,0.0,8.0],"texture":"#1"},"up":{"uv":[8.5,7.75,7.5,7.5],"texture":"#1"},"north":{"uv":[7.5,7.0,8.5,7.25],"texture":"#1"},"south":{"uv":[7.5,7.25,8.5,7.5],"texture":"#1"},"west":{"uv":[1.25,8.5,1.5,8.75],"texture":"#1"},"east":{"uv":[1.0,8.5,1.25,8.75],"texture":"#1"}}},{"from":[14.7218,10.4218,7.1],"to":[18.7218,11.4218,9.1],"rotation":{"origin":[15.5,11.2,9.1],"axis":"z","angle":-45.0},"faces":{"down":{"uv":[7.5,7.0,6.5,7.5],"texture":"#1"},"up":{"uv":[6.5,7.5,5.5,7.0],"texture":"#1"},"north":{"uv":[1.0,7.75,2.0,8.0],"texture":"#1"},"south":{"uv":[7.75,1.0,8.75,1.25],"texture":"#1"},"west":{"uv":[2.75,8.25,3.25,8.5],"texture":"#1"},"east":{"uv":[2.25,8.25,2.75,8.5],"texture":"#1"}}},{"from":[11.5,13.4218,9.3218],"to":[15.5,14.4218,12.3218],"rotation":{"origin":[15.5,11.2,9.1],"axis":"x","angle":-22.5},"faces":{"down":{"uv":[3.5,6.0,2.75,7.0],"texture":"#1","rotation":270},"up":{"uv":[2.75,7.0,2.0,6.0],"texture":"#1","rotation":90},"north":{"uv":[7.25,6.25,8.25,6.5],"texture":"#1"},"south":{"uv":[7.25,6.0,8.25,6.25],"texture":"#1"},"west":{"uv":[7.75,4.5,8.5,4.75],"texture":"#1"},"east":{"uv":[7.75,4.25,8.5,4.5],"texture":"#1"}}},{"from":[6.5,13.9268,6.8268],"to":[20.5,13.9278,19.8268],"rotation":{"origin":[15.5,11.2,9.1],"axis":"x","angle":-22.5},"faces":{"down":{"uv":[7.25,0.0,4.0,3.5],"texture":"#1","rotation":270},"up":{"uv":[7.25,3.5,4.0,0.0],"texture":"#1","rotation":90},"north":{"uv":[0.0,0.0,3.5,0.0],"texture":"#1"},"south":{"uv":[0.0,0.0,3.5,0.0],"texture":"#1"},"west":{"uv":[0.0,0.0,3.25,0.0],"texture":"#1"},"east":{"uv":[0.0,0.0,3.25,0.0],"texture":"#1"}}},{"from":[15.5,13.4218,10.3218],"to":[16.5,14.4218,14.3218],"rotation":{"origin":[15.5,11.2,9.1],"axis":"x","angle":-22.5},"faces":{"down":{"uv":[7.5,7.5,6.5,7.75],"texture":"#1","rotation":270},"up":{"uv":[6.5,7.75,5.5,7.5],"texture":"#1","rotation":90},"north":{"uv":[7.75,8.25,8.0,8.5],"texture":"#1"},"south":{"uv":[7.5,8.25,7.75,8.5],"texture":"#1"},"west":{"uv":[7.25,6.75,8.25,7.0],"texture":"#1"},"east":{"uv":[7.25,6.5,8.25,6.75],"texture":"#1"}}},{"from":[16.5,13.4218,12.3218],"to":[17.5,14.4218,15.3218],"rotation":{"origin":[15.5,11.2,9.1],"axis":"x","angle":-22.5},"faces":{"down":{"uv":[6.25,7.75,5.5,8.0],"texture":"#1","rotation":270},"up":{"uv":[8.5,5.5,7.75,5.25],"texture":"#1","rotation":90},"north":{"uv":[8.25,8.25,8.5,8.5],"texture":"#1"},"south":{"uv":[8.0,8.25,8.25,8.5],"texture":"#1"},"west":{"uv":[7.75,5.0,8.5,5.25],"texture":"#1"},"east":{"uv":[7.75,4.75,8.5,5.0],"texture":"#1"}}},{"from":[13.0,13.4218,16.3218],"to":[14.0,14.4218,18.3218],"rotation":{"origin":[15.5,11.2,9.1],"axis":"x","angle":-22.5},"faces":{"down":{"uv":[2.25,8.25,1.75,8.5],"texture":"#1","rotation":270},"up":{"uv":[1.75,8.5,1.25,8.25],"texture":"#1","rotation":90},"north":{"uv":[0.25,8.5,0.5,8.75],"texture":"#1"},"south":{"uv":[0.0,8.5,0.25,8.75],"texture":"#1"},"west":{"uv":[8.25,0.75,8.75,1.0],"texture":"#1"},"east":{"uv":[0.75,8.25,1.25,8.5],"texture":"#1"}}},{"from":[9.5,13.4218,12.3218],"to":[10.5,14.4218,15.3218],"rotation":{"origin":[15.5,11.2,9.1],"axis":"x","angle":-22.5},"faces":{"down":{"uv":[7.75,7.75,7.0,8.0],"texture":"#1","rotation":270},"up":{"uv":[7.0,8.0,6.25,7.75],"texture":"#1","rotation":90},"north":{"uv":[0.75,8.5,1.0,8.75],"texture":"#1"},"south":{"uv":[0.5,8.5,0.75,8.75],"texture":"#1"},"west":{"uv":[7.75,5.75,8.5,6.0],"texture":"#1"},"east":{"uv":[7.75,5.5,8.5,5.75],"texture":"#1"}}},{"from":[10.5,13.4218,10.3218],"to":[11.5,14.4218,14.3218],"rotation":{"origin":[15.5,11.2,9.1],"axis":"x","angle":-22.5},"faces":{"down":{"uv":[1.0,7.75,0.0,8.0],"texture":"#1","rotation":270},"up":{"uv":[8.5,7.75,7.5,7.5],"texture":"#1","rotation":90},"north":{"uv":[1.25,8.5,1.5,8.75],"texture":"#1"},"south":{"uv":[1.0,8.5,1.25,8.75],"texture":"#1"},"west":{"uv":[7.5,7.25,8.5,7.5],"texture":"#1"},"east":{"uv":[7.5,7.0,8.5,7.25],"texture":"#1"}}},{"from":[12.5,13.4218,12.3218],"to":[14.5,14.4218,16.3218],"rotation":{"origin":[15.5,11.2,9.1],"axis":"x","angle":-22.5},"faces":{"down":{"uv":[7.5,7.0,6.5,7.5],"texture":"#1","rotation":270},"up":{"uv":[6.5,7.5,5.5,7.0],"texture":"#1","rotation":90},"north":{"uv":[2.75,8.25,3.25,8.5],"texture":"#1"},"south":{"uv":[2.25,8.25,2.75,8.5],"texture":"#1"},"west":{"uv":[7.75,1.0,8.75,1.25],"texture":"#1"},"east":{"uv":[1.0,7.75,2.0,8.0],"texture":"#1"}}},{"from":[11.5,13.4218,2.8782],"to":[15.5,14.4218,5.8782],"rotation":{"origin":[15.5,11.2,9.1],"axis":"y","angle":22.5},"faces":{"down":{"uv":[3.5,6.0,2.75,7.0],"texture":"#1","rotation":90},"up":{"uv":[2.75,7.0,2.0,6.0],"texture":"#1","rotation":270},"north":{"uv":[7.25,6.0,8.25,6.25],"texture":"#1"},"south":{"uv":[7.25,6.25,8.25,6.5],"texture":"#1"},"west":{"uv":[7.75,4.25,8.5,4.5],"texture":"#1"},"east":{"uv":[7.75,4.5,8.5,4.75],"texture":"#1"}}},{"from":[6.5,13.9268,-4.6268],"to":[20.5,13.9278,8.373199],"rotation":{"origin":[15.5,11.2,9.1],"axis":"y","angle":22.5},"faces":{"down":{"uv":[7.25,0.0,4.0,3.5],"texture":"#1","rotation":90},"up":{"uv":[7.25,3.5,4.0,0.0],"texture":"#1","rotation":270},"north":{"uv":[0.0,0.0,3.5,0.0],"texture":"#1"},"south":{"uv":[0.0,0.0,3.5,0.0],"texture":"#1"},"west":{"uv":[0.0,0.0,3.25,0.0],"texture":"#1"},"east":{"uv":[0.0,0.0,3.25,0.0],"texture":"#1"}}},{"from":[10.5,13.4218,0.8782],"to":[11.5,14.4218,4.8782],"rotation":{"origin":[15.5,11.2,9.1],"axis":"y","angle":22.5},"faces":{"down":{"uv":[7.5,7.5,6.5,7.75],"texture":"#1","rotation":90},"up":{"uv":[6.5,7.75,5.5,7.5],"texture":"#1","rotation":270},"north":{"uv":[7.5,8.25,7.75,8.5],"texture":"#1"},"south":{"uv":[7.75,8.25,8.0,8.5],"texture":"#1"},"west":{"uv":[7.25,6.5,8.25,6.75],"texture":"#1"},"east":{"uv":[7.25,6.75,8.25,7.0],"texture":"#1"}}},{"from":[9.5,13.4218,-0.1218],"to":[10.5,14.4218,2.8782],"rotation":{"origin":[15.5,11.2,9.1],"axis":"y","angle":22.5},"faces":{"down":{"uv":[6.25,7.75,5.5,8.0],"texture":"#1","rotation":90},"up":{"uv":[8.5,5.5,7.75,5.25],"texture":"#1","rotation":270},"north":{"uv":[8.0,8.25,8.25,8.5],"texture":"#1"},"south":{"uv":[8.25,8.25,8.5,8.5],"texture":"#1"},"west":{"uv":[7.75,4.75,8.5,5.0],"texture":"#1"},"east":{"uv":[7.75,5.0,8.5,5.25],"texture":"#1"}}},{"from":[13.0,13.4218,-3.1218],"to":[14.0,14.4218,-1.1218],"rotation":{"origin":[15.5,11.2,9.1],"axis":"y","angle":22.5},"faces":{"down":{"uv":[2.25,8.25,1.75,8.5],"texture":"#1","rotation":90},"up":{"uv":[1.75,8.5,1.25,8.25],"texture":"#1","rotation":270},"north":{"uv":[0.0,8.5,0.25,8.75],"texture":"#1"},"south":{"uv":[0.25,8.5,0.5,8.75],"texture":"#1"},"west":{"uv":[0.75,8.25,1.25,8.5],"texture":"#1"},"east":{"uv":[8.25,0.75,8.75,1.0],"texture":"#1"}}},{"from":[16.5,13.4218,-0.1218],"to":[17.5,14.4218,2.8782],"rotation":{"origin":[15.5,11.2,9.1],"axis":"y","angle":22.5},"faces":{"down":{"uv":[7.75,7.75,7.0,8.0],"texture":"#1","rotation":90},"up":{"uv":[7.0,8.0,6.25,7.75],"texture":"#1","rotation":270},"north":{"uv":[0.5,8.5,0.75,8.75],"texture":"#1"},"south":{"uv":[0.75,8.5,1.0,8.75],"texture":"#1"},"west":{"uv":[7.75,5.5,8.5,5.75],"texture":"#1"},"east":{"uv":[7.75,5.75,8.5,6.0],"texture":"#1"}}},{"from":[15.5,13.4218,0.8782],"to":[16.5,14.4218,4.8782],"rotation":{"origin":[15.5,11.2,9.1],"axis":"y","angle":22.5},"faces":{"down":{"uv":[1.0,7.75,0.0,8.0],"texture":"#1","rotation":90},"up":{"uv":[8.5,7.75,7.5,7.5],"texture":"#1","rotation":270},"north":{"uv":[1.0,8.5,1.25,8.75],"texture":"#1"},"south":{"uv":[1.25,8.5,1.5,8.75],"texture":"#1"},"west":{"uv":[7.5,7.0,8.5,7.25],"texture":"#1"},"east":{"uv":[7.5,7.25,8.5,7.5],"texture":"#1"}}},{"from":[12.5,13.4218,-1.1218],"to":[14.5,14.4218,2.8782],"rotation":{"origin":[15.5,11.2,9.1],"axis":"y","angle":22.5},"faces":{"down":{"uv":[7.5,7.0,6.5,7.5],"texture":"#1","rotation":90},"up":{"uv":[6.5,7.5,5.5,7.0],"texture":"#1","rotation":270},"north":{"uv":[2.25,8.25,2.75,8.5],"texture":"#1"},"south":{"uv":[2.75,8.25,3.25,8.5],"texture":"#1"},"west":{"uv":[1.0,7.75,2.0,8.0],"texture":"#1"},"east":{"uv":[7.75,1.0,8.75,1.25],"texture":"#1"}}}],"textures":{"1":"a5cf9cc3-cbe9-44ef-81f5-c5ddc66ee7b8"}}