{"display":{"thirdperson_righthand":{"translation":[-1.0,-2.0,0.0],"scale":[2.0,2.0,2.0]},"ground":{"translation":[0.0,10.5,0.0],"scale":[0.46,0.48,0.48]},"fixed":{"rotation":[0.0,0.0,-25.0],"translation":[0.0,0.0,-0.75],"scale":[4.0,4.0,4.0]}},"elements":[{"from":[-15.5,-15.5,8.0],"to":[31.5,31.5,8.0],"rotation":{"origin":[8.0,8.0,8.0],"axis":"y","angle":0.0},"faces":{"north":{"uv":[0.0,0.0,5.875,5.875],"texture":"#0"},"east":{"uv":[0.0,0.0,0.0,5.875],"texture":"#0"},"south":{"uv":[0.0,5.875,5.875,11.75],"texture":"#0"},"west":{"uv":[0.0,0.0,0.0,5.875],"texture":"#0"},"up":{"uv":[5.875,0.0,0.0,0.0],"texture":"#0"},"down":{"uv":[5.875,0.0,0.0,0.0],"texture":"#0"}}}],"textures":{"particle":"b7d70c49-d7f6-4597-af25-89df4962b516","0":"b7d70c49-d7f6-4597-af25-89df4962b516"}}