{"display":{"head":{},"firstperson_righthand":{},"thirdperson_lefthand":{},"firstperson_lefthand":{},"fixed":{},"ground":{},"thirdperson_righthand":{},"gui":{"rotation":[-150.0,-45.0,180.0]}},"elements":[{"from":[7.9905,-7.0,-8.0],"to":[7.9905,25.0,24.0],"faces":{"east":{"uv":[0.0,0.0,16.0,16.0],"texture":"#0","rotation":270,"tintindex":0},"west":{"uv":[0.0,16.0,16.0,0.0],"texture":"#0","rotation":270,"tintindex":0}}}],"textures":{"particle":"#0","0":"modelengine:8f2934b7-dfb1-436f-ac8a-7bc7cba28274"}}