{"display":{"head":{},"firstperson_righthand":{},"thirdperson_lefthand":{},"firstperson_lefthand":{},"fixed":{},"ground":{},"thirdperson_righthand":{},"gui":{"rotation":[-150.0,-45.0,180.0]}},"elements":[{"from":[6.1,1.9999995,6.0],"to":[10.1,8.0,10.0],"faces":{"east":{"uv":[3.0,8.0,4.0,9.5],"texture":"#0","tintindex":0},"south":{"uv":[8.0,3.0,9.0,4.5],"texture":"#0","tintindex":0},"north":{"uv":[2.0,8.0,3.0,9.5],"texture":"#0","tintindex":0},"west":{"uv":[4.0,8.0,5.0,9.5],"texture":"#0","tintindex":0},"up":{"uv":[9.0,8.5,8.0,7.5],"texture":"#0","tintindex":0},"down":{"uv":[1.0,8.5,0.0,9.5],"texture":"#0","tintindex":0}}}],"textures":{"particle":"#0","0":"modelengine:e28bd88d-4799-4280-b5bb-73c9a1a2747f"}}