{"display":{"head":{},"firstperson_righthand":{},"thirdperson_lefthand":{},"firstperson_lefthand":{},"fixed":{},"ground":{},"thirdperson_righthand":{},"gui":{"rotation":[-150.0,-45.0,180.0]}},"elements":[{"from":[6.5,8.0,6.5],"to":[9.5,22.0,9.5],"faces":{"east":{"uv":[5.5,0.0,7.0,7.0],"texture":"#1","tintindex":0},"south":{"uv":[7.0,0.0,8.5,7.0],"texture":"#1","tintindex":0},"north":{"uv":[4.0,0.0,5.5,7.0],"texture":"#1","tintindex":0},"west":{"uv":[4.0,7.0,5.5,14.0],"texture":"#1","tintindex":0},"up":{"uv":[14.5,12.0,13.0,10.5],"texture":"#1","tintindex":0},"down":{"uv":[15.0,0.0,13.5,1.5],"texture":"#1","tintindex":0}}}],"textures":{"particle":"#1","1":"modelengine:87cac9cc-2843-46d2-b858-decf3ca78820"}}