{"display":{"head":{},"firstperson_righthand":{},"thirdperson_lefthand":{},"firstperson_lefthand":{},"fixed":{},"ground":{},"thirdperson_righthand":{},"gui":{"rotation":[-150.0,-45.0,180.0]}},"elements":[{"from":[7.5,7.0,-15.5],"to":[8.5,9.0,13.5],"faces":{"east":{"uv":[6.0,0.0,13.25,0.5],"texture":"#0","tintindex":0},"south":{"uv":[5.25,10.0,5.5,10.5],"texture":"#0","tintindex":0},"north":{"uv":[5.0,10.0,5.25,10.5],"texture":"#0","tintindex":0},"west":{"uv":[6.0,0.5,13.25,1.0],"texture":"#0","tintindex":0},"up":{"uv":[9.25,12.25,9.0,5.0],"texture":"#0","tintindex":0},"down":{"uv":[9.5,5.0,9.25,12.25],"texture":"#0","tintindex":0}}}],"textures":{"particle":"#0","0":"modelengine:c4cc989e-58e9-4c1a-9baf-101383cfad60"}}