{"display":{"head":{},"firstperson_righthand":{},"thirdperson_lefthand":{},"firstperson_lefthand":{},"fixed":{},"ground":{},"thirdperson_righthand":{},"gui":{"rotation":[-150.0,-45.0,180.0]}},"elements":[{"from":[6.0,-4.0,6.0],"to":[10.0,8.0,10.0],"faces":{"east":{"uv":[3.0,5.0,4.0,8.0],"texture":"#0","tintindex":0},"south":{"uv":[6.0,1.0,7.0,4.0],"texture":"#0","tintindex":0},"north":{"uv":[2.0,5.0,3.0,8.0],"texture":"#0","tintindex":0},"west":{"uv":[4.0,6.0,5.0,9.0],"texture":"#0","tintindex":0},"up":{"uv":[10.5,6.0,9.5,5.0],"texture":"#0","tintindex":0},"down":{"uv":[10.5,6.0,9.5,7.0],"texture":"#0","tintindex":0}}}],"textures":{"particle":"#0","0":"modelengine:c4cc989e-58e9-4c1a-9baf-101383cfad60"}}