{"display":{"head":{},"firstperson_righthand":{},"thirdperson_lefthand":{},"firstperson_lefthand":{},"fixed":{},"ground":{},"thirdperson_righthand":{},"gui":{"rotation":[-150.0,-45.0,180.0]}},"elements":[{"from":[5.9,1.9999995,6.0],"to":[9.9,8.0,10.0],"faces":{"east":{"uv":[5.0,8.0,4.0,9.5],"texture":"#0","tintindex":0},"south":{"uv":[9.0,3.0,8.0,4.5],"texture":"#0","tintindex":0},"north":{"uv":[3.0,8.0,2.0,9.5],"texture":"#0","tintindex":0},"west":{"uv":[4.0,8.0,3.0,9.5],"texture":"#0","tintindex":0},"up":{"uv":[8.0,8.5,9.0,7.5],"texture":"#0","tintindex":0},"down":{"uv":[0.0,8.5,1.0,9.5],"texture":"#0","tintindex":0}}}],"textures":{"particle":"#0","0":"modelengine:dff0721a-c687-4e23-b84a-5de6783b5e8e"}}