{"display":{"head":{},"firstperson_righthand":{},"thirdperson_lefthand":{},"firstperson_lefthand":{},"fixed":{},"ground":{},"thirdperson_righthand":{},"gui":{"rotation":[-150.0,-45.0,180.0]}},"elements":[{"from":[8.0,8.0,4.5],"to":[8.0,24.0,11.5],"faces":{"east":{"uv":[2.6666667,5.3333335,5.0,10.666667],"texture":"#1","tintindex":0},"west":{"uv":[5.0,5.3333335,7.3333335,10.666667],"texture":"#1","tintindex":0}}}],"textures":{"particle":"#1","1":"modelengine:4f6cb10e-e461-4817-a410-2b29d93aa588"}}