{"display":{"head":{},"firstperson_righthand":{},"thirdperson_lefthand":{},"firstperson_lefthand":{},"fixed":{},"ground":{},"thirdperson_righthand":{},"gui":{"rotation":[-150.0,-45.0,180.0]}},"elements":[{"from":[6.01,2.0,4.0],"to":[10.01,8.0,8.0],"faces":{"east":{"uv":[4.0,6.5,5.0,8.0],"texture":"#0","tintindex":0},"south":{"uv":[5.0,6.5,6.0,8.0],"texture":"#0","tintindex":0},"north":{"uv":[3.0,6.5,4.0,8.0],"texture":"#0","tintindex":0},"west":{"uv":[6.0,6.5,7.0,8.0],"texture":"#0","tintindex":0},"up":{"uv":[9.0,5.5,8.0,4.5],"texture":"#0","tintindex":0},"down":{"uv":[6.0,8.0,5.0,9.0],"texture":"#0","tintindex":0}}}],"textures":{"particle":"#0","0":"modelengine:dff0721a-c687-4e23-b84a-5de6783b5e8e"}}