{"display":{"head":{},"firstperson_righthand":{},"thirdperson_lefthand":{},"firstperson_lefthand":{},"fixed":{},"ground":{},"thirdperson_righthand":{},"gui":{"rotation":[-150.0,-45.0,180.0]}},"elements":[{"from":[22.0,2.0,2.0],"to":[22.0,14.0,14.0],"faces":{"east":{"uv":[0.0,0.0,16.0,16.0],"texture":"#0","tintindex":0},"south":{"uv":[0.0,0.0,64.0,64.0],"texture":"#0","rotation":90,"tintindex":0},"north":{"uv":[0.0,0.0,64.0,64.0],"texture":"#0","rotation":270,"tintindex":0},"west":{"uv":[0.0,16.0,16.0,0.0],"texture":"#0","rotation":180,"tintindex":0},"up":{"uv":[0.0,0.0,64.0,64.0],"texture":"#0","rotation":90,"tintindex":0},"down":{"uv":[0.0,0.0,64.0,64.0],"texture":"#0","rotation":90,"tintindex":0}}}],"textures":{"particle":"#0","0":"modelengine:752932be-413c-4c86-8f30-47d3ed104426"}}