{"display":{"head":{},"firstperson_righthand":{},"thirdperson_lefthand":{},"firstperson_lefthand":{},"fixed":{},"ground":{},"thirdperson_righthand":{},"gui":{"rotation":[-150.0,-45.0,180.0]}},"elements":[{"from":[8.0,-2.0,6.0],"to":[12.0,10.0,10.0],"faces":{"east":{"uv":[1.0,7.0,2.0,10.0],"texture":"#0","tintindex":0},"south":{"uv":[7.0,1.0,8.0,4.0],"texture":"#0","tintindex":0},"north":{"uv":[0.0,7.0,1.0,10.0],"texture":"#0","tintindex":0},"west":{"uv":[7.0,4.0,8.0,7.0],"texture":"#0","tintindex":0},"up":{"uv":[10.5,8.0,9.5,7.0],"texture":"#0","tintindex":0},"down":{"uv":[10.5,8.0,9.5,9.0],"texture":"#0","tintindex":0}}}],"textures":{"particle":"#0","0":"modelengine:64a5feac-8434-4736-b72b-6d0d3bffe5ea"}}