{"display":{"head":{},"firstperson_righthand":{},"thirdperson_lefthand":{},"firstperson_lefthand":{},"fixed":{},"ground":{},"thirdperson_righthand":{},"gui":{"rotation":[-150.0,-45.0,180.0]}},"elements":[{"from":[7.4905,-7.0095005,-8.0],"to":[7.4905,24.9905,24.0],"faces":{"east":{"uv":[0.0,0.0,16.0,16.0],"texture":"#1","rotation":270,"tintindex":0},"west":{"uv":[0.0,16.0,16.0,0.0],"texture":"#1","rotation":270,"tintindex":0}}},{"from":[8.4904995,-7.0095005,-8.0],"to":[8.4904995,24.9905,24.0],"faces":{"east":{"uv":[0.0,0.0,16.0,16.0],"texture":"#1","rotation":270,"tintindex":0},"west":{"uv":[0.0,16.0,16.0,0.0],"texture":"#1","rotation":270,"tintindex":0}}}],"textures":{"particle":"#1","1":"modelengine:5a0d4c62-0367-45d1-b93d-7c480fc87378"}}