{"display":{"head":{},"firstperson_righthand":{},"thirdperson_lefthand":{},"firstperson_lefthand":{},"fixed":{},"ground":{},"thirdperson_righthand":{},"gui":{"rotation":[-150.0,-45.0,180.0]}},"elements":[{"from":[-8.0,-8.0,-8.0],"to":[24.0,24.0,24.0],"faces":{"east":{"uv":[5.3333335,0.0,0.0,5.3333335],"texture":"#0","tintindex":0},"south":{"uv":[0.0,0.0,5.3333335,5.3333335],"texture":"#0","tintindex":0},"north":{"uv":[0.0,0.0,5.3333335,5.3333335],"texture":"#0","tintindex":0},"west":{"uv":[5.3333335,0.0,0.0,5.3333335],"texture":"#0","tintindex":0},"up":{"uv":[5.3333335,16.0,0.0,10.666667],"texture":"#0","tintindex":0},"down":{"uv":[5.3333335,16.0,0.0,10.666667],"texture":"#0","tintindex":0}}},{"from":[24.0,-8.0,-8.0],"to":[-8.0,24.0,24.0],"faces":{"east":{"uv":[0.0,0.0,5.3333335,5.3333335],"texture":"#0","tintindex":0},"south":{"uv":[5.3333335,0.0,0.0,5.3333335],"texture":"#0","tintindex":0},"north":{"uv":[5.3333335,0.0,0.0,5.3333335],"texture":"#0","tintindex":0},"west":{"uv":[0.0,0.0,5.3333335,5.3333335],"texture":"#0","tintindex":0},"up":{"uv":[0.0,16.0,5.3333335,10.666667],"texture":"#0","tintindex":0},"down":{"uv":[0.0,16.0,5.3333335,10.666667],"texture":"#0","tintindex":0}}}],"textures":{"particle":"#0","0":"modelengine:005263ca-e9f6-4b4c-8dd8-f4aab0df990e"}}