{"display":{"head":{},"firstperson_righthand":{},"thirdperson_lefthand":{},"firstperson_lefthand":{},"fixed":{},"ground":{},"thirdperson_righthand":{},"gui":{"rotation":[-150.0,-45.0,180.0]}},"elements":[{"from":[5.01,5.0,3.0],"to":[10.01,8.0,9.0],"faces":{"east":{"uv":[6.25,3.0,7.75,3.75],"texture":"#2","tintindex":0},"south":{"uv":[6.25,5.25,7.5,6.0],"texture":"#2","tintindex":0},"north":{"uv":[6.25,4.5,7.5,5.25],"texture":"#2","tintindex":0},"west":{"uv":[6.25,3.75,7.75,4.5],"texture":"#2","tintindex":0},"up":{"uv":[7.0,1.5,5.75,0.0],"texture":"#2","tintindex":0},"down":{"uv":[7.0,1.5,5.75,3.0],"texture":"#2","tintindex":0}}},{"from":[6.01,2.0,4.0],"to":[10.01,8.0,8.0],"faces":{"east":{"uv":[4.0,6.5,5.0,8.0],"texture":"#3","tintindex":0},"south":{"uv":[5.0,6.5,6.0,8.0],"texture":"#3","tintindex":0},"north":{"uv":[3.0,6.5,4.0,8.0],"texture":"#3","tintindex":0},"west":{"uv":[6.0,6.5,7.0,8.0],"texture":"#3","tintindex":0},"up":{"uv":[9.0,5.5,8.0,4.5],"texture":"#3","tintindex":0},"down":{"uv":[6.0,8.0,5.0,9.0],"texture":"#3","tintindex":0}}},{"from":[10.01,-1.0,-4.0],"to":[11.01,13.0,19.0],"faces":{"east":{"uv":[0.0,0.0,5.75,3.5],"texture":"#2","tintindex":0},"south":{"uv":[6.5,6.0,6.75,9.5],"texture":"#2","tintindex":0},"north":{"uv":[6.25,6.0,6.5,9.5],"texture":"#2","tintindex":0},"west":{"uv":[0.0,3.5,5.75,7.0],"texture":"#2","tintindex":0},"up":{"uv":[6.0,8.75,5.75,3.0],"texture":"#2","tintindex":0},"down":{"uv":[6.25,3.0,6.0,8.75],"texture":"#2","tintindex":0}}}],"textures":{"particle":"#2","2":"modelengine:2005e2d3-bce2-4efe-8134-f4dd34167b80","3":"modelengine:499ea814-2d6e-4edc-92a2-4299ade7e7c2"}}