{"display":{"head":{},"firstperson_righthand":{},"thirdperson_lefthand":{},"firstperson_lefthand":{},"fixed":{},"ground":{},"thirdperson_righthand":{},"gui":{"rotation":[-150.0,-45.0,180.0]}},"elements":[{"from":[4.0,8.0,4.0],"to":[12.0,16.0,12.0],"faces":{"east":{"uv":[0.0,2.0,2.0,4.0],"texture":"#0","tintindex":0},"south":{"uv":[2.0,0.0,4.0,2.0],"texture":"#0","tintindex":0},"north":{"uv":[0.0,0.0,2.0,2.0],"texture":"#0","tintindex":0},"west":{"uv":[2.0,2.0,4.0,4.0],"texture":"#0","tintindex":0},"up":{"uv":[2.0,6.0,0.0,4.0],"texture":"#0","tintindex":0},"down":{"uv":[6.0,0.0,4.0,2.0],"texture":"#0","tintindex":0}}}],"textures":{"particle":"#0","0":"modelengine:24048bb7-86fb-4a5b-8a48-67370db82081"}}