{"display":{"head":{},"firstperson_righthand":{},"thirdperson_lefthand":{},"firstperson_lefthand":{},"fixed":{},"ground":{},"thirdperson_righthand":{},"gui":{"rotation":[-150.0,-45.0,180.0]}},"elements":[{"from":[2.0,8.25,4.25],"to":[7.0,9.25,5.25],"rotation":{"origin":[6.75,9.0,4.5],"axis":"y","angle":-22.5},"faces":{"east":{"uv":[9.333334,10.666667,9.5,10.833334],"texture":"#1","tintindex":0},"south":{"uv":[10.333334,5.0,11.166667,5.166667],"texture":"#1","tintindex":0},"north":{"uv":[10.333334,4.8333335,11.166667,5.0],"texture":"#1","tintindex":0},"west":{"uv":[9.5,10.666667,9.666667,10.833334],"texture":"#1","tintindex":0},"up":{"uv":[11.166667,5.3333335,10.333334,5.166667],"texture":"#1","tintindex":0},"down":{"uv":[12.0,4.8333335,11.166667,5.0],"texture":"#1","tintindex":0}}},{"from":[12.0,9.25,9.75],"to":[16.0,9.25,13.75],"rotation":{"origin":[10.25,9.0,11.5],"axis":"y","angle":-22.5},"faces":{"up":{"uv":[0.0,0.0,4.0,4.0],"texture":"#0","tintindex":0},"down":{"uv":[0.0,4.0,4.0,0.0],"texture":"#0","tintindex":0}}},{"from":[9.0,8.25,4.25],"to":[14.0,9.25,5.25],"rotation":{"origin":[9.25,9.0,4.5],"axis":"y","angle":22.5},"faces":{"east":{"uv":[9.666667,10.666667,9.5,10.833334],"texture":"#1","tintindex":0},"south":{"uv":[11.166667,5.0,10.333334,5.166667],"texture":"#1","tintindex":0},"north":{"uv":[11.166667,4.8333335,10.333334,5.0],"texture":"#1","tintindex":0},"west":{"uv":[9.5,10.666667,9.333334,10.833334],"texture":"#1","tintindex":0},"up":{"uv":[10.333334,5.3333335,11.166667,5.166667],"texture":"#1","tintindex":0},"down":{"uv":[11.166667,4.8333335,12.0,5.0],"texture":"#1","tintindex":0}}},{"from":[0.0,9.25,9.75],"to":[4.0,9.25,13.75],"rotation":{"origin":[5.75,9.0,11.5],"axis":"y","angle":22.5},"faces":{"up":{"uv":[4.0,0.0,0.0,4.0],"texture":"#0","tintindex":0},"down":{"uv":[4.0,4.0,0.0,0.0],"texture":"#0","tintindex":0}}},{"from":[2.0,8.25,10.75],"to":[7.0,9.25,11.75],"rotation":{"origin":[6.75,9.0,11.5],"axis":"y","angle":22.5},"faces":{"east":{"uv":[9.5,10.666667,9.333334,10.833334],"texture":"#1","tintindex":0},"south":{"uv":[11.166667,4.8333335,10.333334,5.0],"texture":"#1","tintindex":0},"north":{"uv":[11.166667,5.0,10.333334,5.166667],"texture":"#1","tintindex":0},"west":{"uv":[9.666667,10.666667,9.5,10.833334],"texture":"#1","tintindex":0},"up":{"uv":[11.166667,5.166667,10.333334,5.3333335],"texture":"#1","tintindex":0},"down":{"uv":[12.0,5.0,11.166667,4.8333335],"texture":"#1","tintindex":0}}},{"from":[6.0,8.0,4.0],"to":[10.0,12.0,12.0],"faces":{"east":{"uv":[10.0,12.333334,11.333334,13.0],"texture":"#1","tintindex":0},"south":{"uv":[13.0,2.6666667,13.666667,3.3333335],"texture":"#1","tintindex":0},"north":{"uv":[13.0,2.0,13.666667,2.6666667],"texture":"#1","tintindex":0},"west":{"uv":[12.333334,10.333334,13.666667,11.0],"texture":"#1","tintindex":0},"up":{"uv":[13.0,12.333334,12.333334,11.0],"texture":"#1","tintindex":0},"down":{"uv":[12.0,12.333334,11.333334,13.666667],"texture":"#1","tintindex":0}}},{"from":[12.0,9.25,2.25],"to":[16.0,9.25,6.25],"rotation":{"origin":[10.25,9.0,4.5],"axis":"y","angle":22.5},"faces":{"up":{"uv":[0.0,4.0,4.0,0.0],"texture":"#0","tintindex":0},"down":{"uv":[0.0,0.0,4.0,4.0],"texture":"#0","tintindex":0}}},{"from":[0.0,9.25,2.25],"to":[4.0,9.25,6.25],"rotation":{"origin":[5.75,9.0,4.5],"axis":"y","angle":-22.5},"faces":{"up":{"uv":[4.0,4.0,0.0,0.0],"texture":"#0","tintindex":0},"down":{"uv":[4.0,0.0,0.0,4.0],"texture":"#0","tintindex":0}}},{"from":[9.0,8.25,10.75],"to":[14.0,9.25,11.75],"rotation":{"origin":[9.25,9.0,11.5],"axis":"y","angle":-22.5},"faces":{"east":{"uv":[9.5,10.666667,9.666667,10.833334],"texture":"#1","tintindex":0},"south":{"uv":[10.333334,4.8333335,11.166667,5.0],"texture":"#1","tintindex":0},"north":{"uv":[10.333334,5.0,11.166667,5.166667],"texture":"#1","tintindex":0},"west":{"uv":[9.333334,10.666667,9.5,10.833334],"texture":"#1","tintindex":0},"up":{"uv":[10.333334,5.166667,11.166667,5.3333335],"texture":"#1","tintindex":0},"down":{"uv":[11.166667,5.0,12.0,4.8333335],"texture":"#1","tintindex":0}}}],"textures":{"particle":"#1","0":"modelengine:c9752e7d-f7d6-43b6-9e2f-5b4bd9a81c04","1":"modelengine:237b3ded-16a9-4087-9307-8658be1c8d44"}}