{"display":{"head":{},"firstperson_righthand":{},"thirdperson_lefthand":{},"firstperson_lefthand":{},"fixed":{},"ground":{},"thirdperson_righthand":{},"gui":{"rotation":[-150.0,-45.0,180.0]}},"elements":[{"from":[-4.5,8.0,-4.5],"to":[20.5,8.0,20.5],"faces":{"east":{"uv":[0.0,0.0,64.0,64.0],"texture":"#2","tintindex":0},"south":{"uv":[0.0,0.0,64.0,64.0],"texture":"#2","tintindex":0},"north":{"uv":[0.0,0.0,64.0,64.0],"texture":"#2","tintindex":0},"west":{"uv":[0.0,0.0,64.0,64.0],"texture":"#2","tintindex":0},"up":{"uv":[0.0,0.0,16.0,16.0],"texture":"#2","tintindex":0},"down":{"uv":[0.0,16.0,16.0,0.0],"texture":"#2","tintindex":0}}}],"textures":{"particle":"#2","2":"modelengine:21005a1d-9749-4e35-9db6-b646eb640ef7"}}