{"display":{"head":{},"firstperson_righthand":{},"thirdperson_lefthand":{},"firstperson_lefthand":{},"fixed":{},"ground":{},"thirdperson_righthand":{},"gui":{"rotation":[-150.0,-45.0,180.0]}},"elements":[{"from":[-9.75,8.0,-9.75],"to":[25.75,8.0,25.75],"faces":{"east":{"uv":[0.0,0.0,64.0,64.0],"texture":"#7","tintindex":0},"south":{"uv":[0.0,0.0,64.0,64.0],"texture":"#7","tintindex":0},"north":{"uv":[0.0,0.0,64.0,64.0],"texture":"#7","tintindex":0},"west":{"uv":[0.0,0.0,64.0,64.0],"texture":"#7","tintindex":0},"up":{"uv":[0.0,0.0,16.0,16.0],"texture":"#7","tintindex":0},"down":{"uv":[0.0,16.0,16.0,0.0],"texture":"#7","tintindex":0}}}],"textures":{"particle":"#7","7":"modelengine:f90a369a-a818-4ac4-b241-a65e273b3aa1"}}