{"display":{"head":{},"firstperson_righthand":{},"thirdperson_lefthand":{},"firstperson_lefthand":{},"fixed":{},"ground":{},"thirdperson_righthand":{},"gui":{"rotation":[-150.0,-45.0,180.0]}},"elements":[{"from":[-0.019000053,8.0,0.0],"to":[-0.019000053,24.0,16.0],"rotation":{"origin":[-0.019000053,8.0,8.0],"axis":"z","angle":22.5},"faces":{"east":{"uv":[0.0,16.0,16.0,0.0],"texture":"#2","rotation":180,"tintindex":0},"west":{"uv":[0.0,0.0,16.0,16.0],"texture":"#2","tintindex":0}}},{"from":[0.0,8.0,-0.019000053],"to":[16.0,24.0,-0.019000053],"rotation":{"origin":[8.0,8.0,-0.019000053],"axis":"x","angle":-22.5},"faces":{"south":{"uv":[0.0,16.0,16.0,0.0],"texture":"#2","rotation":180,"tintindex":0},"north":{"uv":[0.0,0.0,16.0,16.0],"texture":"#2","tintindex":0}}},{"from":[0.0,8.0,16.019001],"to":[16.0,24.0,16.019001],"rotation":{"origin":[8.0,8.0,16.019001],"axis":"x","angle":22.5},"faces":{"south":{"uv":[0.0,0.0,16.0,16.0],"texture":"#2","tintindex":0},"north":{"uv":[0.0,16.0,16.0,0.0],"texture":"#2","rotation":180,"tintindex":0}}},{"from":[16.019001,8.0,0.0],"to":[16.019001,24.0,16.0],"rotation":{"origin":[16.019001,8.0,8.0],"axis":"z","angle":-22.5},"faces":{"east":{"uv":[0.0,0.0,16.0,16.0],"texture":"#2","tintindex":0},"west":{"uv":[0.0,16.0,16.0,0.0],"texture":"#2","rotation":180,"tintindex":0}}}],"textures":{"particle":"#2","2":"modelengine:a0e0ceda-4cef-4c0e-9a7f-57283267ece5"}}