{"display":{"head":{},"firstperson_righthand":{},"thirdperson_lefthand":{},"firstperson_lefthand":{},"fixed":{},"ground":{},"thirdperson_righthand":{},"gui":{"rotation":[-150.0,-45.0,180.0]}},"elements":[{"from":[6.0,8.0,5.25],"to":[10.0,13.0,9.25],"faces":{"east":{"uv":[4.0,5.0,8.0,10.0],"texture":"#0","tintindex":0},"south":{"uv":[8.0,0.0,12.0,5.0],"texture":"#0","tintindex":0},"north":{"uv":[0.0,5.0,4.0,10.0],"texture":"#0","tintindex":0},"west":{"uv":[8.0,5.0,12.0,10.0],"texture":"#0","tintindex":0},"up":{"uv":[4.0,14.0,0.0,10.0],"texture":"#0","tintindex":0},"down":{"uv":[8.0,10.0,4.0,14.0],"texture":"#0","tintindex":0}}},{"from":[8.0,3.0,6.75],"to":[8.0,8.0,10.75],"faces":{"east":{"uv":[0.0,0.0,4.0,5.0],"texture":"#0","tintindex":0},"west":{"uv":[4.0,0.0,0.0,5.0],"texture":"#0","tintindex":0}}}],"textures":{"particle":"#0","0":"modelengine:b37a1601-c6ac-4a2f-aa15-8fefad113598"}}