{"display":{"head":{},"firstperson_righthand":{},"thirdperson_lefthand":{},"firstperson_lefthand":{},"fixed":{},"ground":{},"thirdperson_righthand":{},"gui":{"rotation":[-150.0,-45.0,180.0]}},"elements":[{"from":[6.5,8.0,6.5],"to":[9.5,22.0,9.5],"faces":{"east":{"uv":[7.0,7.0,8.5,14.0],"texture":"#1","tintindex":0},"south":{"uv":[0.0,8.0,1.5,15.0],"texture":"#1","tintindex":0},"north":{"uv":[5.5,7.0,7.0,14.0],"texture":"#1","tintindex":0},"west":{"uv":[1.5,8.0,3.0,15.0],"texture":"#1","tintindex":0},"up":{"uv":[15.0,3.0,13.5,1.5],"texture":"#1","tintindex":0},"down":{"uv":[15.0,3.0,13.5,4.5],"texture":"#1","tintindex":0}}}],"textures":{"particle":"#1","1":"modelengine:b82cda65-6da2-4959-8037-532e916d14c7"}}