{"display":{"head":{},"firstperson_righthand":{},"thirdperson_lefthand":{},"firstperson_lefthand":{},"fixed":{},"ground":{},"thirdperson_righthand":{},"gui":{"rotation":[-150.0,-45.0,180.0]}},"elements":[{"from":[7.0,7.0,7.0],"to":[9.0,9.0,9.0],"faces":{"east":{"uv":[0.0,2.0,2.0,4.0],"texture":"#1","tintindex":0},"south":{"uv":[2.0,0.0,4.0,2.0],"texture":"#1","tintindex":0},"north":{"uv":[0.0,0.0,2.0,2.0],"texture":"#1","tintindex":0},"west":{"uv":[2.0,2.0,4.0,4.0],"texture":"#1","tintindex":0},"up":{"uv":[2.0,6.0,0.0,4.0],"texture":"#1","tintindex":0},"down":{"uv":[6.0,0.0,4.0,2.0],"texture":"#1","tintindex":0}}}],"textures":{"particle":"#1","1":"modelengine:c5d4801e-7b4d-43ff-af53-5b727e9bbdc2"}}