{"display":{"head":{},"firstperson_righthand":{},"thirdperson_lefthand":{},"firstperson_lefthand":{},"fixed":{},"ground":{},"thirdperson_righthand":{},"gui":{"rotation":[-150.0,-45.0,180.0]}},"elements":[{"from":[-9.75,8.0,-9.75],"to":[25.75,8.0,25.75],"faces":{"east":{"uv":[0.0,0.0,64.0,64.0],"texture":"#5","tintindex":0},"south":{"uv":[0.0,0.0,64.0,64.0],"texture":"#5","tintindex":0},"north":{"uv":[0.0,0.0,64.0,64.0],"texture":"#5","tintindex":0},"west":{"uv":[0.0,0.0,64.0,64.0],"texture":"#5","tintindex":0},"up":{"uv":[0.0,0.0,16.0,16.0],"texture":"#5","tintindex":0},"down":{"uv":[0.0,16.0,16.0,0.0],"texture":"#5","tintindex":0}}}],"textures":{"particle":"#5","5":"modelengine:b5e2368e-3a78-43b7-87c2-5cb055c4a638"}}