{"display":{"head":{},"firstperson_righthand":{},"thirdperson_lefthand":{},"firstperson_lefthand":{},"fixed":{},"ground":{},"thirdperson_righthand":{},"gui":{"rotation":[-150.0,-45.0,180.0]}},"elements":[{"from":[6.8768997,1.7626457,7.125412],"to":[7.5,3.0088463,8.371613],"rotation":{"origin":[17.18845,-1.6787167,5.1128745],"axis":"x","angle":-45.0},"faces":{"east":{"uv":[12.0,12.0,12.5,11.5],"texture":"#1","rotation":270,"tintindex":0},"south":{"uv":[12.0,11.75,12.5,12.0],"texture":"#1","rotation":270,"tintindex":0},"north":{"uv":[12.5,11.5,12.0,11.75],"texture":"#1","rotation":90,"tintindex":0},"west":{"uv":[12.0,11.5,12.5,12.0],"texture":"#1","rotation":270,"tintindex":0},"up":{"uv":[12.25,11.5,12.5,12.0],"texture":"#1","tintindex":0},"down":{"uv":[12.0,11.5,12.25,12.0],"texture":"#1","rotation":180,"tintindex":0}}},{"from":[6.8768997,-0.10665321,3.3868122],"to":[7.5,0.5164461,8.994712],"rotation":{"origin":[17.18845,-1.6787167,5.1128745],"axis":"x","angle":-45.0},"faces":{"east":{"uv":[11.25,12.25,11.5,10.0],"texture":"#1","rotation":270,"tintindex":0},"south":{"uv":[11.25,12.0,11.5,12.25],"texture":"#1","rotation":270,"tintindex":0},"north":{"uv":[11.5,10.0,11.25,10.25],"texture":"#1","rotation":90,"tintindex":0},"west":{"uv":[11.25,10.0,11.5,12.25],"texture":"#1","rotation":270,"tintindex":0},"up":{"uv":[11.25,10.0,11.5,12.25],"texture":"#1","tintindex":0},"down":{"uv":[11.25,10.0,11.5,12.25],"texture":"#1","rotation":180,"tintindex":0}}},{"from":[6.8768997,4.255046,2.1406116],"to":[7.5,4.878146,6.5023117],"rotation":{"origin":[17.18845,-1.6787167,5.1128745],"axis":"x","angle":-45.0},"faces":{"east":{"uv":[13.0,11.25,13.25,9.5],"texture":"#1","rotation":270,"tintindex":0},"south":{"uv":[13.0,11.0,13.25,11.25],"texture":"#1","rotation":270,"tintindex":0},"north":{"uv":[13.25,9.5,13.0,9.75],"texture":"#1","rotation":90,"tintindex":0},"west":{"uv":[13.0,9.5,13.25,11.25],"texture":"#1","rotation":270,"tintindex":0},"up":{"uv":[13.0,9.5,13.25,11.25],"texture":"#1","tintindex":0},"down":{"uv":[13.0,9.5,13.25,11.25],"texture":"#1","rotation":180,"tintindex":0}}},{"from":[6.8768997,3.0088463,7.125412],"to":[7.5,3.6319466,7.7485123],"rotation":{"origin":[17.18845,-1.6787167,5.1128745],"axis":"x","angle":-45.0},"faces":{"east":{"uv":[12.5,11.75,12.75,11.5],"texture":"#1","rotation":270,"tintindex":0},"south":{"uv":[12.5,11.5,12.75,11.75],"texture":"#1","rotation":270,"tintindex":0},"north":{"uv":[12.75,11.5,12.5,11.75],"texture":"#1","rotation":90,"tintindex":0},"west":{"uv":[12.5,11.5,12.75,11.75],"texture":"#1","rotation":270,"tintindex":0},"up":{"uv":[12.5,11.5,12.75,11.75],"texture":"#1","tintindex":0},"down":{"uv":[12.5,11.5,12.75,11.75],"texture":"#1","rotation":180,"tintindex":0}}},{"from":[6.8768997,-0.7297535,8.371613],"to":[7.5,-0.10665321,8.994712],"rotation":{"origin":[17.18845,-1.6787167,5.1128745],"axis":"x","angle":-45.0},"faces":{"east":{"uv":[11.0,12.25,11.25,12.0],"texture":"#1","rotation":270,"tintindex":0},"south":{"uv":[11.0,12.0,11.25,12.25],"texture":"#1","rotation":270,"tintindex":0},"north":{"uv":[11.25,12.0,11.0,12.25],"texture":"#1","rotation":90,"tintindex":0},"west":{"uv":[11.0,12.0,11.25,12.25],"texture":"#1","rotation":270,"tintindex":0},"up":{"uv":[11.0,12.0,11.25,12.25],"texture":"#1","tintindex":0},"down":{"uv":[11.0,12.0,11.25,12.25],"texture":"#1","rotation":180,"tintindex":0}}},{"from":[6.8768997,4.878146,2.763712],"to":[7.5,5.5012465,5.256112],"rotation":{"origin":[17.18845,-1.6787167,5.1128745],"axis":"x","angle":-45.0},"faces":{"east":{"uv":[13.25,10.75,13.5,9.75],"texture":"#1","rotation":270,"tintindex":0},"south":{"uv":[13.25,10.5,13.5,10.75],"texture":"#1","rotation":270,"tintindex":0},"north":{"uv":[13.5,9.75,13.25,10.0],"texture":"#1","rotation":90,"tintindex":0},"west":{"uv":[13.25,9.75,13.5,10.75],"texture":"#1","rotation":270,"tintindex":0},"up":{"uv":[13.25,9.75,13.5,10.75],"texture":"#1","tintindex":0},"down":{"uv":[13.25,9.75,13.5,10.75],"texture":"#1","rotation":180,"tintindex":0}}},{"from":[6.8768997,-1.975954,4.633012],"to":[7.5,-1.3528538,8.371613],"rotation":{"origin":[17.18845,-1.6787167,5.1128745],"axis":"x","angle":-45.0},"faces":{"east":{"uv":[10.5,12.0,10.75,10.5],"texture":"#1","rotation":270,"tintindex":0},"south":{"uv":[10.5,11.75,10.75,12.0],"texture":"#1","rotation":270,"tintindex":0},"north":{"uv":[10.75,10.5,10.5,10.75],"texture":"#1","rotation":90,"tintindex":0},"west":{"uv":[10.5,10.5,10.75,12.0],"texture":"#1","rotation":270,"tintindex":0},"up":{"uv":[10.5,10.5,10.75,12.0],"texture":"#1","tintindex":0},"down":{"uv":[10.5,10.5,10.75,12.0],"texture":"#1","rotation":180,"tintindex":0}}},{"from":[6.8768997,-2.5990543,5.879212],"to":[7.5,-1.975954,7.125412],"rotation":{"origin":[17.18845,-1.6787167,5.1128745],"axis":"x","angle":-45.0},"faces":{"east":{"uv":[10.25,11.5,10.5,11.0],"texture":"#1","rotation":270,"tintindex":0},"south":{"uv":[10.25,11.25,10.5,11.5],"texture":"#1","rotation":270,"tintindex":0},"north":{"uv":[10.5,11.0,10.25,11.25],"texture":"#1","rotation":90,"tintindex":0},"west":{"uv":[10.25,11.0,10.5,11.5],"texture":"#1","rotation":270,"tintindex":0},"up":{"uv":[10.25,11.0,10.5,11.5],"texture":"#1","tintindex":0},"down":{"uv":[10.25,11.0,10.5,11.5],"texture":"#1","rotation":180,"tintindex":0}}},{"from":[6.8768997,1.7626457,1.5175118],"to":[7.5,4.255046,7.125412],"rotation":{"origin":[17.18845,-1.6787167,5.1128745],"axis":"x","angle":-45.0},"faces":{"east":{"uv":[12.0,11.5,13.0,9.25],"texture":"#1","rotation":270,"tintindex":0},"south":{"uv":[12.0,11.25,13.0,11.5],"texture":"#1","rotation":270,"tintindex":0},"north":{"uv":[13.0,9.25,12.0,9.5],"texture":"#1","rotation":90,"tintindex":0},"west":{"uv":[12.0,9.25,13.0,11.5],"texture":"#1","rotation":270,"tintindex":0},"up":{"uv":[12.75,9.25,13.0,11.5],"texture":"#1","tintindex":0},"down":{"uv":[12.0,9.25,12.25,11.5],"texture":"#1","rotation":180,"tintindex":0}}},{"from":[6.01,2.0,4.0],"to":[10.01,8.0,8.0],"faces":{"east":{"uv":[4.0,6.5,5.0,8.0],"texture":"#3","tintindex":0},"south":{"uv":[5.0,6.5,6.0,8.0],"texture":"#3","tintindex":0},"north":{"uv":[3.0,6.5,4.0,8.0],"texture":"#3","tintindex":0},"west":{"uv":[6.0,6.5,7.0,8.0],"texture":"#3","tintindex":0},"up":{"uv":[9.0,5.5,8.0,4.5],"texture":"#3","tintindex":0},"down":{"uv":[6.0,8.0,5.0,9.0],"texture":"#3","tintindex":0}}},{"from":[6.8768997,1.1395464,2.1406116],"to":[7.5,1.7626457,8.994712],"rotation":{"origin":[17.18845,-1.6787167,5.1128745],"axis":"x","angle":-45.0},"faces":{"east":{"uv":[11.75,12.25,12.0,9.5],"texture":"#1","rotation":270,"tintindex":0},"south":{"uv":[11.75,12.0,12.0,12.25],"texture":"#1","rotation":270,"tintindex":0},"north":{"uv":[12.0,9.5,11.75,9.75],"texture":"#1","rotation":90,"tintindex":0},"west":{"uv":[11.75,9.5,12.0,12.25],"texture":"#1","rotation":270,"tintindex":0},"up":{"uv":[11.75,9.5,12.0,12.25],"texture":"#1","tintindex":0},"down":{"uv":[11.75,9.5,12.0,12.25],"texture":"#1","rotation":180,"tintindex":0}}},{"from":[6.8768997,-1.3528538,4.009912],"to":[7.5,-0.10665321,8.371613],"rotation":{"origin":[17.18845,-1.6787167,5.1128745],"axis":"x","angle":-45.0},"faces":{"east":{"uv":[10.75,12.0,11.25,10.25],"texture":"#1","rotation":270,"tintindex":0},"south":{"uv":[10.75,11.75,11.25,12.0],"texture":"#1","rotation":270,"tintindex":0},"north":{"uv":[11.25,10.25,10.75,10.5],"texture":"#1","rotation":90,"tintindex":0},"west":{"uv":[10.75,10.25,11.25,12.0],"texture":"#1","rotation":270,"tintindex":0},"up":{"uv":[11.0,10.25,11.25,12.0],"texture":"#1","tintindex":0},"down":{"uv":[10.75,10.25,11.0,12.0],"texture":"#1","rotation":180,"tintindex":0}}},{"from":[6.8768997,0.5164461,2.763712],"to":[7.5,1.1395464,8.994712],"rotation":{"origin":[17.18845,-1.6787167,5.1128745],"axis":"x","angle":-45.0},"faces":{"east":{"uv":[11.5,12.25,11.75,9.75],"texture":"#1","rotation":270,"tintindex":0},"south":{"uv":[11.5,12.0,11.75,12.25],"texture":"#1","rotation":270,"tintindex":0},"north":{"uv":[11.75,9.75,11.5,10.0],"texture":"#1","rotation":90,"tintindex":0},"west":{"uv":[11.5,9.75,11.75,12.25],"texture":"#1","rotation":270,"tintindex":0},"up":{"uv":[11.5,9.75,11.75,12.25],"texture":"#1","tintindex":0},"down":{"uv":[11.5,9.75,11.75,12.25],"texture":"#1","rotation":180,"tintindex":0}}}],"textures":{"particle":"#1","1":"modelengine:db83bf00-cda4-4bf8-822b-e47d3328fe8b","3":"modelengine:499ea814-2d6e-4edc-92a2-4299ade7e7c2"}}