{"display":{"head":{},"firstperson_righthand":{},"thirdperson_lefthand":{},"firstperson_lefthand":{},"fixed":{},"ground":{},"thirdperson_righthand":{},"gui":{"rotation":[-150.0,-45.0,180.0]}},"elements":[{"from":[8.0,8.0,4.5],"to":[8.0,24.0,11.5],"faces":{"east":{"uv":[7.3333335,5.3333335,9.666667,10.666667],"texture":"#1","tintindex":0},"west":{"uv":[8.0,0.0,10.333334,5.3333335],"texture":"#1","tintindex":0}}}],"textures":{"particle":"#1","1":"modelengine:237b3ded-16a9-4087-9307-8658be1c8d44"}}