{"display":{"head":{},"firstperson_righthand":{},"thirdperson_lefthand":{},"firstperson_lefthand":{},"fixed":{},"ground":{},"thirdperson_righthand":{},"gui":{"rotation":[-150.0,-45.0,180.0]}},"elements":[{"from":[5.5,5.5,5.5],"to":[10.5,10.5,10.5],"faces":{"east":{"uv":[8.5,7.5,11.0,10.0],"texture":"#1","tintindex":0},"south":{"uv":[8.5,7.5,11.0,10.0],"texture":"#1","tintindex":0},"north":{"uv":[8.5,7.5,11.0,10.0],"texture":"#1","tintindex":0},"west":{"uv":[8.5,7.5,11.0,10.0],"texture":"#1","tintindex":0},"up":{"uv":[11.0,12.5,8.5,10.0],"texture":"#1","tintindex":0},"down":{"uv":[13.5,0.0,11.0,2.5],"texture":"#1","tintindex":0}}}],"textures":{"particle":"#1","1":"modelengine:b82cda65-6da2-4959-8037-532e916d14c7"}}