{"parent":"jukebox_open","display":{"thirdperson_righthand":{"rotation":[3.19,27.98,-12.68],"translation":[0.0,1.0,0.0],"scale":[0.12695,0.12695,0.12695]},"thirdperson_lefthand":{"rotation":[3.19,27.98,-12.68],"translation":[0.0,1.0,0.0],"scale":[0.12695,0.12695,0.12695]},"firstperson_righthand":{"rotation":[-180.0,56.75,-180.0],"translation":[0.0,2.75,0.0],"scale":[0.31445,0.31445,0.31445]},"firstperson_lefthand":{"rotation":[-180.0,56.75,-180.0],"translation":[0.0,2.75,0.0],"scale":[0.31445,0.31445,0.31445]},"ground":{"translation":[0.0,4.25,0.0],"scale":[0.41602,0.41602,0.41602]},"gui":{"rotation":[-140.43,-61.72,-152.98],"translation":[0.75,-2.0,0.0],"scale":[0.45898,0.45898,0.45898]},"fixed":{"translation":[0.0,-5.0,-16.0],"scale":[1.37891,1.37891,1.37891]}},"elements":[{"from":[6.0,0.0,-5.0],"to":[10.0,4.0,-3.0],"rotation":{"origin":[-2.0,0.0,-10.0],"axis":"y","angle":0.0},"faces":{"north":{"uv":[5.75,3.125,6.25,3.625],"texture":"#2"},"east":{"uv":[5.625,5.75,5.875,6.25],"texture":"#2"},"south":{"uv":[3.625,5.75,4.125,6.25],"texture":"#2"},"west":{"uv":[0.0,5.875,0.25,6.375],"texture":"#2"},"up":{"uv":[0.75,6.125,0.25,5.875],"texture":"#2"},"down":{"uv":[1.25,5.875,0.75,6.125],"texture":"#2"}}},{"from":[-2.25,3.0,-1.0],"to":[0.75,6.0,2.0],"rotation":{"origin":[-3.25,0.0,-10.0],"axis":"y","angle":0.0},"faces":{"north":{"uv":[5.75,3.875,6.125,4.25],"texture":"#2"},"east":{"uv":[4.125,5.75,4.5,6.125],"texture":"#2"},"south":{"uv":[4.5,5.75,4.875,6.125],"texture":"#2"},"west":{"uv":[5.75,4.5,6.125,4.875],"texture":"#2"},"up":{"uv":[5.25,6.125,4.875,5.75],"texture":"#2"},"down":{"uv":[5.625,5.75,5.25,6.125],"texture":"#2"}}},{"from":[-3.0,0.0,-3.0],"to":[20.0,4.0,17.0],"rotation":{"origin":[-2.0,0.0,3.0],"axis":"y","angle":0.0},"faces":{"north":{"uv":[2.875,4.5,5.75,5.0],"texture":"#2"},"east":{"uv":[2.875,5.0,5.375,5.5],"texture":"#2"},"south":{"uv":[0.0,5.0,2.875,5.5],"texture":"#2"},"west":{"uv":[5.375,5.0,7.875,5.5],"texture":"#2"},"up":{"uv":[2.875,2.5,0.0,0.0],"texture":"#2"},"down":{"uv":[2.875,2.5,0.0,5.0],"texture":"#2"}}},{"from":[3.52566,5.8,0.77801],"to":[5.52566,6.8,13.77801],"rotation":{"origin":[4.56079,5.8,8.0817],"axis":"y","angle":-45.0},"faces":{"north":{"uv":[5.75,4.875,6.0,5.0],"texture":"#2"},"east":{"uv":[5.75,3.625,7.375,3.75],"texture":"#2"},"south":{"uv":[6.0,4.875,6.25,5.0],"texture":"#2"},"west":{"uv":[5.75,3.75,7.375,3.875],"texture":"#2"},"up":{"uv":[5.75,4.25,5.5,2.625],"texture":"#2"},"down":{"uv":[3.125,5.5,2.875,7.125],"texture":"#2"}}},{"from":[3.52566,3.8,13.77801],"to":[5.52566,6.8,15.77801],"rotation":{"origin":[4.56079,5.8,8.0817],"axis":"y","angle":-45.0},"faces":{"north":{"uv":[1.25,5.875,1.5,6.25],"texture":"#2"},"east":{"uv":[1.5,5.875,1.75,6.25],"texture":"#2"},"south":{"uv":[1.75,5.875,2.0,6.25],"texture":"#2"},"west":{"uv":[2.0,5.875,2.25,6.25],"texture":"#2"},"up":{"uv":[6.25,5.75,6.0,5.5],"texture":"#2"},"down":{"uv":[0.75,6.125,0.5,6.375],"texture":"#2"}}},{"from":[3.69593,5.0,0.98539],"to":[5.49593,5.8,1.78539],"rotation":{"origin":[4.56079,5.8,8.0817],"axis":"y","angle":-45.0},"faces":{"north":{"uv":[4.75,6.125,5.0,6.25],"texture":"#2"},"east":{"uv":[5.5,6.125,5.625,6.25],"texture":"#2"},"south":{"uv":[5.0,6.125,5.25,6.25],"texture":"#2"},"west":{"uv":[5.875,6.125,6.0,6.25],"texture":"#2"},"up":{"uv":[5.5,6.25,5.25,6.125],"texture":"#2"},"down":{"uv":[6.375,5.75,6.125,5.875],"texture":"#2"}}},{"from":[0.7,4.7,-2.05],"to":[19.3,5.3,16.55],"rotation":{"origin":[-3.5,4.5,3.75],"axis":"y","angle":0.0},"faces":{"north":{"uv":[0.84211,16.0,0.0,15.15789],"texture":"#1"},"east":{"uv":[1.26316,16.0,0.0,14.31579],"texture":"#1"},"south":{"uv":[1.26316,16.0,0.0,14.31579],"texture":"#1"},"west":{"uv":[1.26316,16.0,0.0,14.31579],"texture":"#1"},"up":{"uv":[16.0,16.0,0.0,0.0],"texture":"#1"},"down":{"uv":[16.0,16.0,0.0,0.0],"texture":"#1"}}},{"from":[4.7,4.7,-2.05],"to":[15.3,5.3,-0.45],"rotation":{"origin":[-6.5,4.5,3.75],"axis":"y","angle":0.0},"faces":{"north":{"uv":[2.0,16.0,0.625,15.875],"texture":"#2"},"east":{"uv":[2.0,16.0,0.625,15.875],"texture":"#2"},"south":{"uv":[2.0,16.0,0.625,15.875],"texture":"#2"},"west":{"uv":[2.0,16.0,0.625,15.875],"texture":"#2"},"up":{"uv":[2.125,15.75,0.75,15.625],"texture":"#2"},"down":{"uv":[2.125,15.625,0.75,15.5],"texture":"#2"}}},{"from":[4.7,4.7,15.2],"to":[15.3,5.3,16.8],"rotation":{"origin":[-6.5,4.5,11.0],"axis":"y","angle":0.0},"faces":{"north":{"uv":[0.625,16.0,2.0,15.875],"texture":"#2"},"east":{"uv":[0.625,16.0,2.0,15.875],"texture":"#2"},"south":{"uv":[0.625,16.0,2.0,15.875],"texture":"#2"},"west":{"uv":[0.625,16.0,2.0,15.875],"texture":"#2"},"up":{"uv":[2.125,15.625,0.75,15.75],"texture":"#2"},"down":{"uv":[2.125,15.5,0.75,15.625],"texture":"#2"}}},{"from":[17.7,4.7,2.2],"to":[19.3,5.3,12.8],"rotation":{"origin":[18.5,5.0,7.5],"axis":"y","angle":0.0},"faces":{"north":{"uv":[2.0,16.0,0.625,15.875],"texture":"#2"},"east":{"uv":[2.0,16.0,0.625,15.875],"texture":"#2"},"south":{"uv":[2.0,16.0,0.625,15.875],"texture":"#2"},"west":{"uv":[2.0,16.0,0.625,15.875],"texture":"#2"},"up":{"uv":[2.125,15.75,0.75,15.625],"texture":"#2","rotation":90},"down":{"uv":[2.125,15.625,0.75,15.5],"texture":"#2","rotation":270}}},{"from":[0.7,4.7,1.7],"to":[2.3,5.3,12.3],"rotation":{"origin":[1.5,5.0,7.0],"axis":"y","angle":0.0},"faces":{"north":{"uv":[0.625,16.0,2.0,15.875],"texture":"#2"},"east":{"uv":[0.625,16.0,2.0,15.875],"texture":"#2"},"south":{"uv":[0.625,16.0,2.0,15.875],"texture":"#2"},"west":{"uv":[0.625,16.0,2.0,15.875],"texture":"#2"},"up":{"uv":[2.125,15.625,0.75,15.75],"texture":"#2","rotation":90},"down":{"uv":[2.125,15.5,0.75,15.625],"texture":"#2","rotation":270}}},{"from":[3.7,4.7,-1.1],"to":[16.3,5.3,0.5],"rotation":{"origin":[-5.5,4.5,4.7],"axis":"y","angle":0.0},"faces":{"north":{"uv":[2.0,16.0,0.625,15.875],"texture":"#2"},"east":{"uv":[2.0,16.0,0.625,15.875],"texture":"#2"},"south":{"uv":[2.0,16.0,0.625,15.875],"texture":"#2"},"west":{"uv":[2.0,16.0,0.625,15.875],"texture":"#2"},"up":{"uv":[2.125,15.75,0.75,15.625],"texture":"#2"},"down":{"uv":[2.125,15.625,0.75,15.5],"texture":"#2"}}},{"from":[2.7,4.7,-0.1],"to":[17.3,5.3,1.5],"rotation":{"origin":[-5.5,4.5,5.7],"axis":"y","angle":0.0},"faces":{"north":{"uv":[2.0,16.0,0.625,15.875],"texture":"#2"},"east":{"uv":[2.0,16.0,0.625,15.875],"texture":"#2"},"south":{"uv":[2.0,16.0,0.625,15.875],"texture":"#2"},"west":{"uv":[2.0,16.0,0.625,15.875],"texture":"#2"},"up":{"uv":[2.125,15.75,0.75,15.625],"texture":"#2"},"down":{"uv":[2.125,15.625,0.75,15.5],"texture":"#2"}}},{"from":[1.7,4.7,0.9],"to":[18.3,5.3,2.5],"rotation":{"origin":[-5.5,4.5,6.7],"axis":"y","angle":0.0},"faces":{"north":{"uv":[2.0,16.0,0.625,15.875],"texture":"#2"},"east":{"uv":[2.0,16.0,0.625,15.875],"texture":"#2"},"south":{"uv":[2.0,16.0,0.625,15.875],"texture":"#2"},"west":{"uv":[2.0,16.0,0.625,15.875],"texture":"#2"},"up":{"uv":[2.125,15.75,0.75,15.625],"texture":"#2"},"down":{"uv":[2.125,15.625,0.75,15.5],"texture":"#2"}}},{"from":[1.7,4.7,12.0],"to":[18.3,5.3,13.6],"rotation":{"origin":[-5.5,4.5,7.8],"axis":"y","angle":0.0},"faces":{"north":{"uv":[0.625,16.0,2.0,15.875],"texture":"#2"},"east":{"uv":[0.625,16.0,2.0,15.875],"texture":"#2"},"south":{"uv":[0.625,16.0,2.0,15.875],"texture":"#2"},"west":{"uv":[0.625,16.0,2.0,15.875],"texture":"#2"},"up":{"uv":[2.125,15.625,0.75,15.75],"texture":"#2"},"down":{"uv":[2.125,15.5,0.75,15.625],"texture":"#2"}}},{"from":[2.7,4.7,13.0],"to":[17.3,5.3,14.6],"rotation":{"origin":[-5.5,4.5,8.8],"axis":"y","angle":0.0},"faces":{"north":{"uv":[0.625,16.0,2.0,15.875],"texture":"#2"},"east":{"uv":[0.625,16.0,2.0,15.875],"texture":"#2"},"south":{"uv":[0.625,16.0,2.0,15.875],"texture":"#2"},"west":{"uv":[0.625,16.0,2.0,15.875],"texture":"#2"},"up":{"uv":[2.125,15.625,0.75,15.75],"texture":"#2"},"down":{"uv":[2.125,15.5,0.75,15.625],"texture":"#2"}}},{"from":[3.7,4.7,14.0],"to":[16.3,5.3,15.6],"rotation":{"origin":[-5.5,4.5,9.8],"axis":"y","angle":0.0},"faces":{"north":{"uv":[0.625,16.0,2.0,15.875],"texture":"#2"},"east":{"uv":[0.625,16.0,2.0,15.875],"texture":"#2"},"south":{"uv":[0.625,16.0,2.0,15.875],"texture":"#2"},"west":{"uv":[0.625,16.0,2.0,15.875],"texture":"#2"},"up":{"uv":[2.125,15.625,0.75,15.75],"texture":"#2"},"down":{"uv":[2.125,15.5,0.75,15.625],"texture":"#2"}}},{"from":[9.2,3.95,6.45],"to":[10.8,6.55,8.05],"rotation":{"origin":[-6.5,4.5,3.75],"axis":"y","angle":0.0},"faces":{"north":{"uv":[2.25,5.875,2.5,6.25],"texture":"#2"},"east":{"uv":[2.5,5.875,2.75,6.25],"texture":"#2"},"south":{"uv":[5.875,5.75,6.125,6.125],"texture":"#2"},"west":{"uv":[0.25,6.125,0.5,6.5],"texture":"#2"},"up":{"uv":[1.0,6.375,0.75,6.125],"texture":"#2"},"down":{"uv":[1.25,6.125,1.0,6.375],"texture":"#2"}}},{"from":[-2.0,5.0,18.9],"to":[19.0,23.0,19.9],"rotation":{"origin":[9.0,4.0,16.9],"axis":"y","angle":0.0},"faces":{"north":{"uv":[5.5,2.25,2.875,0.0],"texture":"#2"},"east":{"uv":[5.75,2.875,8.0,3.0],"texture":"#2","rotation":270},"south":{"uv":[5.5,2.25,2.875,0.0],"texture":"#2"},"west":{"uv":[5.75,3.0,8.0,3.125],"texture":"#2","rotation":90},"up":{"uv":[5.75,2.625,8.375,2.75],"texture":"#2","rotation":180},"down":{"uv":[5.75,2.75,8.375,2.875],"texture":"#2"}}},{"from":[-3.0,5.0,16.9],"to":[-2.0,23.0,19.9],"rotation":{"origin":[9.0,4.0,16.9],"axis":"y","angle":0.0},"faces":{"north":{"uv":[3.375,5.75,3.25,8.0],"texture":"#2","rotation":180},"east":{"uv":[5.5,1.5,7.75,1.875],"texture":"#2","rotation":90},"south":{"uv":[3.25,8.0,3.125,5.75],"texture":"#2"},"west":{"uv":[5.5,1.5,7.75,1.875],"texture":"#2","rotation":90},"up":{"uv":[2.75,5.875,2.875,6.25],"texture":"#2","rotation":180},"down":{"uv":[6.125,3.875,6.25,4.25],"texture":"#2"}}},{"from":[-3.0,4.0,16.9],"to":[20.0,5.0,19.9],"rotation":{"origin":[9.0,4.0,16.9],"axis":"y","angle":0.0},"faces":{"north":{"uv":[8.375,4.25,5.5,4.375],"texture":"#2","rotation":180},"east":{"uv":[4.125,6.125,4.25,6.5],"texture":"#2","rotation":270},"south":{"uv":[6.0,5.625,3.125,5.5],"texture":"#2"},"west":{"uv":[4.25,6.125,4.375,6.5],"texture":"#2","rotation":90},"up":{"uv":[0.0,5.5,2.875,5.875],"texture":"#2","rotation":180},"down":{"uv":[5.5,0.0,8.375,0.375],"texture":"#2"}}},{"from":[19.0,5.0,16.9],"to":[20.0,23.0,19.9],"rotation":{"origin":[9.0,4.0,16.9],"axis":"y","angle":0.0},"faces":{"north":{"uv":[3.625,5.75,3.5,8.0],"texture":"#2","rotation":180},"east":{"uv":[5.5,1.875,7.75,2.25],"texture":"#2","rotation":270},"south":{"uv":[3.5,8.0,3.375,5.75],"texture":"#2"},"west":{"uv":[5.5,1.875,7.75,2.25],"texture":"#2","rotation":270},"up":{"uv":[4.375,6.125,4.5,6.5],"texture":"#2","rotation":180},"down":{"uv":[4.5,6.125,4.625,6.5],"texture":"#2"}}},{"from":[-3.0,23.0,16.9],"to":[20.0,24.0,19.9],"rotation":{"origin":[9.0,4.0,16.9],"axis":"y","angle":0.0},"faces":{"north":{"uv":[6.0,5.625,3.125,5.75],"texture":"#2","rotation":180},"east":{"uv":[6.125,4.5,6.25,4.875],"texture":"#2","rotation":270},"south":{"uv":[8.375,4.5,5.5,4.375],"texture":"#2"},"west":{"uv":[4.625,6.125,4.75,6.5],"texture":"#2","rotation":90},"up":{"uv":[5.5,0.375,8.375,0.75],"texture":"#2","rotation":180},"down":{"uv":[5.5,0.375,8.375,0.75],"texture":"#2","rotation":180}}}],"textures":{"particle":"6a25cf1d-c180-4f23-ba56-55cb3de81ab5","1":"6a25cf1d-c180-4f23-ba56-55cb3de81ab5","2":"3d0719ca-96fe-4268-95f1-62aaa637f9d3"}}