{"display":{"thirdperson_righthand":{"rotation":[180.0,0.0,-90.0],"translation":[9.0,7.0,4.0],"scale":[1.2,1.2,1.2]},"thirdperson_lefthand":{"rotation":[180.0,0.0,90.0],"translation":[-9.738,7.0,4.5],"scale":[1.2,1.2,1.2]},"firstperson_righthand":{"rotation":[0.0,180.0,90.0],"translation":[13.217,7.6521,0.0]},"firstperson_lefthand":{"rotation":[180.0,0.0,90.0],"translation":[-1.391,7.6521,-0.695]},"gui":{"rotation":[90.0,50.0,0.0],"translation":[-0.695,2.5,-6.0],"scale":[0.6,1.0E-4,0.45]},"ground":{"translation":[5.0,6.0,-3.0],"scale":[1.2,1.2,1.2]},"fixed":{"rotation":[90.0,45.0,0.0],"translation":[-2.0,5.0,6.2608]}},"elements":[{"from":[-12.25,0.0,10.0],"to":[-9.0,0.25,11.0],"faces":{"down":{"uv":[0.0,11.75,1.625,12.25],"texture":"#voxels_atlas"},"up":{"uv":[0.0,12.75,1.625,12.25],"texture":"#voxels_atlas"},"north":{"uv":[10.5,12.5,8.875,12.625],"texture":"#voxels_atlas"},"south":{"uv":[6.75,8.125,8.375,8.25],"texture":"#voxels_atlas"},"west":{"uv":[15.5,15.375,16.0,15.5],"texture":"#voxels_atlas"},"east":{"uv":[16.0,15.25,15.5,15.375],"texture":"#voxels_atlas"}}},{"from":[-12.0,-0.25,10.0],"to":[-9.25,0.0,10.75],"faces":{"down":{"uv":[0.0,9.875,1.375,10.25],"texture":"#voxels_atlas"},"up":{"uv":[0.0,9.125,1.375,8.75],"texture":"#voxels_atlas"},"north":{"uv":[13.25,12.125,11.875,12.25],"texture":"#voxels_atlas"},"south":{"uv":[10.5,12.125,11.875,12.25],"texture":"#voxels_atlas"},"west":{"uv":[3.125,10.875,3.5,11.0],"texture":"#voxels_atlas"},"east":{"uv":[3.5,10.75,3.125,10.875],"texture":"#voxels_atlas"}}},{"from":[-12.0,-0.25,10.75],"to":[-10.25,0.0,11.0],"faces":{"down":{"uv":[13.0,11.875,13.875,12.0],"texture":"#voxels_atlas"},"up":{"uv":[12.125,12.0,13.0,11.875],"texture":"#voxels_atlas"},"north":{"uv":[11.75,10.125,10.875,10.25],"texture":"#voxels_atlas"},"south":{"uv":[8.0,9.125,8.875,9.25],"texture":"#voxels_atlas"},"west":{"uv":[3.375,13.0,3.5,13.125],"texture":"#voxels_atlas"},"east":{"uv":[3.5,12.5,3.375,12.625],"texture":"#voxels_atlas"}}},{"from":[-12.0,0.0,9.75],"to":[-9.25,0.25,10.0],"faces":{"down":{"uv":[10.5,12.25,11.875,12.375],"texture":"#voxels_atlas"},"up":{"uv":[14.625,14.0,16.0,13.875],"texture":"#voxels_atlas"},"north":{"uv":[16.0,14.0,14.625,14.125],"texture":"#voxels_atlas"},"south":{"uv":[14.625,14.125,16.0,14.25],"texture":"#voxels_atlas"},"west":{"uv":[3.375,12.125,3.5,12.25],"texture":"#voxels_atlas"},"east":{"uv":[3.5,11.75,3.375,11.875],"texture":"#voxels_atlas"}}},{"from":[-12.0,0.0,11.0],"to":[-10.25,0.25,11.25],"faces":{"down":{"uv":[8.0,9.25,8.875,9.375],"texture":"#voxels_atlas"},"up":{"uv":[8.0,9.5,8.875,9.375],"texture":"#voxels_atlas"},"north":{"uv":[14.0,12.0,13.125,12.125],"texture":"#voxels_atlas"},"south":{"uv":[8.0,9.5,8.875,9.625],"texture":"#voxels_atlas"},"west":{"uv":[3.375,11.375,3.5,11.5],"texture":"#voxels_atlas"},"east":{"uv":[3.5,11.0,3.375,11.125],"texture":"#voxels_atlas"}}},{"from":[-12.0,0.25,10.0],"to":[-9.25,0.5,10.75],"faces":{"down":{"uv":[0.0,9.5,1.375,9.875],"texture":"#voxels_atlas"},"up":{"uv":[0.0,9.5,1.375,9.125],"texture":"#voxels_atlas"},"north":{"uv":[3.0,8.0,1.625,8.125],"texture":"#voxels_atlas"},"south":{"uv":[1.625,8.125,3.0,8.25],"texture":"#voxels_atlas"},"west":{"uv":[5.75,12.875,6.125,13.0],"texture":"#voxels_atlas"},"east":{"uv":[6.125,12.75,5.75,12.875],"texture":"#voxels_atlas"}}},{"from":[-12.0,0.25,10.75],"to":[-10.25,0.5,11.0],"faces":{"down":{"uv":[8.0,9.625,8.875,9.75],"texture":"#voxels_atlas"},"up":{"uv":[8.0,9.875,8.875,9.75],"texture":"#voxels_atlas"},"north":{"uv":[11.75,10.25,10.875,10.375],"texture":"#voxels_atlas"},"south":{"uv":[8.0,9.875,8.875,10.0],"texture":"#voxels_atlas"},"west":{"uv":[6.0,8.625,6.125,8.75],"texture":"#voxels_atlas"},"east":{"uv":[6.125,8.25,6.0,8.375],"texture":"#voxels_atlas"}}},{"from":[-11.75,-0.25,9.75],"to":[-9.5,0.0,10.0],"faces":{"down":{"uv":[10.625,9.625,11.75,9.75],"texture":"#voxels_atlas"},"up":{"uv":[10.625,9.875,11.75,9.75],"texture":"#voxels_atlas"},"north":{"uv":[11.75,8.75,10.625,8.875],"texture":"#voxels_atlas"},"south":{"uv":[10.625,8.875,11.75,9.0],"texture":"#voxels_atlas"},"west":{"uv":[8.375,8.125,8.5,8.25],"texture":"#voxels_atlas"},"east":{"uv":[8.5,8.0,8.375,8.125],"texture":"#voxels_atlas"}}},{"from":[-11.75,-0.25,11.0],"to":[-11.0,0.0,11.25],"faces":{"down":{"uv":[5.75,12.25,6.125,12.375],"texture":"#voxels_atlas"},"up":{"uv":[5.75,10.5,6.125,10.375],"texture":"#voxels_atlas"},"north":{"uv":[6.125,10.25,5.75,10.375],"texture":"#voxels_atlas"},"south":{"uv":[14.5,11.375,14.875,11.5],"texture":"#voxels_atlas"},"west":{"uv":[10.375,12.375,10.5,12.5],"texture":"#voxels_atlas"},"east":{"uv":[10.5,12.25,10.375,12.375],"texture":"#voxels_atlas"}}},{"from":[-11.75,0.0,9.5],"to":[-9.5,0.25,9.75],"faces":{"down":{"uv":[10.625,9.125,11.75,9.25],"texture":"#voxels_atlas"},"up":{"uv":[10.625,9.375,11.75,9.25],"texture":"#voxels_atlas"},"north":{"uv":[11.75,8.5,10.625,8.625],"texture":"#voxels_atlas"},"south":{"uv":[10.625,9.5,11.75,9.625],"texture":"#voxels_atlas"},"west":{"uv":[10.375,12.125,10.5,12.25],"texture":"#voxels_atlas"},"east":{"uv":[10.5,12.0,10.375,12.125],"texture":"#voxels_atlas"}}},{"from":[-11.75,0.0,11.25],"to":[-11.0,0.25,11.5],"faces":{"down":{"uv":[8.5,8.25,8.875,8.375],"texture":"#voxels_atlas"},"up":{"uv":[8.5,8.75,8.875,8.625],"texture":"#voxels_atlas"},"north":{"uv":[8.875,8.75,8.5,8.875],"texture":"#voxels_atlas"},"south":{"uv":[8.5,8.875,8.875,9.0],"texture":"#voxels_atlas"},"west":{"uv":[10.375,11.875,10.5,12.0],"texture":"#voxels_atlas"},"east":{"uv":[10.5,11.75,10.375,11.875],"texture":"#voxels_atlas"}}},{"from":[-11.75,0.25,9.75],"to":[-9.5,0.5,10.0],"faces":{"down":{"uv":[10.625,8.125,11.75,8.25],"texture":"#voxels_atlas"},"up":{"uv":[10.625,8.375,11.75,8.25],"texture":"#voxels_atlas"},"north":{"uv":[11.75,9.0,10.625,9.125],"texture":"#voxels_atlas"},"south":{"uv":[10.625,8.375,11.75,8.5],"texture":"#voxels_atlas"},"west":{"uv":[10.375,11.625,10.5,11.75],"texture":"#voxels_atlas"},"east":{"uv":[10.5,11.5,10.375,11.625],"texture":"#voxels_atlas"}}},{"from":[-11.75,0.25,11.0],"to":[-11.0,0.5,11.25],"faces":{"down":{"uv":[15.625,11.375,16.0,11.5],"texture":"#voxels_atlas"},"up":{"uv":[14.875,11.5,15.25,11.375],"texture":"#voxels_atlas"},"north":{"uv":[14.125,11.375,13.75,11.5],"texture":"#voxels_atlas"},"south":{"uv":[5.75,10.0,6.125,10.125],"texture":"#voxels_atlas"},"west":{"uv":[10.375,11.375,10.5,11.5],"texture":"#voxels_atlas"},"east":{"uv":[10.5,11.25,10.375,11.375],"texture":"#voxels_atlas"}}},{"from":[-11.0,-0.25,9.5],"to":[-9.5,0.0,9.75],"faces":{"down":{"uv":[8.125,10.375,8.875,10.5],"texture":"#voxels_atlas"},"up":{"uv":[8.125,10.375,8.875,10.25],"texture":"#voxels_atlas"},"north":{"uv":[12.875,11.75,12.125,11.875],"texture":"#voxels_atlas"},"south":{"uv":[12.875,11.75,13.625,11.875],"texture":"#voxels_atlas"},"west":{"uv":[10.375,11.125,10.5,11.25],"texture":"#voxels_atlas"},"east":{"uv":[10.5,11.0,10.375,11.125],"texture":"#voxels_atlas"}}},{"from":[-11.0,0.0,9.25],"to":[-7.25,0.25,9.5],"faces":{"down":{"uv":[6.125,9.625,8.0,9.75],"texture":"#voxels_atlas"},"up":{"uv":[6.125,9.875,8.0,9.75],"texture":"#voxels_atlas"},"north":{"uv":[8.0,9.875,6.125,10.0],"texture":"#voxels_atlas"},"south":{"uv":[6.75,9.0,8.625,9.125],"texture":"#voxels_atlas"},"west":{"uv":[10.375,10.875,10.5,11.0],"texture":"#voxels_atlas"},"east":{"uv":[10.5,10.75,10.375,10.875],"texture":"#voxels_atlas"}}},{"from":[-11.0,0.25,9.5],"to":[-9.5,0.5,9.75],"faces":{"down":{"uv":[12.875,11.625,13.625,11.75],"texture":"#voxels_atlas"},"up":{"uv":[13.625,11.75,14.375,11.625],"texture":"#voxels_atlas"},"north":{"uv":[15.125,11.625,14.375,11.75],"texture":"#voxels_atlas"},"south":{"uv":[15.125,11.625,15.875,11.75],"texture":"#voxels_atlas"},"west":{"uv":[10.375,10.625,10.5,10.75],"texture":"#voxels_atlas"},"east":{"uv":[10.5,10.5,10.375,10.625],"texture":"#voxels_atlas"}}},{"from":[-10.75,-0.25,9.25],"to":[-7.75,0.0,9.5],"faces":{"down":{"uv":[8.875,10.875,10.375,11.0],"texture":"#voxels_atlas"},"up":{"uv":[8.875,11.25,10.375,11.125],"texture":"#voxels_atlas"},"north":{"uv":[10.375,11.25,8.875,11.375],"texture":"#voxels_atlas"},"south":{"uv":[8.875,11.375,10.375,11.5],"texture":"#voxels_atlas"},"west":{"uv":[10.375,10.375,10.5,10.5],"texture":"#voxels_atlas"},"east":{"uv":[10.5,10.25,10.375,10.375],"texture":"#voxels_atlas"}}},{"from":[-10.75,0.0,9.0],"to":[-7.75,0.25,9.25],"faces":{"down":{"uv":[8.875,11.5,10.375,11.625],"texture":"#voxels_atlas"},"up":{"uv":[8.875,11.75,10.375,11.625],"texture":"#voxels_atlas"},"north":{"uv":[10.375,11.75,8.875,11.875],"texture":"#voxels_atlas"},"south":{"uv":[8.875,11.875,10.375,12.0],"texture":"#voxels_atlas"},"west":{"uv":[10.375,10.125,10.5,10.25],"texture":"#voxels_atlas"},"east":{"uv":[10.5,10.0,10.375,10.125],"texture":"#voxels_atlas"}}},{"from":[-10.75,0.25,9.25],"to":[-7.75,0.5,9.5],"faces":{"down":{"uv":[8.875,12.125,10.375,12.25],"texture":"#voxels_atlas"},"up":{"uv":[8.875,12.375,10.375,12.25],"texture":"#voxels_atlas"},"north":{"uv":[10.375,12.375,8.875,12.5],"texture":"#voxels_atlas"},"south":{"uv":[12.0,12.375,13.5,12.5],"texture":"#voxels_atlas"},"west":{"uv":[10.375,9.875,10.5,10.0],"texture":"#voxels_atlas"},"east":{"uv":[16.0,12.125,15.875,12.25],"texture":"#voxels_atlas"}}},{"from":[-10.5,-0.25,9.0],"to":[-8.5,0.0,9.25],"faces":{"down":{"uv":[10.875,10.5,11.875,10.625],"texture":"#voxels_atlas"},"up":{"uv":[15.0,12.5,16.0,12.375],"texture":"#voxels_atlas"},"north":{"uv":[11.875,10.625,10.875,10.75],"texture":"#voxels_atlas"},"south":{"uv":[15.0,12.5,16.0,12.625],"texture":"#voxels_atlas"},"west":{"uv":[15.875,10.875,16.0,11.0],"texture":"#voxels_atlas"},"east":{"uv":[15.875,10.875,15.75,11.0],"texture":"#voxels_atlas"}}},{"from":[-10.5,0.0,8.75],"to":[-8.5,0.25,9.0],"faces":{"down":{"uv":[15.0,12.625,16.0,12.75],"texture":"#voxels_atlas"},"up":{"uv":[15.0,12.875,16.0,12.75],"texture":"#voxels_atlas"},"north":{"uv":[11.875,10.375,10.875,10.5],"texture":"#voxels_atlas"},"south":{"uv":[15.0,13.375,16.0,13.5],"texture":"#voxels_atlas"},"west":{"uv":[12.875,8.0,13.0,8.125],"texture":"#voxels_atlas"},"east":{"uv":[13.0,8.125,12.875,8.25],"texture":"#voxels_atlas"}}},{"from":[-10.5,0.25,9.0],"to":[-8.5,0.5,9.25],"faces":{"down":{"uv":[15.0,12.875,16.0,13.0],"texture":"#voxels_atlas"},"up":{"uv":[15.0,13.125,16.0,13.0],"texture":"#voxels_atlas"},"north":{"uv":[16.0,13.125,15.0,13.25],"texture":"#voxels_atlas"},"south":{"uv":[15.0,13.25,16.0,13.375],"texture":"#voxels_atlas"},"west":{"uv":[12.875,10.5,13.0,10.625],"texture":"#voxels_atlas"},"east":{"uv":[13.0,10.625,12.875,10.75],"texture":"#voxels_atlas"}}},{"from":[-9.25,-0.25,10.25],"to":[-6.5,0.0,10.75],"faces":{"down":{"uv":[1.625,8.25,3.0,8.5],"texture":"#voxels_atlas"},"up":{"uv":[1.625,8.75,3.0,8.5],"texture":"#voxels_atlas"},"north":{"uv":[14.625,12.125,13.25,12.25],"texture":"#voxels_atlas"},"south":{"uv":[14.625,12.25,16.0,12.375],"texture":"#voxels_atlas"},"west":{"uv":[13.375,11.125,13.625,11.25],"texture":"#voxels_atlas"},"east":{"uv":[12.875,11.125,12.625,11.25],"texture":"#voxels_atlas"}}},{"from":[-9.25,0.25,10.25],"to":[-6.5,0.5,10.75],"faces":{"down":{"uv":[1.625,8.75,3.0,9.0],"texture":"#voxels_atlas"},"up":{"uv":[1.625,9.25,3.0,9.0],"texture":"#voxels_atlas"},"north":{"uv":[10.5,8.0,9.125,8.125],"texture":"#voxels_atlas"},"south":{"uv":[9.125,8.125,10.5,8.25],"texture":"#voxels_atlas"},"west":{"uv":[15.625,11.25,15.875,11.375],"texture":"#voxels_atlas"},"east":{"uv":[15.125,11.25,14.875,11.375],"texture":"#voxels_atlas"}}},{"from":[-9.0,0.0,10.25],"to":[18.75,0.25,10.75],"faces":{"down":{"uv":[0.0,15.75,13.875,16.0],"texture":"#voxels_atlas"},"up":{"uv":[0.0,15.75,13.875,15.5],"texture":"#voxels_atlas"},"north":{"uv":[15.5,15.25,1.625,15.375],"texture":"#voxels_atlas"},"south":{"uv":[1.625,15.375,15.5,15.5],"texture":"#voxels_atlas"},"west":{"uv":[14.625,11.25,14.875,11.375],"texture":"#voxels_atlas"},"east":{"uv":[14.125,11.25,13.875,11.375],"texture":"#voxels_atlas"}}},{"from":[-9.0,0.0,10.75],"to":[-0.75,0.25,11.0],"faces":{"down":{"uv":[11.875,14.375,16.0,14.5],"texture":"#voxels_atlas"},"up":{"uv":[11.875,14.625,16.0,14.5],"texture":"#voxels_atlas"},"north":{"uv":[16.0,14.25,11.875,14.375],"texture":"#voxels_atlas"},"south":{"uv":[11.875,14.625,16.0,14.75],"texture":"#voxels_atlas"},"west":{"uv":[13.375,11.0,13.5,11.125],"texture":"#voxels_atlas"},"east":{"uv":[13.375,11.0,13.25,11.125],"texture":"#voxels_atlas"}}},{"from":[-8.75,-0.25,9.5],"to":[-7.75,0.5,9.75],"faces":{"down":{"uv":[5.625,11.5,6.125,11.625],"texture":"#voxels_atlas"},"up":{"uv":[12.75,11.5,13.25,11.375],"texture":"#voxels_atlas"},"north":{"uv":[6.125,11.875,5.625,12.25],"texture":"#voxels_atlas"},"south":{"uv":[3.0,8.125,3.5,8.5],"texture":"#voxels_atlas"},"west":{"uv":[1.5,9.125,1.625,9.5],"texture":"#voxels_atlas"},"east":{"uv":[1.5,8.75,1.375,9.125],"texture":"#voxels_atlas"}}},{"from":[-6.5,-0.25,10.5],"to":[-1.0,0.0,10.75],"faces":{"down":{"uv":[11.875,14.125,14.625,14.25],"texture":"#voxels_atlas"},"up":{"uv":[11.875,14.125,14.625,14.0],"texture":"#voxels_atlas"},"north":{"uv":[14.625,13.875,11.875,14.0],"texture":"#voxels_atlas"},"south":{"uv":[11.875,13.75,14.625,13.875],"texture":"#voxels_atlas"},"west":{"uv":[12.625,9.0,12.75,9.125],"texture":"#voxels_atlas"},"east":{"uv":[12.875,9.125,12.75,9.25],"texture":"#voxels_atlas"}}},{"from":[-6.5,0.25,10.5],"to":[-1.0,0.5,10.75],"faces":{"down":{"uv":[6.125,13.375,8.875,13.5],"texture":"#voxels_atlas"},"up":{"uv":[6.125,13.375,8.875,13.25],"texture":"#voxels_atlas"},"north":{"uv":[8.875,13.625,6.125,13.75],"texture":"#voxels_atlas"},"south":{"uv":[6.125,13.5,8.875,13.625],"texture":"#voxels_atlas"},"west":{"uv":[12.625,9.375,12.75,9.5],"texture":"#voxels_atlas"},"east":{"uv":[12.875,9.5,12.75,9.625],"texture":"#voxels_atlas"}}},{"from":[-3.25,-0.25,10.25],"to":[-0.25,0.0,10.5],"faces":{"down":{"uv":[13.5,13.125,15.0,13.25],"texture":"#voxels_atlas"},"up":{"uv":[10.5,13.5,12.0,13.375],"texture":"#voxels_atlas"},"north":{"uv":[15.0,13.375,13.5,13.5],"texture":"#voxels_atlas"},"south":{"uv":[8.875,11.0,10.375,11.125],"texture":"#voxels_atlas"},"west":{"uv":[12.625,9.5,12.75,9.625],"texture":"#voxels_atlas"},"east":{"uv":[12.875,9.625,12.75,9.75],"texture":"#voxels_atlas"}}},{"from":[-3.25,0.25,10.25],"to":[-0.25,0.5,10.5],"faces":{"down":{"uv":[12.0,13.375,13.5,13.5],"texture":"#voxels_atlas"},"up":{"uv":[8.875,10.875,10.375,10.75],"texture":"#voxels_atlas"},"north":{"uv":[10.375,10.625,8.875,10.75],"texture":"#voxels_atlas"},"south":{"uv":[13.5,12.75,15.0,12.875],"texture":"#voxels_atlas"},"west":{"uv":[12.625,9.75,12.75,9.875],"texture":"#voxels_atlas"},"east":{"uv":[16.0,11.125,15.875,11.25],"texture":"#voxels_atlas"}}},{"from":[1.5,-0.25,10.25],"to":[4.0,0.0,10.5],"faces":{"down":{"uv":[14.625,12.125,15.875,12.25],"texture":"#voxels_atlas"},"up":{"uv":[10.625,12.125,11.875,12.0],"texture":"#voxels_atlas"},"north":{"uv":[11.875,11.75,10.625,11.875],"texture":"#voxels_atlas"},"south":{"uv":[10.625,11.25,11.875,11.375],"texture":"#voxels_atlas"},"west":{"uv":[12.5,9.125,12.625,9.25],"texture":"#voxels_atlas"},"east":{"uv":[12.625,9.25,12.5,9.375],"texture":"#voxels_atlas"}}},{"from":[1.5,0.25,10.25],"to":[4.0,0.5,10.5],"faces":{"down":{"uv":[10.625,11.875,11.875,12.0],"texture":"#voxels_atlas"},"up":{"uv":[10.625,11.25,11.875,11.125],"texture":"#voxels_atlas"},"north":{"uv":[11.875,11.0,10.625,11.125],"texture":"#voxels_atlas"},"south":{"uv":[10.625,10.875,11.875,11.0],"texture":"#voxels_atlas"},"west":{"uv":[12.5,9.625,12.625,9.75],"texture":"#voxels_atlas"},"east":{"uv":[12.625,9.75,12.5,9.875],"texture":"#voxels_atlas"}}},{"from":[1.75,0.0,10.75],"to":[18.75,0.25,11.0],"faces":{"down":{"uv":[3.5,14.875,12.0,15.0],"texture":"#voxels_atlas"},"up":{"uv":[3.5,14.875,12.0,14.75],"texture":"#voxels_atlas"},"north":{"uv":[12.0,15.0,3.5,15.125],"texture":"#voxels_atlas"},"south":{"uv":[3.5,15.125,12.0,15.25],"texture":"#voxels_atlas"},"west":{"uv":[12.5,9.875,12.625,10.0],"texture":"#voxels_atlas"},"east":{"uv":[12.625,10.0,12.5,10.125],"texture":"#voxels_atlas"}}},{"from":[2.0,-0.25,10.5],"to":[18.75,0.0,10.75],"faces":{"down":{"uv":[3.5,14.25,11.875,14.375],"texture":"#voxels_atlas"},"up":{"uv":[3.5,14.5,11.875,14.375],"texture":"#voxels_atlas"},"north":{"uv":[11.875,14.5,3.5,14.625],"texture":"#voxels_atlas"},"south":{"uv":[3.5,14.0,11.875,14.125],"texture":"#voxels_atlas"},"west":{"uv":[12.125,8.0,12.25,8.125],"texture":"#voxels_atlas"},"east":{"uv":[12.25,8.125,12.125,8.25],"texture":"#voxels_atlas"}}},{"from":[2.0,0.25,10.5],"to":[18.75,0.5,10.75],"faces":{"down":{"uv":[3.5,14.125,11.875,14.25],"texture":"#voxels_atlas"},"up":{"uv":[3.5,13.875,11.875,13.75],"texture":"#voxels_atlas"},"north":{"uv":[11.875,13.875,3.5,14.0],"texture":"#voxels_atlas"},"south":{"uv":[3.5,14.625,11.875,14.75],"texture":"#voxels_atlas"},"west":{"uv":[12.125,8.75,12.25,8.875],"texture":"#voxels_atlas"},"east":{"uv":[12.25,8.875,12.125,9.0],"texture":"#voxels_atlas"}}},{"from":[12.0,-0.5,10.5],"to":[12.5,-0.25,10.75],"faces":{"down":{"uv":[13.125,11.25,13.375,11.375],"texture":"#voxels_atlas"},"up":{"uv":[12.875,11.375,13.125,11.25],"texture":"#voxels_atlas"},"north":{"uv":[12.875,11.25,12.625,11.375],"texture":"#voxels_atlas"},"south":{"uv":[12.25,8.0,12.5,8.125],"texture":"#voxels_atlas"},"west":{"uv":[15.875,11.0,16.0,11.125],"texture":"#voxels_atlas"},"east":{"uv":[15.875,11.0,15.75,11.125],"texture":"#voxels_atlas"}}},{"from":[12.0,-0.25,10.25],"to":[12.5,0.0,10.5],"faces":{"down":{"uv":[12.25,8.25,12.5,8.375],"texture":"#voxels_atlas"},"up":{"uv":[12.25,8.5,12.5,8.375],"texture":"#voxels_atlas"},"north":{"uv":[12.5,8.5,12.25,8.625],"texture":"#voxels_atlas"},"south":{"uv":[12.25,8.625,12.5,8.75],"texture":"#voxels_atlas"},"west":{"uv":[12.5,9.375,12.625,9.5],"texture":"#voxels_atlas"},"east":{"uv":[12.625,9.5,12.5,9.625],"texture":"#voxels_atlas"}}},{"from":[12.0,-0.25,10.75],"to":[12.5,0.0,11.0],"faces":{"down":{"uv":[12.25,8.75,12.5,8.875],"texture":"#voxels_atlas"},"up":{"uv":[12.25,9.0,12.5,8.875],"texture":"#voxels_atlas"},"north":{"uv":[12.5,9.0,12.25,9.125],"texture":"#voxels_atlas"},"south":{"uv":[12.25,9.125,12.5,9.25],"texture":"#voxels_atlas"},"west":{"uv":[12.875,8.75,13.0,8.875],"texture":"#voxels_atlas"},"east":{"uv":[13.0,8.875,12.875,9.0],"texture":"#voxels_atlas"}}},{"from":[12.0,0.0,10.0],"to":[12.5,0.25,10.25],"faces":{"down":{"uv":[12.25,9.25,12.5,9.375],"texture":"#voxels_atlas"},"up":{"uv":[12.25,9.5,12.5,9.375],"texture":"#voxels_atlas"},"north":{"uv":[12.5,9.5,12.25,9.625],"texture":"#voxels_atlas"},"south":{"uv":[12.25,8.125,12.5,8.25],"texture":"#voxels_atlas"},"west":{"uv":[15.5,11.0,15.625,11.125],"texture":"#voxels_atlas"},"east":{"uv":[15.75,11.0,15.625,11.125],"texture":"#voxels_atlas"}}},{"from":[12.0,0.0,11.0],"to":[12.5,0.25,11.25],"faces":{"down":{"uv":[12.25,10.0,12.5,10.125],"texture":"#voxels_atlas"},"up":{"uv":[12.25,10.25,12.5,10.125],"texture":"#voxels_atlas"},"north":{"uv":[12.5,10.25,12.25,10.375],"texture":"#voxels_atlas"},"south":{"uv":[12.25,10.375,12.5,10.5],"texture":"#voxels_atlas"},"west":{"uv":[12.125,8.375,12.25,8.5],"texture":"#voxels_atlas"},"east":{"uv":[12.25,8.25,12.125,8.375],"texture":"#voxels_atlas"}}},{"from":[12.0,0.25,10.25],"to":[12.5,0.5,10.5],"faces":{"down":{"uv":[12.25,10.5,12.5,10.625],"texture":"#voxels_atlas"},"up":{"uv":[15.75,12.125,16.0,12.0],"texture":"#voxels_atlas"},"north":{"uv":[10.125,9.125,9.875,9.25],"texture":"#voxels_atlas"},"south":{"uv":[9.625,9.125,9.875,9.25],"texture":"#voxels_atlas"},"west":{"uv":[12.5,10.5,12.625,10.625],"texture":"#voxels_atlas"},"east":{"uv":[12.625,10.375,12.5,10.5],"texture":"#voxels_atlas"}}},{"from":[12.0,0.25,10.75],"to":[12.5,0.5,11.0],"faces":{"down":{"uv":[8.875,8.0,9.125,8.125],"texture":"#voxels_atlas"},"up":{"uv":[8.875,8.25,9.125,8.125],"texture":"#voxels_atlas"},"north":{"uv":[9.125,8.25,8.875,8.375],"texture":"#voxels_atlas"},"south":{"uv":[8.625,9.0,8.875,9.125],"texture":"#voxels_atlas"},"west":{"uv":[12.5,10.125,12.625,10.25],"texture":"#voxels_atlas"},"east":{"uv":[12.625,9.0,12.5,9.125],"texture":"#voxels_atlas"}}},{"from":[12.0,0.5,10.5],"to":[12.5,0.75,10.75],"faces":{"down":{"uv":[5.875,10.5,6.125,10.625],"texture":"#voxels_atlas"},"up":{"uv":[5.875,10.75,6.125,10.625],"texture":"#voxels_atlas"},"north":{"uv":[6.125,10.75,5.875,10.875],"texture":"#voxels_atlas"},"south":{"uv":[5.875,10.875,6.125,11.0],"texture":"#voxels_atlas"},"west":{"uv":[12.5,8.625,12.625,8.75],"texture":"#voxels_atlas"},"east":{"uv":[12.875,9.375,12.75,9.5],"texture":"#voxels_atlas"}}},{"from":[12.5,0.0,24.0],"to":[15.5,0.25,24.25],"faces":{"down":{"uv":[10.5,13.25,12.0,13.375],"texture":"#voxels_atlas"},"up":{"uv":[12.0,13.375,13.5,13.25],"texture":"#voxels_atlas"},"north":{"uv":[15.0,13.25,13.5,13.375],"texture":"#voxels_atlas"},"south":{"uv":[10.5,13.125,12.0,13.25],"texture":"#voxels_atlas"},"west":{"uv":[12.625,9.25,12.75,9.375],"texture":"#voxels_atlas"},"east":{"uv":[12.875,9.25,12.75,9.375],"texture":"#voxels_atlas"}}},{"from":[12.5,0.0,24.25],"to":[15.25,0.25,24.5],"faces":{"down":{"uv":[9.125,8.75,10.5,8.875],"texture":"#voxels_atlas"},"up":{"uv":[9.125,8.75,10.5,8.625],"texture":"#voxels_atlas"},"north":{"uv":[10.5,8.5,9.125,8.625],"texture":"#voxels_atlas"},"south":{"uv":[9.125,8.375,10.5,8.5],"texture":"#voxels_atlas"},"west":{"uv":[12.625,9.125,12.75,9.25],"texture":"#voxels_atlas"},"east":{"uv":[12.875,9.0,12.75,9.125],"texture":"#voxels_atlas"}}},{"from":[12.75,0.0,23.75],"to":[15.75,0.25,24.0],"faces":{"down":{"uv":[12.0,13.0,13.5,13.125],"texture":"#voxels_atlas"},"up":{"uv":[13.5,13.125,15.0,13.0],"texture":"#voxels_atlas"},"north":{"uv":[12.0,12.875,10.5,13.0],"texture":"#voxels_atlas"},"south":{"uv":[12.0,12.875,13.5,13.0],"texture":"#voxels_atlas"},"west":{"uv":[12.625,8.875,12.75,9.0],"texture":"#voxels_atlas"},"east":{"uv":[12.625,10.25,12.5,10.375],"texture":"#voxels_atlas"}}},{"from":[13.0,0.0,5.5],"to":[13.5,0.25,6.5],"faces":{"down":{"uv":[3.125,10.25,3.375,10.75],"texture":"#voxels_atlas"},"up":{"uv":[3.125,10.0,3.375,9.5],"texture":"#voxels_atlas"},"north":{"uv":[12.875,10.125,12.625,10.25],"texture":"#voxels_atlas"},"south":{"uv":[12.625,10.25,12.875,10.375],"texture":"#voxels_atlas"},"west":{"uv":[5.625,11.625,6.125,11.75],"texture":"#voxels_atlas"},"east":{"uv":[6.125,11.75,5.625,11.875],"texture":"#voxels_atlas"}}},{"from":[13.0,0.0,23.5],"to":[16.0,0.25,23.75],"faces":{"down":{"uv":[10.5,12.75,12.0,12.875],"texture":"#voxels_atlas"},"up":{"uv":[12.0,12.875,13.5,12.75],"texture":"#voxels_atlas"},"north":{"uv":[15.0,12.375,13.5,12.5],"texture":"#voxels_atlas"},"south":{"uv":[10.5,12.625,12.0,12.75],"texture":"#voxels_atlas"},"west":{"uv":[12.875,10.375,13.0,10.5],"texture":"#voxels_atlas"},"east":{"uv":[13.0,10.25,12.875,10.375],"texture":"#voxels_atlas"}}},{"from":[13.25,-0.5,9.75],"to":[13.5,0.75,10.25],"faces":{"down":{"uv":[12.125,9.875,12.25,10.125],"texture":"#voxels_atlas"},"up":{"uv":[12.125,10.375,12.25,10.125],"texture":"#voxels_atlas"},"north":{"uv":[12.125,8.375,12.0,9.0],"texture":"#voxels_atlas"},"south":{"uv":[12.125,10.875,12.25,11.5],"texture":"#voxels_atlas"},"west":{"uv":[9.625,9.25,9.875,9.875],"texture":"#voxels_atlas"},"east":{"uv":[10.125,9.25,9.875,9.875],"texture":"#voxels_atlas"}}},{"from":[13.25,-0.5,10.25],"to":[13.5,0.0,10.5],"faces":{"down":{"uv":[12.875,9.875,13.0,10.0],"texture":"#voxels_atlas"},"up":{"uv":[12.875,9.875,13.0,9.75],"texture":"#voxels_atlas"},"north":{"uv":[12.25,10.375,12.125,10.625],"texture":"#voxels_atlas"},"south":{"uv":[12.125,10.625,12.25,10.875],"texture":"#voxels_atlas"},"west":{"uv":[12.0,8.125,12.125,8.375],"texture":"#voxels_atlas"},"east":{"uv":[10.625,8.0,10.5,8.25],"texture":"#voxels_atlas"}}},{"from":[13.25,-0.25,10.75],"to":[14.25,0.0,11.0],"faces":{"down":{"uv":[12.25,11.375,12.75,11.5],"texture":"#voxels_atlas"},"up":{"uv":[15.5,11.625,16.0,11.5],"texture":"#voxels_atlas"},"north":{"uv":[8.875,11.5,8.375,11.625],"texture":"#voxels_atlas"},"south":{"uv":[8.375,11.625,8.875,11.75],"texture":"#voxels_atlas"},"west":{"uv":[13.25,10.875,13.375,11.0],"texture":"#voxels_atlas"},"east":{"uv":[13.5,10.875,13.375,11.0],"texture":"#voxels_atlas"}}},{"from":[13.25,0.0,6.5],"to":[14.5,0.25,7.5],"faces":{"down":{"uv":[4.125,8.5,4.75,9.0],"texture":"#voxels_atlas"},"up":{"uv":[3.5,8.5,4.125,8.0],"texture":"#voxels_atlas"},"north":{"uv":[16.0,13.625,15.375,13.75],"texture":"#voxels_atlas"},"south":{"uv":[6.125,8.0,6.75,8.125],"texture":"#voxels_atlas"},"west":{"uv":[8.375,11.875,8.875,12.0],"texture":"#voxels_atlas"},"east":{"uv":[8.875,12.0,8.375,12.125],"texture":"#voxels_atlas"}}},{"from":[13.25,0.0,23.25],"to":[16.25,0.25,23.5],"faces":{"down":{"uv":[13.5,12.875,15.0,13.0],"texture":"#voxels_atlas"},"up":{"uv":[10.5,13.125,12.0,13.0],"texture":"#voxels_atlas"},"north":{"uv":[13.5,13.125,12.0,13.25],"texture":"#voxels_atlas"},"south":{"uv":[8.875,9.875,10.375,10.0],"texture":"#voxels_atlas"},"west":{"uv":[13.5,10.875,13.625,11.0],"texture":"#voxels_atlas"},"east":{"uv":[13.75,10.875,13.625,11.0],"texture":"#voxels_atlas"}}},{"from":[13.25,0.25,10.25],"to":[18.75,0.5,10.5],"faces":{"down":{"uv":[12.0,14.75,14.75,14.875],"texture":"#voxels_atlas"},"up":{"uv":[12.0,15.0,14.75,14.875],"texture":"#voxels_atlas"},"north":{"uv":[14.75,15.0,12.0,15.125],"texture":"#voxels_atlas"},"south":{"uv":[12.0,15.125,14.75,15.25],"texture":"#voxels_atlas"},"west":{"uv":[12.125,9.125,12.25,9.25],"texture":"#voxels_atlas"},"east":{"uv":[12.25,9.25,12.125,9.375],"texture":"#voxels_atlas"}}},{"from":[13.25,0.25,10.75],"to":[14.25,0.5,11.0],"faces":{"down":{"uv":[3.0,8.5,3.5,8.625],"texture":"#voxels_atlas"},"up":{"uv":[3.0,8.75,3.5,8.625],"texture":"#voxels_atlas"},"north":{"uv":[8.875,12.375,8.375,12.5],"texture":"#voxels_atlas"},"south":{"uv":[8.375,12.5,8.875,12.625],"texture":"#voxels_atlas"},"west":{"uv":[11.75,8.0,11.875,8.125],"texture":"#voxels_atlas"},"east":{"uv":[11.875,8.125,11.75,8.25],"texture":"#voxels_atlas"}}},{"from":[13.25,0.5,10.25],"to":[13.5,0.75,10.5],"faces":{"down":{"uv":[11.75,8.25,11.875,8.375],"texture":"#voxels_atlas"},"up":{"uv":[11.75,8.5,11.875,8.375],"texture":"#voxels_atlas"},"north":{"uv":[11.875,8.5,11.75,8.625],"texture":"#voxels_atlas"},"south":{"uv":[11.75,8.625,11.875,8.75],"texture":"#voxels_atlas"},"west":{"uv":[11.75,8.75,11.875,8.875],"texture":"#voxels_atlas"},"east":{"uv":[11.875,8.875,11.75,9.0],"texture":"#voxels_atlas"}}},{"from":[13.5,-0.5,9.5],"to":[14.0,0.75,9.75],"faces":{"down":{"uv":[15.375,11.25,15.625,11.375],"texture":"#voxels_atlas"},"up":{"uv":[15.125,11.375,15.375,11.25],"texture":"#voxels_atlas"},"north":{"uv":[10.875,10.125,10.625,10.75],"texture":"#voxels_atlas"},"south":{"uv":[10.125,9.25,10.375,9.875],"texture":"#voxels_atlas"},"west":{"uv":[12.0,9.625,12.125,10.25],"texture":"#voxels_atlas"},"east":{"uv":[12.125,9.0,12.0,9.625],"texture":"#voxels_atlas"}}},{"from":[13.5,-0.25,9.75],"to":[18.75,0.5,10.25],"faces":{"down":{"uv":[3.5,11.0,6.125,11.25],"texture":"#voxels_atlas"},"up":{"uv":[3.5,11.5,6.125,11.25],"texture":"#voxels_atlas"},"north":{"uv":[6.125,13.375,3.5,13.75],"texture":"#voxels_atlas"},"south":{"uv":[3.5,13.0,6.125,13.375],"texture":"#voxels_atlas"},"west":{"uv":[1.375,9.875,1.625,10.25],"texture":"#voxels_atlas"},"east":{"uv":[1.625,9.5,1.375,9.875],"texture":"#voxels_atlas"}}},{"from":[13.5,-0.25,10.25],"to":[18.75,0.0,10.5],"faces":{"down":{"uv":[3.5,9.375,6.125,9.5],"texture":"#voxels_atlas"},"up":{"uv":[3.5,9.375,6.125,9.25],"texture":"#voxels_atlas"},"north":{"uv":[6.125,9.125,3.5,9.25],"texture":"#voxels_atlas"},"south":{"uv":[3.5,9.0,6.125,9.125],"texture":"#voxels_atlas"},"west":{"uv":[11.75,9.0,11.875,9.125],"texture":"#voxels_atlas"},"east":{"uv":[11.875,9.125,11.75,9.25],"texture":"#voxels_atlas"}}},{"from":[13.5,0.0,5.75],"to":[13.75,0.25,6.5],"faces":{"down":{"uv":[3.375,12.625,3.5,13.0],"texture":"#voxels_atlas"},"up":{"uv":[3.375,13.5,3.5,13.125],"texture":"#voxels_atlas"},"north":{"uv":[12.75,8.75,12.625,8.875],"texture":"#voxels_atlas"},"south":{"uv":[12.75,8.875,12.875,9.0],"texture":"#voxels_atlas"},"west":{"uv":[12.25,10.75,12.625,10.875],"texture":"#voxels_atlas"},"east":{"uv":[12.625,10.625,12.25,10.75],"texture":"#voxels_atlas"}}},{"from":[13.5,0.0,7.5],"to":[15.0,0.25,8.5],"faces":{"down":{"uv":[1.625,9.5,2.375,10.0],"texture":"#voxels_atlas"},"up":{"uv":[0.875,11.75,1.625,11.25],"texture":"#voxels_atlas"},"north":{"uv":[8.875,10.875,8.125,11.0],"texture":"#voxels_atlas"},"south":{"uv":[8.125,10.75,8.875,10.875],"texture":"#voxels_atlas"},"west":{"uv":[3.0,9.0,3.5,9.125],"texture":"#voxels_atlas"},"east":{"uv":[3.5,8.875,3.0,9.0],"texture":"#voxels_atlas"}}},{"from":[13.5,0.0,23.0],"to":[16.5,0.25,23.25],"faces":{"down":{"uv":[13.5,12.5,15.0,12.625],"texture":"#voxels_atlas"},"up":{"uv":[10.5,12.5,12.0,12.375],"texture":"#voxels_atlas"},"north":{"uv":[10.375,10.25,8.875,10.375],"texture":"#voxels_atlas"},"south":{"uv":[8.875,12.0,10.375,12.125],"texture":"#voxels_atlas"},"west":{"uv":[13.5,11.0,13.625,11.125],"texture":"#voxels_atlas"},"east":{"uv":[13.75,11.0,13.625,11.125],"texture":"#voxels_atlas"}}},{"from":[13.5,0.0,24.5],"to":[14.75,0.25,24.75],"faces":{"down":{"uv":[14.875,11.5,15.5,11.625],"texture":"#voxels_atlas"},"up":{"uv":[5.5,10.0,6.125,9.875],"texture":"#voxels_atlas"},"north":{"uv":[6.125,9.5,5.5,9.625],"texture":"#voxels_atlas"},"south":{"uv":[15.375,13.5,16.0,13.625],"texture":"#voxels_atlas"},"west":{"uv":[13.0,10.5,13.125,10.625],"texture":"#voxels_atlas"},"east":{"uv":[13.125,10.375,13.0,10.5],"texture":"#voxels_atlas"}}},{"from":[13.75,-0.5,9.75],"to":[14.0,-0.25,10.0],"faces":{"down":{"uv":[13.125,10.875,13.25,11.0],"texture":"#voxels_atlas"},"up":{"uv":[11.75,10.375,11.875,10.25],"texture":"#voxels_atlas"},"north":{"uv":[11.875,10.125,11.75,10.25],"texture":"#voxels_atlas"},"south":{"uv":[11.75,9.75,11.875,9.875],"texture":"#voxels_atlas"},"west":{"uv":[11.75,9.625,11.875,9.75],"texture":"#voxels_atlas"},"east":{"uv":[11.875,9.5,11.75,9.625],"texture":"#voxels_atlas"}}},{"from":[13.75,0.0,6.0],"to":[14.0,0.25,6.5],"faces":{"down":{"uv":[3.375,11.875,3.5,12.125],"texture":"#voxels_atlas"},"up":{"uv":[3.375,11.75,3.5,11.5],"texture":"#voxels_atlas"},"north":{"uv":[11.875,9.375,11.75,9.5],"texture":"#voxels_atlas"},"south":{"uv":[11.75,9.25,11.875,9.375],"texture":"#voxels_atlas"},"west":{"uv":[14.125,11.25,14.375,11.375],"texture":"#voxels_atlas"},"east":{"uv":[14.625,11.25,14.375,11.375],"texture":"#voxels_atlas"}}},{"from":[13.75,0.0,8.5],"to":[15.25,0.25,9.5],"faces":{"down":{"uv":[0.875,10.5,1.625,11.0],"texture":"#voxels_atlas"},"up":{"uv":[2.375,10.0,3.125,9.5],"texture":"#voxels_atlas"},"north":{"uv":[8.875,10.625,8.125,10.75],"texture":"#voxels_atlas"},"south":{"uv":[8.125,10.5,8.875,10.625],"texture":"#voxels_atlas"},"west":{"uv":[3.0,8.75,3.5,8.875],"texture":"#voxels_atlas"},"east":{"uv":[3.5,8.0,3.0,8.125],"texture":"#voxels_atlas"}}},{"from":[13.75,0.0,12.5],"to":[18.25,0.25,13.25],"faces":{"down":{"uv":[3.5,12.625,5.75,13.0],"texture":"#voxels_atlas"},"up":{"uv":[3.5,12.625,5.75,12.25],"texture":"#voxels_atlas"},"north":{"uv":[8.375,11.75,6.125,11.875],"texture":"#voxels_atlas"},"south":{"uv":[6.125,11.875,8.375,12.0],"texture":"#voxels_atlas"},"west":{"uv":[8.5,8.5,8.875,8.625],"texture":"#voxels_atlas"},"east":{"uv":[8.875,8.375,8.5,8.5],"texture":"#voxels_atlas"}}},{"from":[13.75,0.0,13.25],"to":[18.0,0.25,13.75],"faces":{"down":{"uv":[13.875,15.75,16.0,16.0],"texture":"#voxels_atlas"},"up":{"uv":[13.875,15.75,16.0,15.5],"texture":"#voxels_atlas"},"north":{"uv":[8.25,11.0,6.125,11.125],"texture":"#voxels_atlas"},"south":{"uv":[6.125,11.125,8.25,11.25],"texture":"#voxels_atlas"},"west":{"uv":[12.875,11.125,13.125,11.25],"texture":"#voxels_atlas"},"east":{"uv":[13.375,11.125,13.125,11.25],"texture":"#voxels_atlas"}}},{"from":[13.75,0.0,22.25],"to":[16.75,0.25,22.75],"faces":{"down":{"uv":[1.625,9.25,3.125,9.5],"texture":"#voxels_atlas"},"up":{"uv":[1.625,11.0,3.125,10.75],"texture":"#voxels_atlas"},"north":{"uv":[10.375,10.5,8.875,10.625],"texture":"#voxels_atlas"},"south":{"uv":[8.875,10.375,10.375,10.5],"texture":"#voxels_atlas"},"west":{"uv":[13.875,11.125,14.125,11.25],"texture":"#voxels_atlas"},"east":{"uv":[14.375,11.125,14.125,11.25],"texture":"#voxels_atlas"}}},{"from":[13.75,0.0,22.75],"to":[16.5,0.25,23.0],"faces":{"down":{"uv":[14.625,13.75,16.0,13.875],"texture":"#voxels_atlas"},"up":{"uv":[13.25,12.375,14.625,12.25],"texture":"#voxels_atlas"},"north":{"uv":[10.5,8.25,9.125,8.375],"texture":"#voxels_atlas"},"south":{"uv":[11.875,12.25,13.25,12.375],"texture":"#voxels_atlas"},"west":{"uv":[11.875,8.0,12.0,8.125],"texture":"#voxels_atlas"},"east":{"uv":[12.125,8.0,12.0,8.125],"texture":"#voxels_atlas"}}},{"from":[13.75,0.5,9.75],"to":[14.0,0.75,10.0],"faces":{"down":{"uv":[15.875,11.75,16.0,11.875],"texture":"#voxels_atlas"},"up":{"uv":[15.875,11.75,16.0,11.625],"texture":"#voxels_atlas"},"north":{"uv":[12.25,9.75,12.125,9.875],"texture":"#voxels_atlas"},"south":{"uv":[12.125,9.625,12.25,9.75],"texture":"#voxels_atlas"},"west":{"uv":[12.125,9.5,12.25,9.625],"texture":"#voxels_atlas"},"east":{"uv":[12.25,9.375,12.125,9.5],"texture":"#voxels_atlas"}}},{"from":[14.0,-0.25,9.25],"to":[18.5,0.0,9.75],"faces":{"down":{"uv":[3.5,10.25,5.75,10.5],"texture":"#voxels_atlas"},"up":{"uv":[3.5,10.25,5.75,10.0],"texture":"#voxels_atlas"},"north":{"uv":[8.375,12.875,6.125,13.0],"texture":"#voxels_atlas"},"south":{"uv":[6.125,12.75,8.375,12.875],"texture":"#voxels_atlas"},"west":{"uv":[12.625,10.75,12.875,10.875],"texture":"#voxels_atlas"},"east":{"uv":[12.875,10.625,12.625,10.75],"texture":"#voxels_atlas"}}},{"from":[14.0,0.0,6.25],"to":[14.25,0.25,6.5],"faces":{"down":{"uv":[15.375,10.875,15.5,11.0],"texture":"#voxels_atlas"},"up":{"uv":[15.25,11.0,15.375,10.875],"texture":"#voxels_atlas"},"north":{"uv":[15.25,10.875,15.125,11.0],"texture":"#voxels_atlas"},"south":{"uv":[15.0,10.875,15.125,11.0],"texture":"#voxels_atlas"},"west":{"uv":[13.875,10.875,14.0,11.0],"texture":"#voxels_atlas"},"east":{"uv":[13.875,10.875,13.75,11.0],"texture":"#voxels_atlas"}}},{"from":[14.0,0.0,9.5],"to":[18.75,0.5,9.75],"faces":{"down":{"uv":[6.125,13.125,8.5,13.25],"texture":"#voxels_atlas"},"up":{"uv":[6.125,13.125,8.5,13.0],"texture":"#voxels_atlas"},"north":{"uv":[5.875,10.5,3.5,10.75],"texture":"#voxels_atlas"},"south":{"uv":[3.5,10.75,5.875,11.0],"texture":"#voxels_atlas"},"west":{"uv":[6.0,8.375,6.125,8.625],"texture":"#voxels_atlas"},"east":{"uv":[10.625,8.25,10.5,8.5],"texture":"#voxels_atlas"}}},{"from":[14.0,0.0,11.0],"to":[18.5,0.25,11.25],"faces":{"down":{"uv":[6.125,11.625,8.375,11.75],"texture":"#voxels_atlas"},"up":{"uv":[6.125,11.625,8.375,11.5],"texture":"#voxels_atlas"},"north":{"uv":[8.375,12.25,6.125,12.375],"texture":"#voxels_atlas"},"south":{"uv":[6.125,12.125,8.375,12.25],"texture":"#voxels_atlas"},"west":{"uv":[12.875,9.0,13.0,9.125],"texture":"#voxels_atlas"},"east":{"uv":[13.0,9.125,12.875,9.25],"texture":"#voxels_atlas"}}},{"from":[14.0,0.0,13.75],"to":[18.0,0.25,14.0],"faces":{"down":{"uv":[6.125,10.5,8.125,10.625],"texture":"#voxels_atlas"},"up":{"uv":[6.125,10.75,8.125,10.625],"texture":"#voxels_atlas"},"north":{"uv":[8.125,10.375,6.125,10.5],"texture":"#voxels_atlas"},"south":{"uv":[6.125,10.25,8.125,10.375],"texture":"#voxels_atlas"},"west":{"uv":[12.875,9.5,13.0,9.625],"texture":"#voxels_atlas"},"east":{"uv":[13.0,9.625,12.875,9.75],"texture":"#voxels_atlas"}}},{"from":[14.0,0.0,20.75],"to":[17.5,0.25,21.5],"faces":{"down":{"uv":[1.625,11.75,3.375,12.125],"texture":"#voxels_atlas"},"up":{"uv":[1.625,11.75,3.375,11.375],"texture":"#voxels_atlas"},"north":{"uv":[8.5,8.25,6.75,8.375],"texture":"#voxels_atlas"},"south":{"uv":[6.75,8.375,8.5,8.5],"texture":"#voxels_atlas"},"west":{"uv":[8.5,13.125,8.875,13.25],"texture":"#voxels_atlas"},"east":{"uv":[16.0,11.875,15.625,12.0],"texture":"#voxels_atlas"}}},{"from":[14.0,0.0,21.5],"to":[17.25,0.25,22.0],"faces":{"down":{"uv":[0.0,8.5,1.625,8.75],"texture":"#voxels_atlas"},"up":{"uv":[0.0,8.5,1.625,8.25],"texture":"#voxels_atlas"},"north":{"uv":[10.5,12.875,8.875,13.0],"texture":"#voxels_atlas"},"south":{"uv":[8.875,13.0,10.5,13.125],"texture":"#voxels_atlas"},"west":{"uv":[12.625,10.5,12.875,10.625],"texture":"#voxels_atlas"},"east":{"uv":[12.875,10.375,12.625,10.5],"texture":"#voxels_atlas"}}},{"from":[14.0,0.0,22.0],"to":[17.0,0.25,22.25],"faces":{"down":{"uv":[12.0,12.5,13.5,12.625],"texture":"#voxels_atlas"},"up":{"uv":[10.5,12.625,12.0,12.5],"texture":"#voxels_atlas"},"north":{"uv":[15.0,12.625,13.5,12.75],"texture":"#voxels_atlas"},"south":{"uv":[12.0,12.625,13.5,12.75],"texture":"#voxels_atlas"},"west":{"uv":[13.875,11.0,14.0,11.125],"texture":"#voxels_atlas"},"east":{"uv":[13.875,11.0,13.75,11.125],"texture":"#voxels_atlas"}}},{"from":[14.0,0.25,9.25],"to":[18.5,0.5,9.5],"faces":{"down":{"uv":[6.125,12.375,8.375,12.5],"texture":"#voxels_atlas"},"up":{"uv":[6.125,12.625,8.375,12.5],"texture":"#voxels_atlas"},"north":{"uv":[8.375,12.625,6.125,12.75],"texture":"#voxels_atlas"},"south":{"uv":[6.125,12.0,8.375,12.125],"texture":"#voxels_atlas"},"west":{"uv":[12.875,11.0,13.0,11.125],"texture":"#voxels_atlas"},"east":{"uv":[12.875,8.0,12.75,8.125],"texture":"#voxels_atlas"}}},{"from":[14.25,0.0,11.25],"to":[18.5,0.25,12.0],"faces":{"down":{"uv":[3.5,11.5,5.625,11.875],"texture":"#voxels_atlas"},"up":{"uv":[3.5,12.25,5.625,11.875],"texture":"#voxels_atlas"},"north":{"uv":[8.25,11.25,6.125,11.375],"texture":"#voxels_atlas"},"south":{"uv":[6.125,11.375,8.25,11.5],"texture":"#voxels_atlas"},"west":{"uv":[12.25,11.0,12.625,11.125],"texture":"#voxels_atlas"},"east":{"uv":[12.625,10.875,12.25,11.0],"texture":"#voxels_atlas"}}},{"from":[14.25,0.0,12.0],"to":[18.25,0.25,12.5],"faces":{"down":{"uv":[3.5,9.5,5.5,9.75],"texture":"#voxels_atlas"},"up":{"uv":[3.5,10.0,5.5,9.75],"texture":"#voxels_atlas"},"north":{"uv":[8.125,10.75,6.125,10.875],"texture":"#voxels_atlas"},"south":{"uv":[6.125,10.875,8.125,11.0],"texture":"#voxels_atlas"},"west":{"uv":[12.625,10.0,12.875,10.125],"texture":"#voxels_atlas"},"east":{"uv":[12.875,9.875,12.625,10.0],"texture":"#voxels_atlas"}}},{"from":[14.25,0.0,14.0],"to":[18.0,0.25,14.25],"faces":{"down":{"uv":[6.125,10.0,8.0,10.125],"texture":"#voxels_atlas"},"up":{"uv":[6.125,9.625,8.0,9.5],"texture":"#voxels_atlas"},"north":{"uv":[8.0,9.25,6.125,9.375],"texture":"#voxels_atlas"},"south":{"uv":[6.125,9.375,8.0,9.5],"texture":"#voxels_atlas"},"west":{"uv":[12.5,8.75,12.625,8.875],"texture":"#voxels_atlas"},"east":{"uv":[12.625,8.875,12.5,9.0],"texture":"#voxels_atlas"}}},{"from":[14.25,0.0,18.0],"to":[18.0,0.25,19.75],"faces":{"down":{"uv":[1.625,14.375,3.5,15.25],"texture":"#voxels_atlas"},"up":{"uv":[1.625,14.375,3.5,13.5],"texture":"#voxels_atlas"},"north":{"uv":[8.0,9.125,6.125,9.25],"texture":"#voxels_atlas"},"south":{"uv":[6.125,10.125,8.0,10.25],"texture":"#voxels_atlas"},"west":{"uv":[14.75,11.875,15.625,12.0],"texture":"#voxels_atlas"},"east":{"uv":[14.75,11.875,13.875,12.0],"texture":"#voxels_atlas"}}},{"from":[14.25,0.0,19.75],"to":[17.75,0.25,20.5],"faces":{"down":{"uv":[1.625,12.125,3.375,12.5],"texture":"#voxels_atlas"},"up":{"uv":[1.625,11.375,3.375,11.0],"texture":"#voxels_atlas"},"north":{"uv":[8.5,8.875,6.75,9.0],"texture":"#voxels_atlas"},"south":{"uv":[6.75,8.625,8.5,8.75],"texture":"#voxels_atlas"},"west":{"uv":[3.125,10.125,3.5,10.25],"texture":"#voxels_atlas"},"east":{"uv":[3.5,10.0,3.125,10.125],"texture":"#voxels_atlas"}}},{"from":[14.25,0.0,20.5],"to":[17.5,0.25,20.75],"faces":{"down":{"uv":[8.875,12.75,10.5,12.875],"texture":"#voxels_atlas"},"up":{"uv":[8.875,13.25,10.5,13.125],"texture":"#voxels_atlas"},"north":{"uv":[8.375,8.0,6.75,8.125],"texture":"#voxels_atlas"},"south":{"uv":[8.875,13.625,10.5,13.75],"texture":"#voxels_atlas"},"west":{"uv":[12.125,8.5,12.25,8.625],"texture":"#voxels_atlas"},"east":{"uv":[12.25,8.625,12.125,8.75],"texture":"#voxels_atlas"}}},{"from":[14.5,-0.25,9.0],"to":[17.75,0.0,9.25],"faces":{"down":{"uv":[8.875,13.25,10.5,13.375],"texture":"#voxels_atlas"},"up":{"uv":[13.75,13.75,15.375,13.625],"texture":"#voxels_atlas"},"north":{"uv":[13.75,13.625,12.125,13.75],"texture":"#voxels_atlas"},"south":{"uv":[10.5,13.625,12.125,13.75],"texture":"#voxels_atlas"},"west":{"uv":[13.0,9.0,13.125,9.125],"texture":"#voxels_atlas"},"east":{"uv":[13.125,9.375,13.0,9.5],"texture":"#voxels_atlas"}}},{"from":[14.5,0.0,7.0],"to":[14.75,0.25,7.5],"faces":{"down":{"uv":[1.5,8.0,1.625,8.25],"texture":"#voxels_atlas"},"up":{"uv":[3.375,12.5,3.5,12.25],"texture":"#voxels_atlas"},"north":{"uv":[13.125,9.5,13.0,9.625],"texture":"#voxels_atlas"},"south":{"uv":[13.0,10.625,13.125,10.75],"texture":"#voxels_atlas"},"west":{"uv":[12.25,9.875,12.5,10.0],"texture":"#voxels_atlas"},"east":{"uv":[12.5,9.75,12.25,9.875],"texture":"#voxels_atlas"}}},{"from":[14.5,0.0,14.25],"to":[18.0,0.25,15.25],"faces":{"down":{"uv":[1.625,13.0,3.375,13.5],"texture":"#voxels_atlas"},"up":{"uv":[1.625,13.0,3.375,12.5],"texture":"#voxels_atlas"},"north":{"uv":[8.5,8.75,6.75,8.875],"texture":"#voxels_atlas"},"south":{"uv":[6.75,8.5,8.5,8.625],"texture":"#voxels_atlas"},"west":{"uv":[3.0,9.125,3.5,9.25],"texture":"#voxels_atlas"},"east":{"uv":[8.875,12.875,8.375,13.0],"texture":"#voxels_atlas"}}},{"from":[14.5,0.25,9.0],"to":[17.75,0.5,9.25],"faces":{"down":{"uv":[10.5,13.5,12.125,13.625],"texture":"#voxels_atlas"},"up":{"uv":[8.875,13.625,10.5,13.5],"texture":"#voxels_atlas"},"north":{"uv":[10.5,12.625,8.875,12.75],"texture":"#voxels_atlas"},"south":{"uv":[12.125,13.5,13.75,13.625],"texture":"#voxels_atlas"},"west":{"uv":[15.0,11.0,15.125,11.125],"texture":"#voxels_atlas"},"east":{"uv":[15.25,11.0,15.125,11.125],"texture":"#voxels_atlas"}}},{"from":[14.75,-0.25,10.75],"to":[17.25,0.0,11.0],"faces":{"down":{"uv":[10.625,9.875,11.875,10.0],"texture":"#voxels_atlas"},"up":{"uv":[10.625,11.5,11.875,11.375],"texture":"#voxels_atlas"},"north":{"uv":[11.875,11.5,10.625,11.625],"texture":"#voxels_atlas"},"south":{"uv":[10.625,11.625,11.875,11.75],"texture":"#voxels_atlas"},"west":{"uv":[13.0,10.875,13.125,11.0],"texture":"#voxels_atlas"},"east":{"uv":[13.125,10.75,13.0,10.875],"texture":"#voxels_atlas"}}},{"from":[14.75,0.0,15.25],"to":[18.0,0.25,18.0],"faces":{"down":{"uv":[0.0,12.75,1.625,14.125],"texture":"#voxels_atlas"},"up":{"uv":[0.0,15.5,1.625,14.125],"texture":"#voxels_atlas"},"north":{"uv":[15.375,13.5,13.75,13.625],"texture":"#voxels_atlas"},"south":{"uv":[8.875,13.375,10.5,13.5],"texture":"#voxels_atlas"},"west":{"uv":[9.125,9.0,10.5,9.125],"texture":"#voxels_atlas"},"east":{"uv":[10.5,8.875,9.125,9.0],"texture":"#voxels_atlas"}}},{"from":[14.75,0.25,10.75],"to":[17.25,0.5,11.0],"faces":{"down":{"uv":[14.75,14.875,16.0,15.0],"texture":"#voxels_atlas"},"up":{"uv":[14.75,15.125,16.0,15.0],"texture":"#voxels_atlas"},"north":{"uv":[16.0,15.125,14.75,15.25],"texture":"#voxels_atlas"},"south":{"uv":[10.625,10.0,11.875,10.125],"texture":"#voxels_atlas"},"west":{"uv":[12.875,8.375,13.0,8.5],"texture":"#voxels_atlas"},"east":{"uv":[13.0,8.25,12.875,8.375],"texture":"#voxels_atlas"}}},{"from":[15.0,-0.5,9.25],"to":[16.25,-0.25,10.0],"faces":{"down":{"uv":[6.125,8.75,6.75,9.125],"texture":"#voxels_atlas"},"up":{"uv":[5.375,8.625,6.0,8.25],"texture":"#voxels_atlas"},"north":{"uv":[14.25,11.5,13.625,11.625],"texture":"#voxels_atlas"},"south":{"uv":[14.25,11.5,14.875,11.625],"texture":"#voxels_atlas"},"west":{"uv":[3.125,9.25,3.5,9.375],"texture":"#voxels_atlas"},"east":{"uv":[3.5,9.375,3.125,9.5],"texture":"#voxels_atlas"}}},{"from":[15.0,0.0,8.25],"to":[15.25,0.25,8.5],"faces":{"down":{"uv":[13.0,8.875,13.125,9.0],"texture":"#voxels_atlas"},"up":{"uv":[13.0,8.125,13.125,8.0],"texture":"#voxels_atlas"},"north":{"uv":[13.25,10.75,13.125,10.875],"texture":"#voxels_atlas"},"south":{"uv":[13.5,10.75,13.625,10.875],"texture":"#voxels_atlas"},"west":{"uv":[13.625,10.75,13.75,10.875],"texture":"#voxels_atlas"},"east":{"uv":[12.25,9.0,12.125,9.125],"texture":"#voxels_atlas"}}},{"from":[15.0,0.5,9.25],"to":[16.25,0.75,10.0],"faces":{"down":{"uv":[5.375,8.625,6.0,9.0],"texture":"#voxels_atlas"},"up":{"uv":[6.125,8.75,6.75,8.375],"texture":"#voxels_atlas"},"north":{"uv":[8.875,11.0,8.25,11.125],"texture":"#voxels_atlas"},"south":{"uv":[8.25,11.375,8.875,11.5],"texture":"#voxels_atlas"},"west":{"uv":[5.75,12.625,6.125,12.75],"texture":"#voxels_atlas"},"east":{"uv":[15.625,11.375,15.25,11.5],"texture":"#voxels_atlas"}}},{"from":[15.25,-0.5,10.0],"to":[16.5,-0.25,11.0],"faces":{"down":{"uv":[4.75,8.0,5.375,8.5],"texture":"#voxels_atlas"},"up":{"uv":[4.75,9.0,5.375,8.5],"texture":"#voxels_atlas"},"north":{"uv":[6.125,9.75,5.5,9.875],"texture":"#voxels_atlas"},"south":{"uv":[5.5,9.625,6.125,9.75],"texture":"#voxels_atlas"},"west":{"uv":[8.375,12.75,8.875,12.875],"texture":"#voxels_atlas"},"east":{"uv":[13.75,11.375,13.25,11.5],"texture":"#voxels_atlas"}}},{"from":[15.25,0.0,9.0],"to":[18.25,0.25,9.5],"faces":{"down":{"uv":[1.625,10.0,3.125,10.25],"texture":"#voxels_atlas"},"up":{"uv":[0.0,8.25,1.5,8.0],"texture":"#voxels_atlas"},"north":{"uv":[10.375,10.0,8.875,10.125],"texture":"#voxels_atlas"},"south":{"uv":[8.875,10.125,10.375,10.25],"texture":"#voxels_atlas"},"west":{"uv":[13.375,11.25,13.625,11.375],"texture":"#voxels_atlas"},"east":{"uv":[13.875,11.25,13.625,11.375],"texture":"#voxels_atlas"}}},{"from":[15.25,0.5,10.0],"to":[16.5,0.75,11.0],"faces":{"down":{"uv":[4.125,8.0,4.75,8.5],"texture":"#voxels_atlas"},"up":{"uv":[3.5,9.0,4.125,8.5],"texture":"#voxels_atlas"},"north":{"uv":[6.75,8.25,6.125,8.375],"texture":"#voxels_atlas"},"south":{"uv":[6.125,8.125,6.75,8.25],"texture":"#voxels_atlas"},"west":{"uv":[8.375,11.75,8.875,11.875],"texture":"#voxels_atlas"},"east":{"uv":[8.875,12.125,8.375,12.25],"texture":"#voxels_atlas"}}},{"from":[16.25,-0.5,9.75],"to":[16.5,-0.25,10.0],"faces":{"down":{"uv":[12.5,8.5,12.625,8.625],"texture":"#voxels_atlas"},"up":{"uv":[12.5,8.5,12.625,8.375],"texture":"#voxels_atlas"},"north":{"uv":[12.625,8.25,12.5,8.375],"texture":"#voxels_atlas"},"south":{"uv":[12.5,8.125,12.625,8.25],"texture":"#voxels_atlas"},"west":{"uv":[12.5,8.0,12.625,8.125],"texture":"#voxels_atlas"},"east":{"uv":[16.0,11.25,15.875,11.375],"texture":"#voxels_atlas"}}},{"from":[16.25,0.0,3.5],"to":[16.5,0.25,5.75],"faces":{"down":{"uv":[11.875,11.0,12.0,12.125],"texture":"#voxels_atlas"},"up":{"uv":[10.5,9.625,10.625,8.5],"texture":"#voxels_atlas"},"north":{"uv":[12.875,9.75,12.75,9.875],"texture":"#voxels_atlas"},"south":{"uv":[12.625,9.625,12.75,9.75],"texture":"#voxels_atlas"},"west":{"uv":[10.625,9.375,11.75,9.5],"texture":"#voxels_atlas"},"east":{"uv":[11.75,8.625,10.625,8.75],"texture":"#voxels_atlas"}}},{"from":[16.25,0.0,6.25],"to":[17.75,0.25,7.25],"faces":{"down":{"uv":[1.625,10.25,2.375,10.75],"texture":"#voxels_atlas"},"up":{"uv":[2.375,10.75,3.125,10.25],"texture":"#voxels_atlas"},"north":{"uv":[14.375,11.75,13.625,11.875],"texture":"#voxels_atlas"},"south":{"uv":[14.375,11.75,15.125,11.875],"texture":"#voxels_atlas"},"west":{"uv":[8.375,12.25,8.875,12.375],"texture":"#voxels_atlas"},"east":{"uv":[8.875,12.625,8.375,12.75],"texture":"#voxels_atlas"}}},{"from":[16.25,0.0,7.5],"to":[18.0,0.25,9.0],"faces":{"down":{"uv":[0.0,11.0,0.875,11.75],"texture":"#voxels_atlas"},"up":{"uv":[0.0,11.0,0.875,10.25],"texture":"#voxels_atlas"},"north":{"uv":[15.75,12.0,14.875,12.125],"texture":"#voxels_atlas"},"south":{"uv":[14.0,12.0,14.875,12.125],"texture":"#voxels_atlas"},"west":{"uv":[15.125,11.75,15.875,11.875],"texture":"#voxels_atlas"},"east":{"uv":[12.875,11.625,12.125,11.75],"texture":"#voxels_atlas"}}},{"from":[16.25,0.5,9.75],"to":[16.5,0.75,10.0],"faces":{"down":{"uv":[12.75,8.75,12.875,8.875],"texture":"#voxels_atlas"},"up":{"uv":[12.625,8.75,12.75,8.625],"texture":"#voxels_atlas"},"north":{"uv":[12.875,8.625,12.75,8.75],"texture":"#voxels_atlas"},"south":{"uv":[12.625,8.5,12.75,8.625],"texture":"#voxels_atlas"},"west":{"uv":[12.75,8.5,12.875,8.625],"texture":"#voxels_atlas"},"east":{"uv":[12.75,8.375,12.625,8.5],"texture":"#voxels_atlas"}}},{"from":[16.5,-0.5,10.75],"to":[16.75,-0.25,11.0],"faces":{"down":{"uv":[12.75,8.375,12.875,8.5],"texture":"#voxels_atlas"},"up":{"uv":[12.625,8.375,12.75,8.25],"texture":"#voxels_atlas"},"north":{"uv":[12.875,8.25,12.75,8.375],"texture":"#voxels_atlas"},"south":{"uv":[12.625,8.125,12.75,8.25],"texture":"#voxels_atlas"},"west":{"uv":[12.75,8.125,12.875,8.25],"texture":"#voxels_atlas"},"east":{"uv":[12.75,8.0,12.625,8.125],"texture":"#voxels_atlas"}}},{"from":[16.5,0.0,3.75],"to":[16.75,0.25,6.25],"faces":{"down":{"uv":[10.5,9.625,10.625,10.875],"texture":"#voxels_atlas"},"up":{"uv":[10.5,12.125,10.625,10.875],"texture":"#voxels_atlas"},"north":{"uv":[13.125,11.0,13.0,11.125],"texture":"#voxels_atlas"},"south":{"uv":[13.125,11.0,13.25,11.125],"texture":"#voxels_atlas"},"west":{"uv":[14.75,14.75,16.0,14.875],"texture":"#voxels_atlas"},"east":{"uv":[11.875,10.75,10.625,10.875],"texture":"#voxels_atlas"}}},{"from":[16.5,0.0,7.25],"to":[18.0,0.25,7.5],"faces":{"down":{"uv":[12.125,11.5,12.875,11.625],"texture":"#voxels_atlas"},"up":{"uv":[12.875,11.625,13.625,11.5],"texture":"#voxels_atlas"},"north":{"uv":[1.625,11.125,0.875,11.25],"texture":"#voxels_atlas"},"south":{"uv":[0.875,11.0,1.625,11.125],"texture":"#voxels_atlas"},"west":{"uv":[14.0,11.0,14.125,11.125],"texture":"#voxels_atlas"},"east":{"uv":[14.25,11.0,14.125,11.125],"texture":"#voxels_atlas"}}},{"from":[16.5,0.5,10.75],"to":[16.75,0.75,11.0],"faces":{"down":{"uv":[14.25,11.0,14.375,11.125],"texture":"#voxels_atlas"},"up":{"uv":[14.375,11.125,14.5,11.0],"texture":"#voxels_atlas"},"north":{"uv":[14.625,11.0,14.5,11.125],"texture":"#voxels_atlas"},"south":{"uv":[14.625,11.0,14.75,11.125],"texture":"#voxels_atlas"},"west":{"uv":[14.75,11.0,14.875,11.125],"texture":"#voxels_atlas"},"east":{"uv":[15.0,11.0,14.875,11.125],"texture":"#voxels_atlas"}}},{"from":[16.75,0.0,4.0],"to":[17.0,0.25,6.25],"faces":{"down":{"uv":[11.875,9.875,12.0,11.0],"texture":"#voxels_atlas"},"up":{"uv":[11.875,9.875,12.0,8.75],"texture":"#voxels_atlas"},"north":{"uv":[15.375,11.0,15.25,11.125],"texture":"#voxels_atlas"},"south":{"uv":[15.375,11.0,15.5,11.125],"texture":"#voxels_atlas"},"west":{"uv":[10.625,8.0,11.75,8.125],"texture":"#voxels_atlas"},"east":{"uv":[13.125,12.0,12.0,12.125],"texture":"#voxels_atlas"}}},{"from":[17.0,0.0,4.5],"to":[17.25,0.25,6.25],"faces":{"down":{"uv":[12.0,10.25,12.125,11.125],"texture":"#voxels_atlas"},"up":{"uv":[12.0,12.0,12.125,11.125],"texture":"#voxels_atlas"},"north":{"uv":[13.0,10.875,12.875,11.0],"texture":"#voxels_atlas"},"south":{"uv":[12.875,10.75,13.0,10.875],"texture":"#voxels_atlas"},"west":{"uv":[8.0,10.125,8.875,10.25],"texture":"#voxels_atlas"},"east":{"uv":[8.875,10.0,8.0,10.125],"texture":"#voxels_atlas"}}},{"from":[17.25,0.0,5.0],"to":[17.5,0.25,6.25],"faces":{"down":{"uv":[10.375,9.25,10.5,9.875],"texture":"#voxels_atlas"},"up":{"uv":[11.875,8.75,12.0,8.125],"texture":"#voxels_atlas"},"north":{"uv":[13.0,10.125,12.875,10.25],"texture":"#voxels_atlas"},"south":{"uv":[12.875,10.0,13.0,10.125],"texture":"#voxels_atlas"},"west":{"uv":[8.25,11.25,8.875,11.375],"texture":"#voxels_atlas"},"east":{"uv":[8.875,11.125,8.25,11.25],"texture":"#voxels_atlas"}}},{"from":[17.5,0.0,5.5],"to":[17.75,0.25,6.25],"faces":{"down":{"uv":[1.375,9.125,1.5,9.5],"texture":"#voxels_atlas"},"up":{"uv":[1.5,9.125,1.625,8.75],"texture":"#voxels_atlas"},"north":{"uv":[13.0,9.375,12.875,9.5],"texture":"#voxels_atlas"},"south":{"uv":[12.875,9.25,13.0,9.375],"texture":"#voxels_atlas"},"west":{"uv":[12.25,11.125,12.625,11.25],"texture":"#voxels_atlas"},"east":{"uv":[6.125,10.125,5.75,10.25],"texture":"#voxels_atlas"}}},{"from":[17.75,0.0,6.75],"to":[18.0,0.25,7.25],"faces":{"down":{"uv":[3.375,11.125,3.5,11.375],"texture":"#voxels_atlas"},"up":{"uv":[3.375,10.75,3.5,10.5],"texture":"#voxels_atlas"},"north":{"uv":[13.0,8.625,12.875,8.75],"texture":"#voxels_atlas"},"south":{"uv":[12.875,8.5,13.0,8.625],"texture":"#voxels_atlas"},"west":{"uv":[13.625,11.125,13.875,11.25],"texture":"#voxels_atlas"},"east":{"uv":[14.625,11.125,14.375,11.25],"texture":"#voxels_atlas"}}},{"from":[18.0,-0.5,9.5],"to":[18.5,-0.25,11.0],"faces":{"down":{"uv":[9.375,9.125,9.625,9.875],"texture":"#voxels_atlas"},"up":{"uv":[9.125,9.875,9.375,9.125],"texture":"#voxels_atlas"},"north":{"uv":[14.875,11.125,14.625,11.25],"texture":"#voxels_atlas"},"south":{"uv":[12.25,9.625,12.5,9.75],"texture":"#voxels_atlas"},"west":{"uv":[0.875,10.375,1.625,10.5],"texture":"#voxels_atlas"},"east":{"uv":[1.625,10.25,0.875,10.375],"texture":"#voxels_atlas"}}},{"from":[18.0,-0.25,10.75],"to":[18.75,0.0,11.0],"faces":{"down":{"uv":[12.25,11.25,12.625,11.375],"texture":"#voxels_atlas"},"up":{"uv":[8.5,13.125,8.875,13.0],"texture":"#voxels_atlas"},"north":{"uv":[8.875,8.125,8.5,8.25],"texture":"#voxels_atlas"},"south":{"uv":[8.5,8.0,8.875,8.125],"texture":"#voxels_atlas"},"west":{"uv":[14.0,10.875,14.125,11.0],"texture":"#voxels_atlas"},"east":{"uv":[14.25,10.875,14.125,11.0],"texture":"#voxels_atlas"}}},{"from":[18.0,0.0,8.75],"to":[18.25,0.25,9.0],"faces":{"down":{"uv":[14.25,10.875,14.375,11.0],"texture":"#voxels_atlas"},"up":{"uv":[14.375,11.0,14.5,10.875],"texture":"#voxels_atlas"},"north":{"uv":[14.625,10.875,14.5,11.0],"texture":"#voxels_atlas"},"south":{"uv":[14.625,10.875,14.75,11.0],"texture":"#voxels_atlas"},"west":{"uv":[14.75,10.875,14.875,11.0],"texture":"#voxels_atlas"},"east":{"uv":[15.0,10.875,14.875,11.0],"texture":"#voxels_atlas"}}},{"from":[18.0,0.25,10.75],"to":[18.75,0.5,11.0],"faces":{"down":{"uv":[10.125,9.125,10.5,9.25],"texture":"#voxels_atlas"},"up":{"uv":[14.125,11.5,14.5,11.375],"texture":"#voxels_atlas"},"north":{"uv":[6.125,12.375,5.75,12.5],"texture":"#voxels_atlas"},"south":{"uv":[5.75,12.5,6.125,12.625],"texture":"#voxels_atlas"},"west":{"uv":[15.5,10.875,15.625,11.0],"texture":"#voxels_atlas"},"east":{"uv":[15.75,10.875,15.625,11.0],"texture":"#voxels_atlas"}}},{"from":[18.0,0.5,9.5],"to":[18.5,0.75,11.0],"faces":{"down":{"uv":[8.875,8.375,9.125,9.125],"texture":"#voxels_atlas"},"up":{"uv":[8.875,9.875,9.125,9.125],"texture":"#voxels_atlas"},"north":{"uv":[15.125,11.125,14.875,11.25],"texture":"#voxels_atlas"},"south":{"uv":[15.125,11.125,15.375,11.25],"texture":"#voxels_atlas"},"west":{"uv":[5.375,8.125,6.125,8.25],"texture":"#voxels_atlas"},"east":{"uv":[6.125,8.0,5.375,8.125],"texture":"#voxels_atlas"}}},{"from":[18.25,0.0,9.25],"to":[18.5,0.25,9.5],"faces":{"down":{"uv":[13.0,10.25,13.125,10.375],"texture":"#voxels_atlas"},"up":{"uv":[13.0,10.25,13.125,10.125],"texture":"#voxels_atlas"},"north":{"uv":[13.125,10.0,13.0,10.125],"texture":"#voxels_atlas"},"south":{"uv":[13.0,9.875,13.125,10.0],"texture":"#voxels_atlas"},"west":{"uv":[13.0,9.75,13.125,9.875],"texture":"#voxels_atlas"},"east":{"uv":[13.125,9.625,13.0,9.75],"texture":"#voxels_atlas"}}},{"from":[18.5,-0.5,10.25],"to":[18.75,-0.25,10.75],"faces":{"down":{"uv":[3.375,10.25,3.5,10.5],"texture":"#voxels_atlas"},"up":{"uv":[3.375,10.0,3.5,9.75],"texture":"#voxels_atlas"},"north":{"uv":[13.125,9.25,13.0,9.375],"texture":"#voxels_atlas"},"south":{"uv":[13.0,9.125,13.125,9.25],"texture":"#voxels_atlas"},"west":{"uv":[15.375,11.125,15.625,11.25],"texture":"#voxels_atlas"},"east":{"uv":[15.875,11.125,15.625,11.25],"texture":"#voxels_atlas"}}},{"from":[18.5,-0.25,9.5],"to":[18.75,0.0,9.75],"faces":{"down":{"uv":[13.0,8.75,13.125,8.875],"texture":"#voxels_atlas"},"up":{"uv":[13.0,8.75,13.125,8.625],"texture":"#voxels_atlas"},"north":{"uv":[13.125,8.5,13.0,8.625],"texture":"#voxels_atlas"},"south":{"uv":[13.0,8.375,13.125,8.5],"texture":"#voxels_atlas"},"west":{"uv":[13.0,8.25,13.125,8.375],"texture":"#voxels_atlas"},"east":{"uv":[13.125,8.125,13.0,8.25],"texture":"#voxels_atlas"}}},{"from":[18.5,0.5,10.25],"to":[18.75,0.75,10.75],"faces":{"down":{"uv":[3.375,9.5,3.5,9.75],"texture":"#voxels_atlas"},"up":{"uv":[6.0,9.0,6.125,8.75],"texture":"#voxels_atlas"},"north":{"uv":[13.375,10.75,13.25,10.875],"texture":"#voxels_atlas"},"south":{"uv":[13.375,10.75,13.5,10.875],"texture":"#voxels_atlas"},"west":{"uv":[12.625,11.0,12.875,11.125],"texture":"#voxels_atlas"},"east":{"uv":[12.875,10.875,12.625,11.0],"texture":"#voxels_atlas"}}}],"textures":{"voxels_atlas":"item/diamond_sword/hades"}}