{"display":{"thirdperson_righthand":{"rotation":[12.0,-180.0,0.0],"translation":[-8.0,13.0,1.0],"scale":[0.925,0.925,0.925]},"thirdperson_lefthand":{"rotation":[12.0,-180.0,0.0],"translation":[8.0,13.0,1.0],"scale":[0.925,0.925,0.925]},"firstperson_righthand":{"rotation":[-8.0,-162.0,0.0],"translation":[0.0,9.0,-16.0],"scale":[1.15,1.3,1.15]},"firstperson_lefthand":{"rotation":[-8.0,-162.0,0.0],"translation":[18.0,9.0,-20.0],"scale":[1.15,1.3,1.15]},"gui":{"rotation":[-77.0,144.0,31.0],"translation":[-0.695,-3.0,0.0],"scale":[0.576,0.7498,0.9239]},"head":{"rotation":[-90.0,-48.0,90.0],"translation":[-9.0,-20.0,-5.0],"scale":[1.15,1.3,1.15]},"ground":{"translation":[0.0,12.0,0.0]},"fixed":{"rotation":[90.0,-45.0,-90.0],"translation":[0.0,-5.0,-9.0]}},"elements":[{"from":[-1.3382,-12.75,5.2507],"to":[-0.8382,-5.0,5.7507],"rotation":{"origin":[-0.7937498,-12.75,4.4375],"axis":"y","angle":45.0},"faces":{"down":{"uv":[0.0,8.5,2.5,16.0],"texture":"#0"},"up":{"uv":[0.0,0.0,2.5,16.0],"texture":"#0"},"north":{"uv":[8.0,8.5,16.0,16.0],"texture":"#0"},"south":{"uv":[0.0,0.0,2.5,16.0],"texture":"#0"},"west":{"uv":[0.0,0.0,2.5,16.0],"texture":"#0"}}},{"from":[-0.25,-12.75,5.25],"to":[0.0,-7.0,5.75],"faces":{"south":{"uv":[0.0,0.0,2.5,16.0],"texture":"#0"},"west":{"uv":[0.0,0.0,2.5,16.0],"texture":"#0"},"east":{"uv":[0.0,0.0,2.5,16.0],"texture":"#0"}}},{"from":[-0.3661,-12.75,6.1304],"to":[0.1339,-5.0,6.6304],"rotation":{"origin":[-1.25,-12.75,5.75],"axis":"y","angle":45.0},"faces":{"down":{"uv":[0.0,0.0,2.5,16.0],"texture":"#0"},"up":{"uv":[0.0,0.0,2.5,16.0],"texture":"#0"},"south":{"uv":[0.0,0.0,2.5,16.0],"texture":"#0"},"west":{"uv":[8.0,8.5,16.0,16.0],"texture":"#0"},"east":{"uv":[8.0,8.5,16.0,16.0],"texture":"#0"}}},{"from":[-0.1488,-12.75,4.3944],"to":[0.3512,-12.5,5.3944],"faces":{"up":{"uv":[0.0,11.0,2.5,15.0],"texture":"#0"},"north":{"uv":[0.0,1.0,4.5,2.0],"texture":"#0"},"south":{"uv":[0.0,1.0,4.5,2.0],"texture":"#0"},"east":{"uv":[0.0,1.0,4.5,2.0],"texture":"#0"}}},{"from":[0.5141,-12.75,5.4969],"to":[1.0141,-5.0,5.9969],"rotation":{"origin":[-1.25,-12.75,6.0],"axis":"y","angle":45.0},"faces":{"down":{"uv":[0.0,0.0,2.5,16.0],"texture":"#0"},"up":{"uv":[0.0,0.0,2.5,16.0],"texture":"#0"},"north":{"uv":[0.0,0.0,2.5,16.0],"texture":"#0"},"south":{"uv":[8.0,8.5,16.0,16.0],"texture":"#0"},"east":{"uv":[0.0,0.0,2.5,16.0],"texture":"#0"}}},{"from":[-0.255,-12.75,4.0444],"to":[-0.004999995,-7.0,4.5444],"faces":{"north":{"uv":[0.0,0.0,2.5,16.0],"texture":"#0"},"west":{"uv":[0.0,0.0,2.5,16.0],"texture":"#0"},"east":{"uv":[0.0,0.0,2.5,16.0],"texture":"#0"}}},{"from":[-0.3889,-12.75,3.164],"to":[0.1111,-5.0,3.664],"rotation":{"origin":[0.9949999,-12.75,4.044375],"axis":"y","angle":45.0},"faces":{"down":{"uv":[0.0,0.0,2.5,16.0],"texture":"#0"},"up":{"uv":[0.0,0.0,2.5,16.0],"texture":"#0"},"north":{"uv":[0.0,0.0,2.5,16.0],"texture":"#0"},"west":{"uv":[8.0,8.5,16.0,16.0],"texture":"#0"},"east":{"uv":[8.0,8.5,16.0,16.0],"texture":"#0"}}},{"from":[-0.6063,-12.75,4.4],"to":[-0.1063,-12.5,5.4],"faces":{"up":{"uv":[2.0,0.0,4.5,4.0],"texture":"#0"},"north":{"uv":[0.0,4.0,4.5,5.0],"texture":"#0"},"south":{"uv":[0.0,4.0,4.5,5.0],"texture":"#0"},"west":{"uv":[0.0,4.0,4.5,5.0],"texture":"#0"}}},{"from":[-0.1488,-12.5,4.3944],"to":[0.3512,-12.0,4.6444],"faces":{"north":{"uv":[1.0,0.0,3.0,2.0],"texture":"#0"},"south":{"uv":[1.0,0.0,3.0,2.0],"texture":"#0"},"east":{"uv":[1.0,0.0,3.0,2.0],"texture":"#0"}}},{"from":[-0.6063,-12.5,4.4],"to":[-0.1063,-12.0,4.65],"faces":{"north":{"uv":[0.0,0.0,2.0,2.0],"texture":"#0"},"south":{"uv":[0.0,0.0,2.0,2.0],"texture":"#0"},"west":{"uv":[0.0,0.0,2.0,2.0],"texture":"#0"}}},{"from":[-0.6063,-12.5,5.15],"to":[-0.1063,-12.0,5.4],"faces":{"north":{"uv":[2.5,3.0,4.5,5.0],"texture":"#0"},"south":{"uv":[2.5,3.0,4.5,5.0],"texture":"#0"},"west":{"uv":[2.5,3.0,4.5,5.0],"texture":"#0"}}},{"from":[-0.1488,-12.5,5.1444],"to":[0.3512,-12.0,5.3944],"faces":{"north":{"uv":[2.5,1.5,4.5,3.5],"texture":"#0"},"south":{"uv":[2.5,1.5,4.5,3.5],"texture":"#0"},"east":{"uv":[2.5,1.5,4.5,3.5],"texture":"#0"}}},{"from":[-0.6063,-12.0,4.4],"to":[-0.1063,-11.5,5.4],"faces":{"down":{"uv":[0.0,3.0,2.5,7.0],"texture":"#0"},"up":{"uv":[0.0,3.0,2.5,7.0],"texture":"#0"},"north":{"uv":[0.0,0.0,4.5,2.0],"texture":"#0"},"south":{"uv":[0.0,0.0,4.5,2.0],"texture":"#0"},"west":{"uv":[0.0,0.0,4.5,2.0],"texture":"#0"}}},{"from":[-0.1488,-12.0,4.3944],"to":[0.3512,-11.5,5.3944],"faces":{"down":{"uv":[0.0,7.5,2.5,11.5],"texture":"#0"},"up":{"uv":[0.0,7.5,2.5,11.5],"texture":"#0"},"north":{"uv":[0.0,0.0,4.5,2.0],"texture":"#0"},"south":{"uv":[0.0,0.0,4.5,2.0],"texture":"#0"},"east":{"uv":[0.0,0.0,4.5,2.0],"texture":"#0"}}},{"from":[-0.1488,-11.5,5.1444],"to":[0.3512,-11.0,5.3944],"faces":{"north":{"uv":[0.0,1.5,2.0,3.5],"texture":"#0"},"south":{"uv":[0.0,1.5,2.0,3.5],"texture":"#0"},"east":{"uv":[0.0,1.5,2.0,3.5],"texture":"#0"}}},{"from":[-0.1488,-11.5,4.3944],"to":[0.3512,-11.0,4.6444],"faces":{"north":{"uv":[0.5,9.0,2.5,11.0],"texture":"#0"},"south":{"uv":[0.5,9.0,2.5,11.0],"texture":"#0"},"east":{"uv":[0.5,9.0,2.5,11.0],"texture":"#0"}}},{"from":[-0.6063,-11.5,4.4],"to":[-0.1063,-11.0,4.65],"faces":{"north":{"uv":[0.5,9.0,2.5,11.0],"texture":"#0"},"south":{"uv":[0.5,9.0,2.5,11.0],"texture":"#0"},"west":{"uv":[0.5,9.0,2.5,11.0],"texture":"#0"}}},{"from":[-0.6063,-11.5,5.15],"to":[-0.1063,-11.0,5.4],"faces":{"north":{"uv":[1.5,0.0,3.5,2.0],"texture":"#0"},"south":{"uv":[1.5,0.0,3.5,2.0],"texture":"#0"},"west":{"uv":[1.5,0.0,3.5,2.0],"texture":"#0"}}},{"from":[-0.6063,-11.0,4.4],"to":[-0.1063,-10.5,5.4],"faces":{"down":{"uv":[0.0,12.0,2.5,16.0],"texture":"#0"},"up":{"uv":[0.0,12.0,2.5,16.0],"texture":"#0"},"north":{"uv":[0.0,3.0,4.5,5.0],"texture":"#0"},"south":{"uv":[0.0,3.0,4.5,5.0],"texture":"#0"},"west":{"uv":[0.0,3.0,4.5,5.0],"texture":"#0"}}},{"from":[-0.1488,-11.0,4.3944],"to":[0.3512,-10.5,5.3944],"faces":{"down":{"uv":[0.0,3.0,2.5,7.0],"texture":"#0"},"up":{"uv":[0.0,3.0,2.5,7.0],"texture":"#0"},"north":{"uv":[0.0,3.0,4.5,5.0],"texture":"#0"},"south":{"uv":[0.0,3.0,4.5,5.0],"texture":"#0"},"east":{"uv":[0.0,3.0,4.5,5.0],"texture":"#0"}}},{"from":[-0.1488,-10.5,5.1444],"to":[0.3512,-10.0,5.3944],"faces":{"north":{"uv":[0.0,7.0,2.0,9.0],"texture":"#0"},"south":{"uv":[0.0,7.0,2.0,9.0],"texture":"#0"},"east":{"uv":[0.0,7.0,2.0,9.0],"texture":"#0"}}},{"from":[-0.1488,-10.5,4.3944],"to":[0.3512,-10.0,4.6444],"faces":{"north":{"uv":[2.0,2.0,4.0,4.0],"texture":"#0"},"south":{"uv":[2.0,2.0,4.0,4.0],"texture":"#0"},"east":{"uv":[2.0,2.0,4.0,4.0],"texture":"#0"}}},{"from":[-0.6063,-10.5,4.4],"to":[-0.1063,-10.0,4.65],"faces":{"north":{"uv":[0.5,9.5,2.5,11.5],"texture":"#0"},"south":{"uv":[0.5,9.5,2.5,11.5],"texture":"#0"},"west":{"uv":[0.5,9.5,2.5,11.5],"texture":"#0"}}},{"from":[-0.6063,-10.5,5.15],"to":[-0.1063,-10.0,5.4],"faces":{"north":{"uv":[0.0,5.5,2.0,7.5],"texture":"#0"},"south":{"uv":[0.0,5.5,2.0,7.5],"texture":"#0"},"west":{"uv":[0.0,5.5,2.0,7.5],"texture":"#0"}}},{"from":[-0.6063,-10.0,4.4],"to":[-0.1063,-9.5,5.4],"faces":{"down":{"uv":[0.0,5.5,2.5,9.5],"texture":"#0"},"up":{"uv":[0.0,5.5,2.5,9.5],"texture":"#0"},"north":{"uv":[0.0,1.0,4.5,3.0],"texture":"#0"},"south":{"uv":[0.0,1.0,4.5,3.0],"texture":"#0"},"west":{"uv":[0.0,1.0,4.5,3.0],"texture":"#0"}}},{"from":[-0.1488,-10.0,4.3944],"to":[0.3512,-9.5,5.3944],"faces":{"down":{"uv":[0.0,3.0,2.5,7.0],"texture":"#0"},"up":{"uv":[0.0,3.0,2.5,7.0],"texture":"#0"},"north":{"uv":[0.0,0.5,4.5,2.5],"texture":"#0"},"south":{"uv":[0.0,0.5,4.5,2.5],"texture":"#0"},"east":{"uv":[0.0,0.5,4.5,2.5],"texture":"#0"}}},{"from":[-0.1488,-9.5,5.1444],"to":[0.3512,-9.0,5.3944],"faces":{"north":{"uv":[2.0,0.0,4.0,2.0],"texture":"#0"},"south":{"uv":[2.0,0.0,4.0,2.0],"texture":"#0"},"east":{"uv":[2.0,0.0,4.0,2.0],"texture":"#0"}}},{"from":[-0.1488,-9.5,4.3944],"to":[0.3512,-9.0,4.6444],"faces":{"north":{"uv":[0.0,11.0,2.0,13.0],"texture":"#0"},"south":{"uv":[0.0,11.0,2.0,13.0],"texture":"#0"},"east":{"uv":[0.0,11.0,2.0,13.0],"texture":"#0"}}},{"from":[-0.6063,-9.5,4.4],"to":[-0.1063,-9.0,4.65],"faces":{"north":{"uv":[0.5,2.5,2.5,4.5],"texture":"#0"},"south":{"uv":[0.5,2.5,2.5,4.5],"texture":"#0"},"west":{"uv":[0.5,2.5,2.5,4.5],"texture":"#0"}}},{"from":[-0.6063,-9.5,5.15],"to":[-0.1063,-9.0,5.4],"faces":{"north":{"uv":[0.5,7.0,2.5,9.0],"texture":"#0"},"south":{"uv":[0.5,7.0,2.5,9.0],"texture":"#0"},"west":{"uv":[0.5,7.0,2.5,9.0],"texture":"#0"}}},{"from":[-0.6063,-9.0,4.4],"to":[-0.1063,-8.5,5.4],"faces":{"down":{"uv":[1.0,1.0,3.5,5.0],"texture":"#0"},"up":{"uv":[1.0,1.0,3.5,5.0],"texture":"#0"},"north":{"uv":[0.0,2.5,4.5,4.5],"texture":"#0"},"south":{"uv":[0.0,2.5,4.5,4.5],"texture":"#0"},"west":{"uv":[0.0,2.5,4.5,4.5],"texture":"#0"}}},{"from":[-0.1488,-9.0,4.3944],"to":[0.3512,-8.5,5.3944],"faces":{"down":{"uv":[1.0,0.5,3.5,4.5],"texture":"#0"},"up":{"uv":[1.0,0.5,3.5,4.5],"texture":"#0"},"north":{"uv":[0.0,3.0,4.5,5.0],"texture":"#0"},"south":{"uv":[0.0,3.0,4.5,5.0],"texture":"#0"},"east":{"uv":[0.0,3.0,4.5,5.0],"texture":"#0"}}},{"from":[-0.1488,-8.5,5.1444],"to":[0.3512,-8.0,5.3944],"faces":{"north":{"uv":[0.0,1.0,2.0,3.0],"texture":"#0"},"south":{"uv":[0.0,1.0,2.0,3.0],"texture":"#0"},"east":{"uv":[0.0,1.0,2.0,3.0],"texture":"#0"}}},{"from":[-0.1488,-8.5,4.3944],"to":[0.3512,-8.0,4.6444],"faces":{"north":{"uv":[2.5,3.0,4.5,5.0],"texture":"#0"},"south":{"uv":[2.5,3.0,4.5,5.0],"texture":"#0"},"east":{"uv":[2.5,3.0,4.5,5.0],"texture":"#0"}}},{"from":[-0.6063,-8.5,4.4],"to":[-0.1063,-8.0,4.65],"faces":{"north":{"uv":[0.0,13.5,2.0,15.5],"texture":"#0"},"south":{"uv":[0.0,13.5,2.0,15.5],"texture":"#0"},"west":{"uv":[0.0,13.5,2.0,15.5],"texture":"#0"}}},{"from":[-0.6063,-8.5,5.15],"to":[-0.1063,-8.0,5.4],"faces":{"north":{"uv":[2.0,1.0,4.0,3.0],"texture":"#0"},"south":{"uv":[2.0,1.0,4.0,3.0],"texture":"#0"},"west":{"uv":[2.0,1.0,4.0,3.0],"texture":"#0"}}},{"from":[-0.6063,-8.0,4.4],"to":[-0.1063,-7.5,5.4],"faces":{"down":{"uv":[0.0,0.0,2.5,4.0],"texture":"#0"},"up":{"uv":[0.0,0.0,2.5,4.0],"texture":"#0"},"north":{"uv":[0.0,3.0,4.5,5.0],"texture":"#0"},"south":{"uv":[0.0,3.0,4.5,5.0],"texture":"#0"},"west":{"uv":[0.0,3.0,4.5,5.0],"texture":"#0"}}},{"from":[-0.1488,-8.0,4.3944],"to":[0.3512,-7.5,5.3944],"faces":{"down":{"uv":[0.0,9.0,2.5,13.0],"texture":"#0"},"up":{"uv":[0.0,9.0,2.5,13.0],"texture":"#0"},"north":{"uv":[0.0,0.5,4.5,2.5],"texture":"#0"},"south":{"uv":[0.0,0.5,4.5,2.5],"texture":"#0"},"east":{"uv":[0.0,0.5,4.5,2.5],"texture":"#0"}}},{"from":[-0.1488,-7.5,5.1444],"to":[0.3512,-7.0,5.3944],"faces":{"north":{"uv":[0.0,13.0,2.0,15.0],"texture":"#0"},"south":{"uv":[0.0,13.0,2.0,15.0],"texture":"#0"},"east":{"uv":[0.0,13.0,2.0,15.0],"texture":"#0"}}},{"from":[-0.1488,-7.5,4.3944],"to":[0.3512,-7.0,4.6444],"faces":{"north":{"uv":[0.0,3.0,2.0,5.0],"texture":"#0"},"south":{"uv":[0.0,3.0,2.0,5.0],"texture":"#0"},"east":{"uv":[0.0,3.0,2.0,5.0],"texture":"#0"}}},{"from":[-0.6063,-7.5,4.4],"to":[-0.1063,-7.0,4.65],"faces":{"north":{"uv":[0.0,12.5,2.0,14.5],"texture":"#0"},"south":{"uv":[0.0,12.5,2.0,14.5],"texture":"#0"},"west":{"uv":[0.0,12.5,2.0,14.5],"texture":"#0"}}},{"from":[-0.6063,-7.5,5.15],"to":[-0.1063,-7.0,5.4],"faces":{"north":{"uv":[2.5,0.5,4.5,2.5],"texture":"#0"},"south":{"uv":[2.5,0.5,4.5,2.5],"texture":"#0"},"west":{"uv":[2.5,0.5,4.5,2.5],"texture":"#0"}}},{"from":[-0.6063,-7.0,4.4],"to":[-0.1063,-6.5,5.4],"faces":{"down":{"uv":[0.0,3.0,2.5,7.0],"texture":"#0"},"up":{"uv":[0.0,3.0,2.5,7.0],"texture":"#0"},"north":{"uv":[0.0,0.0,4.5,2.0],"texture":"#0"},"south":{"uv":[0.0,0.0,4.5,2.0],"texture":"#0"},"west":{"uv":[0.0,0.0,4.5,2.0],"texture":"#0"}}},{"from":[-0.25,-7.0,5.25],"to":[0.0,-6.5,5.75],"faces":{"south":{"uv":[1.0,5.5,2.0,8.5],"texture":"#0"},"west":{"uv":[1.0,5.5,2.0,8.5],"texture":"#0"},"east":{"uv":[1.0,5.5,2.0,8.5],"texture":"#0"}}},{"from":[-0.1488,-7.0,4.3944],"to":[0.3512,-6.5,5.3944],"faces":{"down":{"uv":[2.0,0.0,4.5,4.0],"texture":"#0"},"up":{"uv":[2.0,0.0,4.5,4.0],"texture":"#0"},"north":{"uv":[0.0,2.5,4.5,4.5],"texture":"#0"},"south":{"uv":[0.0,2.5,4.5,4.5],"texture":"#0"},"east":{"uv":[0.0,2.5,4.5,4.5],"texture":"#0"}}},{"from":[-0.255,-7.0,4.0444],"to":[-0.004999995,-6.5,5.2944],"faces":{"down":{"uv":[1.0,9.0,2.0,12.0],"texture":"#0"},"up":{"uv":[1.0,9.0,2.0,12.0],"texture":"#0"},"north":{"uv":[1.0,9.0,2.0,12.0],"texture":"#0"},"west":{"uv":[1.0,9.0,2.0,12.0],"texture":"#0"},"east":{"uv":[1.0,9.0,2.0,12.0],"texture":"#0"}}},{"from":[-0.1488,-6.5,5.1444],"to":[0.3512,-6.0,5.3944],"faces":{"north":{"uv":[0.0,5.0,2.0,7.0],"texture":"#0"},"south":{"uv":[0.0,5.0,2.0,7.0],"texture":"#0"},"east":{"uv":[0.0,5.0,2.0,7.0],"texture":"#0"}}},{"from":[-0.25,-6.5,5.25],"to":[0.0,-6.0,5.75],"faces":{"south":{"uv":[0.5,11.5,1.5,14.5],"texture":"#0"},"west":{"uv":[0.5,11.5,1.5,14.5],"texture":"#0"},"east":{"uv":[0.5,11.5,1.5,14.5],"texture":"#0"}}},{"from":[-0.1488,-6.5,4.3944],"to":[0.3512,-6.0,4.6444],"faces":{"north":{"uv":[1.5,0.5,3.5,2.5],"texture":"#0"},"south":{"uv":[1.5,0.5,3.5,2.5],"texture":"#0"},"east":{"uv":[1.5,0.5,3.5,2.5],"texture":"#0"}}},{"from":[-0.25,-6.5,4.5],"to":[0.0,-6.0,5.25],"faces":{"west":{"uv":[4.5,6.0,5.25,6.5],"texture":"#2"},"east":{"uv":[10.75,6.0,11.5,6.5],"texture":"#2"}}},{"from":[-0.6063,-6.5,4.4],"to":[-0.1063,-6.0,4.65],"faces":{"north":{"uv":[0.0,0.0,2.0,2.0],"texture":"#0"},"south":{"uv":[0.0,0.0,2.0,2.0],"texture":"#0"},"west":{"uv":[0.0,0.0,2.0,2.0],"texture":"#0"}}},{"from":[-0.255,-6.5,4.0444],"to":[-0.004999995,-6.0,4.5444],"faces":{"north":{"uv":[0.0,5.5,1.0,8.5],"texture":"#0"},"west":{"uv":[0.0,5.5,1.0,8.5],"texture":"#0"},"east":{"uv":[0.0,5.5,1.0,8.5],"texture":"#0"}}},{"from":[-0.6063,-6.5,5.15],"to":[-0.1063,-6.0,5.4],"faces":{"north":{"uv":[0.5,14.0,2.5,16.0],"texture":"#0"},"south":{"uv":[0.5,14.0,2.5,16.0],"texture":"#0"},"west":{"uv":[0.5,14.0,2.5,16.0],"texture":"#0"}}},{"from":[-0.6063,-6.0,4.4],"to":[-0.1063,-5.5,5.4],"faces":{"down":{"uv":[2.0,0.5,4.5,4.5],"texture":"#0"},"up":{"uv":[2.0,0.5,4.5,4.5],"texture":"#0"},"north":{"uv":[0.0,1.0,4.5,3.0],"texture":"#0"},"south":{"uv":[0.0,1.0,4.5,3.0],"texture":"#0"},"west":{"uv":[0.0,1.0,4.5,3.0],"texture":"#0"}}},{"from":[-0.25,-6.0,5.25],"to":[0.0,-5.5,5.75],"faces":{"south":{"uv":[1.5,13.0,2.5,16.0],"texture":"#0"},"west":{"uv":[1.5,13.0,2.5,16.0],"texture":"#0"},"east":{"uv":[1.5,13.0,2.5,16.0],"texture":"#0"}}},{"from":[-0.1488,-6.0,4.3944],"to":[0.3512,-5.5,5.3944],"faces":{"down":{"uv":[0.0,11.5,2.5,15.5],"texture":"#0"},"up":{"uv":[0.0,11.5,2.5,15.5],"texture":"#0"},"north":{"uv":[0.0,0.0,4.5,2.0],"texture":"#0"},"south":{"uv":[0.0,0.0,4.5,2.0],"texture":"#0"},"east":{"uv":[0.0,0.0,4.5,2.0],"texture":"#0"}}},{"from":[-0.255,-6.0,4.0444],"to":[-0.004999995,-5.5,5.2944],"faces":{"down":{"uv":[0.0,8.5,1.0,11.5],"texture":"#0"},"up":{"uv":[0.0,8.5,1.0,11.5],"texture":"#0"},"north":{"uv":[0.0,8.5,1.0,11.5],"texture":"#0"},"west":{"uv":[0.0,8.5,1.0,11.5],"texture":"#0"},"east":{"uv":[0.0,8.5,1.0,11.5],"texture":"#0"}}},{"from":[-0.1488,-5.5,5.1444],"to":[0.3512,-5.0,5.3944],"faces":{"north":{"uv":[0.5,8.0,2.5,10.0],"texture":"#0"},"south":{"uv":[0.5,8.0,2.5,10.0],"texture":"#0"},"east":{"uv":[0.5,8.0,2.5,10.0],"texture":"#0"}}},{"from":[-0.25,-5.5,5.25],"to":[0.0,-5.0,5.75],"faces":{"south":{"uv":[1.5,0.5,2.5,3.5],"texture":"#0"},"west":{"uv":[1.5,0.5,2.5,3.5],"texture":"#0"},"east":{"uv":[1.5,0.5,2.5,3.5],"texture":"#0"}}},{"from":[-0.1488,-5.5,4.3944],"to":[0.3512,-5.0,4.6444],"faces":{"north":{"uv":[0.5,14.0,2.5,16.0],"texture":"#0"},"south":{"uv":[0.5,14.0,2.5,16.0],"texture":"#0"},"east":{"uv":[0.5,14.0,2.5,16.0],"texture":"#0"}}},{"from":[-0.25,-5.5,4.5],"to":[0.0,-5.0,5.25],"faces":{"west":{"uv":[4.5,5.0,5.25,5.5],"texture":"#2"},"east":{"uv":[10.75,5.0,11.5,5.5],"texture":"#2"}}},{"from":[-0.6063,-5.5,4.4],"to":[-0.1063,-5.0,4.65],"faces":{"north":{"uv":[0.5,6.5,2.5,8.5],"texture":"#0"},"south":{"uv":[0.5,6.5,2.5,8.5],"texture":"#0"},"west":{"uv":[0.5,6.5,2.5,8.5],"texture":"#0"}}},{"from":[-0.255,-5.5,4.0444],"to":[-0.004999995,-5.0,4.5444],"faces":{"north":{"uv":[0.5,3.5,1.5,6.5],"texture":"#0"},"west":{"uv":[0.5,3.5,1.5,6.5],"texture":"#0"},"east":{"uv":[0.5,3.5,1.5,6.5],"texture":"#0"}}},{"from":[-0.6063,-5.0,4.4],"to":[-0.1063,-4.5,5.4],"faces":{"down":{"uv":[0.0,5.5,2.5,9.5],"texture":"#0"},"up":{"uv":[0.0,5.5,2.5,9.5],"texture":"#0"},"north":{"uv":[0.0,3.0,4.5,5.0],"texture":"#0"},"south":{"uv":[0.0,3.0,4.5,5.0],"texture":"#0"},"west":{"uv":[0.0,3.0,4.5,5.0],"texture":"#0"}}},{"from":[-1.3382,-5.0,5.2507],"to":[-0.8382,-2.0,5.7507],"rotation":{"origin":[-0.7937498,-5.0,4.4375],"axis":"y","angle":45.0},"faces":{"down":{"uv":[0.0,5.0,2.0,14.5],"texture":"#0"},"up":{"uv":[0.0,5.0,2.0,14.5],"texture":"#0"},"north":{"uv":[8.0,8.5,16.0,16.0],"texture":"#0"},"south":{"uv":[0.0,5.0,2.0,14.5],"texture":"#0"},"west":{"uv":[0.0,5.0,2.0,14.5],"texture":"#0"}}},{"from":[-0.25,-5.0,5.25],"to":[0.0,-4.5,5.75],"faces":{"south":{"uv":[0.0,7.5,1.0,10.5],"texture":"#0"},"west":{"uv":[0.0,7.5,1.0,10.5],"texture":"#0"},"east":{"uv":[0.0,7.5,1.0,10.5],"texture":"#0"}}},{"from":[-0.3661,-5.0,6.1304],"to":[0.1339,-2.0,6.6304],"rotation":{"origin":[-1.25,-5.0,5.75],"axis":"y","angle":45.0},"faces":{"down":{"uv":[0.0,1.5,2.0,11.0],"texture":"#0"},"up":{"uv":[0.0,1.5,2.0,11.0],"texture":"#0"},"south":{"uv":[0.0,1.5,2.0,11.0],"texture":"#0"},"west":{"uv":[0.0,1.5,2.0,11.0],"texture":"#0"},"east":{"uv":[8.5,8.5,12.5,15.0],"texture":"#0"}}},{"from":[-0.1488,-5.0,4.3944],"to":[0.3512,-4.5,5.3944],"faces":{"down":{"uv":[0.0,4.5,2.5,8.5],"texture":"#0"},"up":{"uv":[0.0,4.5,2.5,8.5],"texture":"#0"},"north":{"uv":[0.0,2.5,4.5,4.5],"texture":"#0"},"south":{"uv":[0.0,2.5,4.5,4.5],"texture":"#0"},"east":{"uv":[0.0,2.5,4.5,4.5],"texture":"#0"}}},{"from":[0.5141,-5.0,5.4969],"to":[1.0141,-2.0,5.9969],"rotation":{"origin":[-1.25,-5.0,6.0],"axis":"y","angle":45.0},"faces":{"down":{"uv":[0.5,6.0,2.5,15.5],"texture":"#0"},"up":{"uv":[0.5,6.0,2.5,15.5],"texture":"#0"},"north":{"uv":[0.5,6.0,2.5,15.5],"texture":"#0"},"south":{"uv":[8.0,8.5,16.0,16.0],"texture":"#0"},"east":{"uv":[0.5,6.0,2.5,15.5],"texture":"#0"}}},{"from":[-0.255,-5.0,4.0444],"to":[-0.004999995,-4.5,5.2944],"faces":{"down":{"uv":[1.5,9.5,2.5,12.5],"texture":"#0"},"up":{"uv":[1.5,9.5,2.5,12.5],"texture":"#0"},"north":{"uv":[1.5,9.5,2.5,12.5],"texture":"#0"},"west":{"uv":[1.5,9.5,2.5,12.5],"texture":"#0"},"east":{"uv":[1.5,9.5,2.5,12.5],"texture":"#0"}}},{"from":[-0.3889,-5.0,3.164],"to":[0.1111,-2.0,3.664],"rotation":{"origin":[0.9949999,-5.0,4.044375],"axis":"y","angle":45.0},"faces":{"down":{"uv":[0.5,1.0,2.5,10.5],"texture":"#0"},"up":{"uv":[0.5,1.0,2.5,10.5],"texture":"#0"},"north":{"uv":[0.5,1.0,2.5,10.5],"texture":"#0"},"west":{"uv":[8.0,8.5,16.0,16.0],"texture":"#0"},"east":{"uv":[0.5,1.0,2.5,10.5],"texture":"#0"}}},{"from":[-0.1488,-4.5,5.1444],"to":[0.3512,-4.0,5.3944],"faces":{"north":{"uv":[0.0,7.0,2.0,9.0],"texture":"#0"},"south":{"uv":[0.0,7.0,2.0,9.0],"texture":"#0"},"east":{"uv":[0.0,7.0,2.0,9.0],"texture":"#0"}}},{"from":[-0.25,-4.5,5.25],"to":[0.0,-4.0,5.75],"faces":{"south":{"uv":[1.0,2.0,2.0,5.0],"texture":"#0"},"west":{"uv":[1.0,2.0,2.0,5.0],"texture":"#0"},"east":{"uv":[1.0,2.0,2.0,5.0],"texture":"#0"}}},{"from":[-0.1488,-4.5,4.3944],"to":[0.3512,-4.0,4.6444],"faces":{"north":{"uv":[0.0,13.0,2.0,15.0],"texture":"#0"},"south":{"uv":[0.0,13.0,2.0,15.0],"texture":"#0"},"east":{"uv":[0.0,13.0,2.0,15.0],"texture":"#0"}}},{"from":[-0.25,-4.5,4.5],"to":[0.0,-4.0,5.25],"faces":{"west":{"uv":[4.5,4.0,5.25,4.5],"texture":"#2"},"east":{"uv":[10.75,4.0,11.5,4.5],"texture":"#2"}}},{"from":[-0.6063,-4.5,4.4],"to":[-0.1063,-4.0,4.65],"faces":{"north":{"uv":[0.5,11.0,2.5,13.0],"texture":"#0"},"south":{"uv":[0.5,11.0,2.5,13.0],"texture":"#0"},"west":{"uv":[0.5,11.0,2.5,13.0],"texture":"#0"}}},{"from":[-0.255,-4.5,4.0444],"to":[-0.004999995,-4.0,4.5444],"faces":{"north":{"uv":[0.0,6.0,1.0,9.0],"texture":"#0"},"west":{"uv":[0.0,6.0,1.0,9.0],"texture":"#0"},"east":{"uv":[0.0,6.0,1.0,9.0],"texture":"#0"}}},{"from":[-0.6063,-4.0,4.4],"to":[-0.1063,-3.5,5.4],"faces":{"down":{"uv":[0.5,0.5,3.0,4.5],"texture":"#0"},"up":{"uv":[0.5,0.5,3.0,4.5],"texture":"#0"},"north":{"uv":[0.0,0.0,4.5,2.0],"texture":"#0"},"south":{"uv":[0.0,0.0,4.5,2.0],"texture":"#0"},"west":{"uv":[0.0,0.0,4.5,2.0],"texture":"#0"}}},{"from":[-0.25,-4.0,5.25],"to":[0.0,-3.5,5.75],"faces":{"south":{"uv":[1.5,0.0,2.5,3.0],"texture":"#0"},"west":{"uv":[1.5,0.0,2.5,3.0],"texture":"#0"},"east":{"uv":[1.5,0.0,2.5,3.0],"texture":"#0"}}},{"from":[-0.1488,-4.0,4.3944],"to":[0.3512,-3.5,5.3944],"faces":{"down":{"uv":[0.0,9.0,2.5,13.0],"texture":"#0"},"up":{"uv":[0.0,9.0,2.5,13.0],"texture":"#0"},"north":{"uv":[0.0,3.0,4.5,5.0],"texture":"#0"},"south":{"uv":[0.0,3.0,4.5,5.0],"texture":"#0"},"east":{"uv":[0.0,3.0,4.5,5.0],"texture":"#0"}}},{"from":[-0.255,-4.0,4.0444],"to":[-0.004999995,-3.5,5.2944],"faces":{"down":{"uv":[1.0,10.0,2.0,13.0],"texture":"#0"},"up":{"uv":[1.0,10.0,2.0,13.0],"texture":"#0"},"north":{"uv":[1.0,10.0,2.0,13.0],"texture":"#0"},"west":{"uv":[1.0,10.0,2.0,13.0],"texture":"#0"},"east":{"uv":[1.0,10.0,2.0,13.0],"texture":"#0"}}},{"from":[-0.1488,-3.5,5.1444],"to":[0.3512,-3.0,5.3944],"faces":{"north":{"uv":[0.0,3.5,2.0,5.5],"texture":"#0"},"south":{"uv":[0.0,3.5,2.0,5.5],"texture":"#0"},"east":{"uv":[0.0,3.5,2.0,5.5],"texture":"#0"}}},{"from":[-0.25,-3.5,5.25],"to":[0.0,-3.0,5.75],"faces":{"south":{"uv":[0.0,11.0,1.0,14.0],"texture":"#0"},"west":{"uv":[0.0,11.0,1.0,14.0],"texture":"#0"},"east":{"uv":[0.0,11.0,1.0,14.0],"texture":"#0"}}},{"from":[-0.1488,-3.5,4.3944],"to":[0.3512,-3.0,4.6444],"faces":{"north":{"uv":[2.5,0.0,4.5,2.0],"texture":"#0"},"south":{"uv":[2.5,0.0,4.5,2.0],"texture":"#0"},"east":{"uv":[2.5,0.0,4.5,2.0],"texture":"#0"}}},{"from":[-0.25,-3.5,4.5],"to":[0.0,-3.0,5.25],"faces":{"west":{"uv":[4.5,3.0,5.25,3.5],"texture":"#2"},"east":{"uv":[10.75,3.0,11.5,3.5],"texture":"#2"}}},{"from":[-0.6063,-3.5,4.4],"to":[-0.1063,-3.0,4.65],"faces":{"north":{"uv":[0.0,5.0,2.0,7.0],"texture":"#0"},"south":{"uv":[0.0,5.0,2.0,7.0],"texture":"#0"},"west":{"uv":[0.0,5.0,2.0,7.0],"texture":"#0"}}},{"from":[-0.255,-3.5,4.0444],"to":[-0.004999995,-3.0,4.5444],"faces":{"north":{"uv":[0.0,0.0,1.0,3.0],"texture":"#0"},"west":{"uv":[0.0,0.0,1.0,3.0],"texture":"#0"},"east":{"uv":[0.0,0.0,1.0,3.0],"texture":"#0"}}},{"from":[-0.6063,-4.5,5.15],"to":[-0.1063,-4.0,5.4],"faces":{"north":{"uv":[0.0,11.0,2.0,13.0],"texture":"#0"},"south":{"uv":[0.0,11.0,2.0,13.0],"texture":"#0"},"west":{"uv":[0.0,11.0,2.0,13.0],"texture":"#0"}}},{"from":[-0.6063,-3.0,4.4],"to":[-0.1063,-2.5,5.4],"faces":{"down":{"uv":[0.0,9.0,2.5,13.0],"texture":"#0"},"up":{"uv":[0.0,9.0,2.5,13.0],"texture":"#0"},"north":{"uv":[0.0,2.5,4.5,4.5],"texture":"#0"},"south":{"uv":[0.0,2.5,4.5,4.5],"texture":"#0"},"west":{"uv":[0.0,2.5,4.5,4.5],"texture":"#0"}}},{"from":[-0.25,-3.0,5.25],"to":[0.0,-2.5,5.75],"faces":{"south":{"uv":[1.0,6.0,2.0,9.0],"texture":"#0"},"west":{"uv":[1.0,6.0,2.0,9.0],"texture":"#0"},"east":{"uv":[1.0,6.0,2.0,9.0],"texture":"#0"}}},{"from":[-0.1488,-3.0,4.3944],"to":[0.3512,-2.5,5.3944],"faces":{"down":{"uv":[1.5,1.0,4.0,5.0],"texture":"#0"},"up":{"uv":[1.5,1.0,4.0,5.0],"texture":"#0"},"north":{"uv":[0.0,0.0,4.5,2.0],"texture":"#0"},"south":{"uv":[0.0,0.0,4.5,2.0],"texture":"#0"},"east":{"uv":[0.0,0.0,4.5,2.0],"texture":"#0"}}},{"from":[-0.255,-3.0,4.0444],"to":[-0.004999995,-2.5,5.2944],"faces":{"down":{"uv":[1.0,8.5,2.0,11.5],"texture":"#0"},"up":{"uv":[1.0,8.5,2.0,11.5],"texture":"#0"},"north":{"uv":[1.0,8.5,2.0,11.5],"texture":"#0"},"west":{"uv":[1.0,8.5,2.0,11.5],"texture":"#0"},"east":{"uv":[1.0,8.5,2.0,11.5],"texture":"#0"}}},{"from":[-0.1488,-2.5,5.1444],"to":[0.3512,-2.0,5.3944],"faces":{"north":{"uv":[0.0,14.0,2.0,16.0],"texture":"#0"},"south":{"uv":[0.0,14.0,2.0,16.0],"texture":"#0"},"east":{"uv":[0.0,14.0,2.0,16.0],"texture":"#0"}}},{"from":[-0.25,-2.5,5.25],"to":[0.0,-2.0,5.75],"faces":{"south":{"uv":[1.0,13.0,2.0,16.0],"texture":"#0"},"west":{"uv":[1.0,13.0,2.0,16.0],"texture":"#0"},"east":{"uv":[1.0,13.0,2.0,16.0],"texture":"#0"}}},{"from":[-0.1488,-2.5,4.3944],"to":[0.3512,-2.0,4.6444],"faces":{"north":{"uv":[0.0,10.0,2.0,12.0],"texture":"#0"},"south":{"uv":[0.0,10.0,2.0,12.0],"texture":"#0"},"east":{"uv":[0.0,10.0,2.0,12.0],"texture":"#0"}}},{"from":[-0.25,-2.5,4.5],"to":[0.0,-2.0,5.25],"faces":{"west":{"uv":[4.5,2.0,5.25,2.5],"texture":"#2"},"east":{"uv":[10.75,2.0,11.5,2.5],"texture":"#2"}}},{"from":[-0.6063,-2.5,4.4],"to":[-0.1063,-2.0,4.65],"faces":{"north":{"uv":[0.5,1.0,2.5,3.0],"texture":"#0"},"south":{"uv":[0.5,1.0,2.5,3.0],"texture":"#0"},"west":{"uv":[0.5,1.0,2.5,3.0],"texture":"#0"}}},{"from":[-0.255,-2.5,4.0444],"to":[-0.004999995,-2.0,4.5444],"faces":{"north":{"uv":[0.0,11.0,1.0,14.0],"texture":"#0"},"west":{"uv":[0.0,11.0,1.0,14.0],"texture":"#0"},"east":{"uv":[0.0,11.0,1.0,14.0],"texture":"#0"}}},{"from":[-0.6063,-3.5,5.15],"to":[-0.1063,-3.0,5.4],"faces":{"north":{"uv":[3.0,3.0,5.0,5.0],"texture":"#0"},"south":{"uv":[3.0,3.0,5.0,5.0],"texture":"#0"},"west":{"uv":[3.0,3.0,5.0,5.0],"texture":"#0"}}},{"from":[-0.6063,-2.5,5.15],"to":[-0.1063,-2.0,5.4],"faces":{"north":{"uv":[0.0,7.0,2.0,9.0],"texture":"#0"},"south":{"uv":[0.0,7.0,2.0,9.0],"texture":"#0"},"west":{"uv":[0.0,7.0,2.0,9.0],"texture":"#0"}}},{"from":[-1.3382,-2.0,5.2507],"to":[-0.8382,-1.0,5.7507],"rotation":{"origin":[-0.7937498,-2.0,4.4375],"axis":"y","angle":45.0},"faces":{"down":{"uv":[13.5,6.0,15.5,8.0],"texture":"#2"},"south":{"uv":[13.5,6.0,15.5,8.0],"texture":"#2"},"west":{"uv":[13.5,6.0,15.5,8.0],"texture":"#2"}}},{"from":[-0.25,-2.0,5.25],"to":[0.0,-1.0,5.75],"faces":{"south":{"uv":[13.5,6.0,15.5,8.0],"texture":"#2"},"west":{"uv":[13.5,6.0,15.5,8.0],"texture":"#2"},"east":{"uv":[13.5,6.0,15.5,8.0],"texture":"#2"}}},{"from":[-0.3661,-2.0,6.1304],"to":[0.1339,-1.0,6.6304],"rotation":{"origin":[-1.25,-2.0,5.75],"axis":"y","angle":45.0},"faces":{"down":{"uv":[13.5,6.0,15.5,8.0],"texture":"#2"},"south":{"uv":[13.5,6.0,15.5,8.0],"texture":"#2"},"west":{"uv":[13.5,6.0,15.5,8.0],"texture":"#2"}}},{"from":[-0.1488,-2.0,4.3944],"to":[0.3512,-1.0,5.3944],"faces":{"down":{"uv":[13.5,6.0,15.5,8.0],"texture":"#2"},"north":{"uv":[13.5,6.0,15.5,8.0],"texture":"#2"},"south":{"uv":[13.5,6.0,15.5,8.0],"texture":"#2"},"east":{"uv":[13.5,6.0,15.5,8.0],"texture":"#2"}}},{"from":[0.5141,-2.0,5.4969],"to":[1.0141,-1.0,5.9969],"rotation":{"origin":[-1.25,-2.0,6.0],"axis":"y","angle":45.0},"faces":{"down":{"uv":[13.5,6.0,15.5,8.0],"texture":"#2"},"north":{"uv":[13.5,6.0,15.5,8.0],"texture":"#2"},"east":{"uv":[13.5,6.0,15.5,8.0],"texture":"#2"}}},{"from":[-0.255,-2.0,4.0444],"to":[-0.004999995,-1.0,5.2944],"faces":{"down":{"uv":[13.5,6.0,15.5,8.0],"texture":"#2"},"north":{"uv":[13.5,6.0,15.5,8.0],"texture":"#2"},"west":{"uv":[13.5,6.0,15.5,8.0],"texture":"#2"},"east":{"uv":[13.5,6.0,15.5,8.0],"texture":"#2"}}},{"from":[-0.3889,-2.0,3.164],"to":[0.1111,-1.0,3.664],"rotation":{"origin":[0.995,-2.0,4.044375],"axis":"y","angle":45.0},"faces":{"down":{"uv":[13.5,6.0,15.5,8.0],"texture":"#2"},"north":{"uv":[13.5,6.0,15.5,8.0],"texture":"#2"},"east":{"uv":[13.5,6.0,15.5,8.0],"texture":"#2"}}},{"from":[-0.6063,-2.0,4.4],"to":[-0.1063,-1.0,5.4],"faces":{"down":{"uv":[13.5,6.0,15.5,8.0],"texture":"#2"},"north":{"uv":[13.5,6.0,15.5,8.0],"texture":"#2"},"south":{"uv":[13.5,6.0,15.5,8.0],"texture":"#2"},"west":{"uv":[13.5,6.0,15.5,8.0],"texture":"#2"}}},{"from":[-0.9975,-1.0,6.0625],"to":[0.7525,-0.5,7.0625],"faces":{"down":{"uv":[3.5,6.5,4.0,7.0],"texture":"#2"},"up":{"uv":[3.5,6.5,4.0,7.0],"texture":"#2"},"south":{"uv":[3.5,6.5,4.0,7.0],"texture":"#2"},"west":{"uv":[3.5,6.5,4.0,7.0],"texture":"#2"},"east":{"uv":[3.5,6.5,4.0,7.0],"texture":"#2"}}},{"from":[0.0204,-1.0,7.8232],"to":[1.0204,-0.5,8.823198],"rotation":{"origin":[-1.7475,-1.0,7.0625],"axis":"y","angle":45.0},"faces":{"down":{"uv":[3.5,6.5,4.0,7.0],"texture":"#2"},"up":{"uv":[3.5,6.5,4.0,7.0],"texture":"#2"},"south":{"uv":[3.5,6.5,4.0,7.0],"texture":"#2"}}},{"from":[0.455,-1.0,3.3512],"to":[1.455,-0.5,6.3512],"faces":{"down":{"uv":[3.5,6.5,4.0,7.0],"texture":"#2"},"up":{"uv":[3.5,6.5,4.0,7.0],"texture":"#2"},"north":{"uv":[3.5,6.5,4.0,7.0],"texture":"#2"},"south":{"uv":[3.5,6.5,4.0,7.0],"texture":"#2"},"east":{"uv":[3.5,6.5,4.0,7.0],"texture":"#2"}}},{"from":[1.7807,-1.0,5.5562],"to":[2.7807,-0.5,6.5562],"rotation":{"origin":[-1.7475,-1.0,6.5625],"axis":"y","angle":45.0},"faces":{"down":{"uv":[3.5,6.5,4.0,7.0],"texture":"#2"},"up":{"uv":[3.5,6.5,4.0,7.0],"texture":"#2"},"east":{"uv":[3.5,6.5,4.0,7.0],"texture":"#2"}}},{"from":[-1.0075,-1.0,2.6512],"to":[0.7425003,-0.5,6.151199],"faces":{"down":{"uv":[3.5,6.5,4.0,7.0],"texture":"#2"},"up":{"uv":[3.5,6.5,4.0,7.0],"texture":"#2"},"north":{"uv":[3.5,6.5,4.0,7.0],"texture":"#2"},"west":{"uv":[3.5,6.5,4.0,7.0],"texture":"#2"},"east":{"uv":[3.5,6.5,4.0,7.0],"texture":"#2"}}},{"from":[-1.2753,-1.0,0.8904999],"to":[-0.2753,-0.5,1.8905],"rotation":{"origin":[1.4925,-1.0,2.65125],"axis":"y","angle":45.0},"faces":{"down":{"uv":[3.5,6.5,4.0,7.0],"texture":"#2"},"up":{"uv":[3.5,6.5,4.0,7.0],"texture":"#2"},"north":{"uv":[3.5,6.5,4.0,7.0],"texture":"#2"}}},{"from":[-1.71,-1.0,3.3625],"to":[-0.7099998,-0.5,6.3625],"faces":{"down":{"uv":[3.5,6.5,4.0,7.0],"texture":"#2"},"up":{"uv":[3.5,6.5,4.0,7.0],"texture":"#2"},"north":{"uv":[3.5,6.5,4.0,7.0],"texture":"#2"},"south":{"uv":[3.5,6.5,4.0,7.0],"texture":"#2"},"west":{"uv":[3.5,6.5,4.0,7.0],"texture":"#2"}}},{"from":[-3.174,-1.0,6.0639],"to":[-2.174,-0.5,7.0639],"rotation":{"origin":[-2.085,-1.0,4.4375],"axis":"y","angle":45.0},"faces":{"down":{"uv":[3.5,6.5,4.0,7.0],"texture":"#2"},"up":{"uv":[3.5,6.5,4.0,7.0],"texture":"#2"},"west":{"uv":[3.5,6.5,4.0,7.0],"texture":"#2"}}},{"from":[-1.3382,-13.75,5.2507],"to":[-0.8382,-12.75,5.7507],"rotation":{"origin":[-0.7937498,-13.75,4.4375],"axis":"y","angle":45.0},"faces":{"down":{"uv":[12.5,5.0,14.5,7.0],"texture":"#2"},"up":{"uv":[12.5,5.0,14.5,7.0],"texture":"#2"},"south":{"uv":[12.5,5.0,14.5,7.0],"texture":"#2"},"west":{"uv":[12.5,5.0,14.5,7.0],"texture":"#2"}}},{"from":[-0.25,-13.75,5.25],"to":[0.0,-12.75,5.75],"faces":{"down":{"uv":[12.5,5.0,14.5,7.0],"texture":"#2"},"south":{"uv":[12.5,5.0,14.5,7.0],"texture":"#2"},"west":{"uv":[12.5,5.0,14.5,7.0],"texture":"#2"},"east":{"uv":[12.5,5.0,14.5,7.0],"texture":"#2"}}},{"from":[-0.3661,-13.75,6.1304],"to":[0.1339,-12.75,6.6304],"rotation":{"origin":[-1.25,-13.75,5.75],"axis":"y","angle":45.0},"faces":{"down":{"uv":[12.5,5.0,14.5,7.0],"texture":"#2"},"up":{"uv":[12.5,5.0,14.5,7.0],"texture":"#2"},"south":{"uv":[12.5,5.0,14.5,7.0],"texture":"#2"},"west":{"uv":[12.5,5.0,14.5,7.0],"texture":"#2"}}},{"from":[-0.1488,-13.75,4.3944],"to":[0.3512,-12.75,5.3944],"faces":{"down":{"uv":[12.5,5.0,14.5,7.0],"texture":"#2"},"north":{"uv":[12.5,5.0,14.5,7.0],"texture":"#2"},"south":{"uv":[12.5,5.0,14.5,7.0],"texture":"#2"},"east":{"uv":[12.5,5.0,14.5,7.0],"texture":"#2"}}},{"from":[0.5141,-13.75,5.4969],"to":[1.0141,-12.75,5.9969],"rotation":{"origin":[-1.25,-13.75,6.0],"axis":"y","angle":45.0},"faces":{"down":{"uv":[12.5,5.0,14.5,7.0],"texture":"#2"},"up":{"uv":[12.5,5.0,14.5,7.0],"texture":"#2"},"north":{"uv":[12.5,5.0,14.5,7.0],"texture":"#2"},"east":{"uv":[12.5,5.0,14.5,7.0],"texture":"#2"}}},{"from":[-0.255,-13.75,4.0444],"to":[-0.004999995,-12.75,5.2944],"faces":{"down":{"uv":[12.5,5.0,14.5,7.0],"texture":"#2"},"up":{"uv":[12.5,5.0,14.5,7.0],"texture":"#2"},"north":{"uv":[12.5,5.0,14.5,7.0],"texture":"#2"},"west":{"uv":[12.5,5.0,14.5,7.0],"texture":"#2"},"east":{"uv":[12.5,5.0,14.5,7.0],"texture":"#2"}}},{"from":[-0.3889,-13.75,3.164],"to":[0.1111,-12.75,3.664],"rotation":{"origin":[0.995,-13.75,4.044375],"axis":"y","angle":45.0},"faces":{"down":{"uv":[12.5,5.0,14.5,7.0],"texture":"#2"},"up":{"uv":[12.5,5.0,14.5,7.0],"texture":"#2"},"north":{"uv":[12.5,5.0,14.5,7.0],"texture":"#2"},"east":{"uv":[12.5,5.0,14.5,7.0],"texture":"#2"}}},{"from":[-0.6063,-13.75,4.4],"to":[-0.1063,-12.75,5.4],"faces":{"down":{"uv":[12.5,5.0,14.5,7.0],"texture":"#2"},"north":{"uv":[12.5,5.0,14.5,7.0],"texture":"#2"},"south":{"uv":[12.5,5.0,14.5,7.0],"texture":"#2"},"west":{"uv":[12.5,5.0,14.5,7.0],"texture":"#2"}}},{"from":[-0.25,-7.5,4.5],"to":[0.0,-7.0,5.25],"faces":{"down":{"uv":[15.75,10.75,16.0,11.5],"texture":"#2"},"west":{"uv":[4.5,7.0,5.25,7.5],"texture":"#2"},"east":{"uv":[10.75,7.0,11.5,7.5],"texture":"#2"}}},{"from":[-0.25,-8.5,4.5],"to":[0.0,-8.0,5.25],"faces":{"down":{"uv":[15.75,10.75,16.0,11.5],"texture":"#2"},"up":{"uv":[15.75,4.5,16.0,5.25],"texture":"#2"},"west":{"uv":[4.5,8.0,5.25,8.5],"texture":"#2"},"east":{"uv":[10.75,8.0,11.5,8.5],"texture":"#2"}}},{"from":[-0.25,-9.5,4.5],"to":[0.0,-9.0,5.25],"faces":{"down":{"uv":[15.75,10.75,16.0,11.5],"texture":"#2"},"up":{"uv":[15.75,4.5,16.0,5.25],"texture":"#2"},"west":{"uv":[4.5,9.0,5.25,9.5],"texture":"#2"},"east":{"uv":[10.75,9.0,11.5,9.5],"texture":"#2"}}},{"from":[-0.25,-10.5,4.5],"to":[0.0,-10.0,5.25],"faces":{"down":{"uv":[15.75,10.75,16.0,11.5],"texture":"#2"},"up":{"uv":[15.75,4.5,16.0,5.25],"texture":"#2"},"west":{"uv":[4.5,10.0,5.25,10.5],"texture":"#2"},"east":{"uv":[10.75,10.0,11.5,10.5],"texture":"#2"}}},{"from":[-0.25,-11.5,4.5],"to":[0.0,-11.0,5.25],"faces":{"down":{"uv":[15.75,10.75,16.0,11.5],"texture":"#2"},"up":{"uv":[15.75,4.5,16.0,5.25],"texture":"#2"},"west":{"uv":[4.5,11.0,5.25,11.5],"texture":"#2"},"east":{"uv":[10.75,11.0,11.5,11.5],"texture":"#2"}}},{"from":[-0.25,-12.5,4.5],"to":[0.0,-12.0,5.25],"faces":{"down":{"uv":[15.75,10.75,16.0,11.5],"texture":"#2"},"up":{"uv":[15.75,4.5,16.0,5.25],"texture":"#2"},"west":{"uv":[4.5,12.0,5.25,12.5],"texture":"#2"},"east":{"uv":[10.75,12.0,11.5,12.5],"texture":"#2"}}},{"from":[-0.25,20.0,3.525],"to":[-0.0625,20.70313,4.65],"faces":{"down":{"uv":[15.75,11.25,15.9375,12.375],"texture":"#1"},"north":{"uv":[0.0625,11.29688,0.25,12.0],"texture":"#1"},"south":{"uv":[15.75,11.29688,15.9375,12.0],"texture":"#1"},"west":{"uv":[3.625,11.29688,4.75,12.0],"texture":"#1"},"east":{"uv":[11.25,11.29688,12.375,12.0],"texture":"#1"}}},{"from":[-0.4375,4.5314,4.0875],"to":[0.125,9.453274,5.2125],"faces":{"up":{"uv":[0.0,4.187502,0.125,5.312502],"texture":"#1"},"north":{"uv":[15.875,6.546727,16.0,11.4686],"texture":"#1"},"south":{"uv":[0.0,6.546727,0.125,11.4686],"texture":"#1"},"west":{"uv":[4.187501,6.546727,5.312501,11.4686],"texture":"#1"},"east":{"uv":[10.6875,6.546727,11.8125,11.4686],"texture":"#1"}}},{"from":[-0.25,4.8828,3.9],"to":[-0.0625,9.804675,5.4],"faces":{"down":{"uv":[15.75,10.5,15.9375,12.0],"texture":"#1"},"up":{"uv":[15.75,4.000003,15.9375,5.500003],"texture":"#1"},"north":{"uv":[0.0625,6.195274,0.25,11.11715],"texture":"#1"},"south":{"uv":[15.75,6.195274,15.9375,11.11715],"texture":"#1"},"west":{"uv":[4.000003,6.195274,5.500003,11.11715],"texture":"#1"},"east":{"uv":[10.5,6.195274,12.0,11.11715],"texture":"#1"}}},{"from":[-0.25,9.8048,3.9],"to":[-0.0625,13.32043,5.2125],"faces":{"up":{"uv":[15.75,4.000002,15.9375,5.312502],"texture":"#1"},"north":{"uv":[0.0625,2.679576,0.25,6.195201],"texture":"#1"},"south":{"uv":[15.75,2.679576,15.9375,6.195201],"texture":"#1"},"west":{"uv":[4.000001,2.679576,5.312501,6.195201],"texture":"#1"},"east":{"uv":[10.6875,2.679576,12.0,6.195201],"texture":"#1"}}},{"from":[-0.25,13.3204,3.9],"to":[-0.0625,15.42977,5.025],"faces":{"north":{"uv":[0.0625,0.5702753,0.25,2.67965],"texture":"#1"},"south":{"uv":[15.75,0.5702753,15.9375,2.67965],"texture":"#1"},"west":{"uv":[4.000001,0.5702753,5.125001,2.67965],"texture":"#1"},"east":{"uv":[10.875,0.5702753,12.0,2.67965],"texture":"#1"}}},{"from":[-0.25,3.8282,3.9],"to":[-0.0625,4.882887,4.0875],"faces":{"down":{"uv":[15.75,11.8125,15.9375,12.0],"texture":"#1"},"north":{"uv":[0.0625,11.11711,0.25,12.1718],"texture":"#1"},"west":{"uv":[4.0,11.11711,4.1875,12.1718],"texture":"#1"},"east":{"uv":[11.8125,11.11711,12.0,12.1718],"texture":"#1"}}},{"from":[-0.25,15.7814,3.7125],"to":[-0.0625,16.13296,5.025],"faces":{"up":{"uv":[15.75,3.812502,15.9375,5.125002],"texture":"#1"},"north":{"uv":[0.0625,0.0,0.25,0.2186012],"texture":"#1"},"south":{"uv":[15.75,0.0,15.9375,0.2186012],"texture":"#1"},"west":{"uv":[3.812501,0.0,5.125001,0.2186012],"texture":"#1"},"east":{"uv":[10.875,0.0,12.1875,0.2186012],"texture":"#1"}}},{"from":[-0.25,15.4298,3.7125],"to":[-0.0625,15.78135,5.025],"faces":{"down":{"uv":[15.75,10.875,15.9375,12.1875],"texture":"#1"},"north":{"uv":[0.0625,0.218647,0.25,0.5702019],"texture":"#1"},"south":{"uv":[15.75,0.218647,15.9375,0.5702019],"texture":"#1"},"west":{"uv":[3.812501,0.218647,5.125001,0.5702019],"texture":"#1"},"east":{"uv":[10.875,0.218647,12.1875,0.5702019],"texture":"#1"}}},{"from":[-0.25,14.0235,3.7125],"to":[-0.0625,15.42975,3.9],"faces":{"down":{"uv":[15.75,12.0,15.9375,12.1875],"texture":"#1"},"north":{"uv":[0.0625,0.5702019,0.25,1.976452],"texture":"#1"},"west":{"uv":[3.8125,0.5702019,4.0,1.976452],"texture":"#1"},"east":{"uv":[12.0,0.5702019,12.1875,1.976452],"texture":"#1"}}},{"from":[-0.25,16.1328,3.7125],"to":[-0.0625,17.8906,4.8375],"faces":{"north":{"uv":[0.0625,14.10934,0.25,15.86715],"texture":"#1"},"south":{"uv":[15.75,14.10934,15.9375,15.86715],"texture":"#1"},"west":{"uv":[3.812503,14.10934,4.937503,15.86715],"texture":"#1"},"east":{"uv":[11.0625,14.10934,12.1875,15.86715],"texture":"#1"}}},{"from":[-0.25,17.8907,3.7125],"to":[-0.0625,19.29695,4.8375],"faces":{"up":{"uv":[15.75,3.812503,15.9375,4.937503],"texture":"#1"},"north":{"uv":[0.0625,12.70305,0.25,14.1093],"texture":"#1"},"south":{"uv":[15.75,12.70305,15.9375,14.1093],"texture":"#1"},"west":{"uv":[3.812503,12.70305,4.937503,14.1093],"texture":"#1"},"east":{"uv":[11.0625,12.70305,12.1875,14.1093],"texture":"#1"}}},{"from":[-0.25,23.6328,3.525],"to":[-0.0625,23.86717,3.7125],"faces":{"up":{"uv":[15.75,3.625002,15.9375,3.812502],"texture":"#1"},"north":{"uv":[0.0625,8.132774,0.25,8.367149],"texture":"#1"},"south":{"uv":[15.75,8.132774,15.9375,8.367149],"texture":"#1"},"west":{"uv":[3.625001,8.132774,3.812501,8.367149],"texture":"#1"},"east":{"uv":[12.1875,8.132774,12.375,8.367149],"texture":"#1"}}},{"from":[-0.25,19.297,3.7125],"to":[-0.0625,20.00012,4.65],"faces":{"south":{"uv":[15.75,11.99993,15.9375,12.70305],"texture":"#1"},"west":{"uv":[3.8125,11.99993,4.75,12.70305],"texture":"#1"},"east":{"uv":[11.25,11.99993,12.1875,12.70305],"texture":"#1"}}},{"from":[-0.25,21.4064,3.525],"to":[-0.0625,21.75796,4.65],"faces":{"south":{"uv":[15.75,10.24204,15.9375,10.5936],"texture":"#1"},"west":{"uv":[3.625,10.24204,4.75,10.5936],"texture":"#1"},"east":{"uv":[11.25,10.24204,12.375,10.5936],"texture":"#1"}}},{"from":[-0.25,22.461,3.525],"to":[-0.0625,22.69537,4.36875],"faces":{"south":{"uv":[15.75,9.304577,15.9375,9.538952],"texture":"#1"},"west":{"uv":[3.625,9.304577,4.46875,9.538952],"texture":"#1"},"east":{"uv":[11.53125,9.304577,12.375,9.538952],"texture":"#1"}}},{"from":[-0.25,22.6954,3.525],"to":[-0.0625,22.92978,4.275],"faces":{"south":{"uv":[15.75,9.070274,15.9375,9.304649],"texture":"#1"},"west":{"uv":[3.625001,9.070274,4.375001,9.304649],"texture":"#1"},"east":{"uv":[11.625,9.070274,12.375,9.304649],"texture":"#1"}}},{"from":[-0.25,22.9298,3.525],"to":[-0.0625,23.16418,4.18125],"faces":{"south":{"uv":[15.75,8.835827,15.9375,9.070202],"texture":"#1"},"west":{"uv":[3.625001,8.835827,4.281251,9.070202],"texture":"#1"},"east":{"uv":[11.71875,8.835827,12.375,9.070202],"texture":"#1"}}},{"from":[-0.25,23.3985,3.525],"to":[-0.0625,23.63287,3.9],"faces":{"up":{"uv":[15.75,3.625,15.9375,4.0],"texture":"#1"},"south":{"uv":[15.75,8.367077,15.9375,8.601452],"texture":"#1"},"west":{"uv":[3.625,8.367077,4.0,8.601452],"texture":"#1"},"east":{"uv":[12.0,8.367077,12.375,8.601452],"texture":"#1"}}},{"from":[-0.25,23.1641,3.525],"to":[-0.0625,23.39847,4.0875],"faces":{"up":{"uv":[15.75,3.625,15.9375,4.1875],"texture":"#1"},"south":{"uv":[15.75,8.601524,15.9375,8.835899],"texture":"#1"},"west":{"uv":[3.625,8.601524,4.1875,8.835899],"texture":"#1"},"east":{"uv":[11.8125,8.601524,12.375,8.835899],"texture":"#1"}}},{"from":[-0.25,21.7578,3.525],"to":[-0.0625,22.46092,4.4625],"faces":{"south":{"uv":[15.75,9.539024,15.9375,10.24215],"texture":"#1"},"west":{"uv":[3.625,9.539024,4.5625,10.24215],"texture":"#1"},"east":{"uv":[11.4375,9.539024,12.375,10.24215],"texture":"#1"}}},{"from":[-0.25,21.0548,3.525],"to":[-0.0625,21.40635,4.65],"faces":{"south":{"uv":[15.75,10.59365,15.9375,10.9452],"texture":"#1"},"west":{"uv":[3.625,10.59365,4.75,10.9452],"texture":"#1"},"east":{"uv":[11.25,10.59365,12.375,10.9452],"texture":"#1"}}},{"from":[-0.25,20.7032,3.525],"to":[-0.0625,21.05477,4.65],"faces":{"south":{"uv":[15.75,10.94523,15.9375,11.2968],"texture":"#1"},"west":{"uv":[3.625,10.94523,4.75,11.2968],"texture":"#1"},"east":{"uv":[11.25,10.94523,12.375,11.2968],"texture":"#1"}}},{"from":[-0.25,-0.7421,4.0875],"to":[-0.0625,4.8829,5.5875],"faces":{"up":{"uv":[15.75,4.1875,15.9375,5.6875],"texture":"#1"},"north":{"uv":[0.0625,11.11715,0.25,16.0],"texture":"#1"},"south":{"uv":[15.75,11.11715,15.9375,16.0],"texture":"#1"},"west":{"uv":[4.1875,11.11715,5.6875,16.0],"texture":"#1"},"east":{"uv":[10.3125,11.11715,11.8125,16.0],"texture":"#1"}}},{"from":[-0.4375,4.1798,4.0875],"to":[0.125,4.531363,5.4],"faces":{"down":{"uv":[0.0,10.5,0.125,11.8125],"texture":"#1"},"up":{"uv":[0.0,4.187502,0.125,5.500002],"texture":"#1"},"north":{"uv":[15.875,11.46864,16.0,11.8202],"texture":"#1"},"south":{"uv":[0.0,11.46864,0.125,11.8202],"texture":"#1"},"west":{"uv":[4.187501,11.46864,5.500001,11.8202],"texture":"#1"},"east":{"uv":[10.5,11.46864,11.8125,11.8202],"texture":"#1"}}},{"from":[-0.4375,9.453199,4.0875],"to":[0.125,12.96882,5.025],"faces":{"up":{"uv":[0.0,4.187503,0.125,5.125003],"texture":"#1"},"north":{"uv":[15.875,3.031176,16.0,6.546801],"texture":"#1"},"south":{"uv":[0.0,3.031176,0.125,6.546801],"texture":"#1"},"west":{"uv":[4.187503,3.031176,5.125003,6.546801],"texture":"#1"},"east":{"uv":[10.875,3.031176,11.8125,6.546801],"texture":"#1"}}},{"from":[-0.4375,12.9689,4.0875],"to":[0.125,14.37515,4.8375],"faces":{"north":{"uv":[15.875,1.624851,16.0,3.031101],"texture":"#1"},"south":{"uv":[0.0,1.624851,0.125,3.031101],"texture":"#1"},"west":{"uv":[4.187501,1.624851,4.937501,3.031101],"texture":"#1"},"east":{"uv":[11.0625,1.624851,11.8125,3.031101],"texture":"#1"}}},{"from":[-0.4375,14.375,3.9],"to":[0.125,15.78125,4.8375],"faces":{"down":{"uv":[0.0,11.0625,0.125,12.0],"texture":"#1"},"up":{"uv":[0.0,4.000002,0.125,4.937502],"texture":"#1"},"north":{"uv":[15.875,0.21875,16.0,1.625],"texture":"#1"},"south":{"uv":[0.0,0.21875,0.125,1.625],"texture":"#1"},"west":{"uv":[4.000001,0.21875,4.937501,1.625],"texture":"#1"},"east":{"uv":[11.0625,0.21875,12.0,1.625],"texture":"#1"}}},{"from":[-0.4375,15.7814,3.9],"to":[0.125,18.82827,4.65],"faces":{"up":{"uv":[0.0,4.0,0.125,4.75],"texture":"#1"},"north":{"uv":[15.875,0.0,16.0,0.2186012],"texture":"#1"},"south":{"uv":[0.0,0.0,0.125,0.2186012],"texture":"#1"},"west":{"uv":[4.0,0.0,4.75,0.2186012],"texture":"#1"},"east":{"uv":[11.25,0.0,12.0,0.2186012],"texture":"#1"}}},{"from":[-0.4375,18.2423,3.7125],"to":[0.125,21.75793,4.4625],"faces":{"down":{"uv":[0.0,11.4375,0.125,12.1875],"texture":"#1"},"up":{"uv":[0.0,3.8125,0.125,4.5625],"texture":"#1"},"north":{"uv":[15.875,10.24208,16.0,13.7577],"texture":"#1"},"south":{"uv":[0.0,10.24208,0.125,13.7577],"texture":"#1"},"west":{"uv":[3.8125,10.24208,4.5625,13.7577],"texture":"#1"},"east":{"uv":[11.4375,10.24208,12.1875,13.7577],"texture":"#1"}}},{"from":[-0.4375,20.3516,3.525],"to":[0.125,22.2266,4.275],"faces":{"down":{"uv":[0.0,11.625,0.125,12.375],"texture":"#1"},"north":{"uv":[15.875,9.773399,16.0,11.6484],"texture":"#1"},"south":{"uv":[0.0,9.773399,0.125,11.6484],"texture":"#1"},"west":{"uv":[3.625,9.773399,4.375,11.6484],"texture":"#1"},"east":{"uv":[11.625,9.773399,12.375,11.6484],"texture":"#1"}}},{"from":[-0.4375,-0.7421,4.275],"to":[0.125,4.179775,5.4],"faces":{"north":{"uv":[15.875,11.82027,16.0,16.0],"texture":"#1"},"south":{"uv":[0.0,11.82027,0.125,16.0],"texture":"#1"},"west":{"uv":[4.375001,11.82027,5.500001,16.0],"texture":"#1"},"east":{"uv":[10.5,11.82027,11.625,16.0],"texture":"#1"}}},{"from":[-0.8125,8.75,4.4625],"to":[0.5,12.26563,4.65],"faces":{"up":{"uv":[0.0,4.562503,0.5,4.750003],"texture":"#1"},"north":{"uv":[15.5,3.734375,16.0,7.250002],"texture":"#1"},"south":{"uv":[0.0,3.734375,0.5,7.250002],"texture":"#1"},"west":{"uv":[4.562503,3.734375,4.750003,7.250002],"texture":"#1"},"east":{"uv":[11.25,3.734375,11.4375,7.250002],"texture":"#1"}}},{"from":[-0.625,4.5314,4.275],"to":[0.3125,9.101711,5.025],"faces":{"down":{"uv":[0.0,10.875,0.3125,11.625],"texture":"#1"},"up":{"uv":[0.0,4.375002,0.3125,5.125002],"texture":"#1"},"north":{"uv":[15.6875,6.898291,16.0,11.4686],"texture":"#1"},"south":{"uv":[0.0,6.898291,0.3125,11.4686],"texture":"#1"},"west":{"uv":[4.375001,6.898291,5.125001,11.4686],"texture":"#1"},"east":{"uv":[10.875,6.898291,11.625,11.4686],"texture":"#1"}}},{"from":[-0.625,4.1798,4.4625],"to":[0.3125,4.531363,5.025],"faces":{"south":{"uv":[0.0,11.46864,0.3125,11.8202],"texture":"#1"},"west":{"uv":[4.562501,11.46864,5.125001,11.8202],"texture":"#1"},"east":{"uv":[10.875,11.46864,11.4375,11.8202],"texture":"#1"}}},{"from":[-0.625,9.1016,4.275],"to":[0.3125,12.61722,4.8375],"faces":{"up":{"uv":[0.0,4.375002,0.3125,4.937502],"texture":"#1"},"north":{"uv":[15.6875,3.382775,16.0,6.898399],"texture":"#1"},"south":{"uv":[0.0,3.382775,0.3125,6.898399],"texture":"#1"},"west":{"uv":[4.375001,3.382775,4.937501,6.898399],"texture":"#1"},"east":{"uv":[11.0625,3.382775,11.625,6.898399],"texture":"#1"}}},{"from":[-0.625,12.6173,4.275],"to":[0.3125,14.72668,4.65],"faces":{"north":{"uv":[15.6875,1.273326,16.0,3.382701],"texture":"#1"},"south":{"uv":[0.0,1.273326,0.3125,3.382701],"texture":"#1"},"west":{"uv":[4.375003,1.273326,4.750003,3.382701],"texture":"#1"},"east":{"uv":[11.25,1.273326,11.625,3.382701],"texture":"#1"}}},{"from":[-0.625,14.7266,4.0875],"to":[0.3125,15.42972,4.65],"faces":{"down":{"uv":[0.0,11.25,0.3125,11.8125],"texture":"#1"},"up":{"uv":[0.0,4.187503,0.3125,4.750003],"texture":"#1"},"north":{"uv":[15.6875,0.5702744,16.0,1.273399],"texture":"#1"},"south":{"uv":[0.0,0.5702744,0.3125,1.273399],"texture":"#1"},"west":{"uv":[4.187503,0.5702744,4.750003,1.273399],"texture":"#1"},"east":{"uv":[11.25,0.5702744,11.8125,1.273399],"texture":"#1"}}},{"from":[-0.625,15.4298,4.0875],"to":[0.3125,18.47668,4.4625],"faces":{"up":{"uv":[0.0,4.1875,0.3125,4.5625],"texture":"#1"},"north":{"uv":[15.6875,0.0,16.0,0.5702019],"texture":"#1"},"south":{"uv":[0.0,0.0,0.3125,0.5702019],"texture":"#1"},"west":{"uv":[4.1875,0.0,4.5625,0.5702019],"texture":"#1"},"east":{"uv":[11.4375,0.0,11.8125,0.5702019],"texture":"#1"}}},{"from":[-0.625,18.2423,3.9],"to":[0.3125,20.70323,4.275],"faces":{"down":{"uv":[0.0,11.625,0.3125,12.0],"texture":"#1"},"north":{"uv":[15.6875,11.29677,16.0,13.7577],"texture":"#1"},"south":{"uv":[0.0,11.29677,0.3125,13.7577],"texture":"#1"},"west":{"uv":[4.0,11.29677,4.375,13.7577],"texture":"#1"},"east":{"uv":[11.625,11.29677,12.0,13.7577],"texture":"#1"}}},{"from":[-0.625,-0.7421,4.4625],"to":[0.3125,4.179775,5.2125],"faces":{"up":{"uv":[0.0,4.562502,0.3125,5.312502],"texture":"#1"},"north":{"uv":[15.6875,11.82027,16.0,16.0],"texture":"#1"},"south":{"uv":[0.0,11.82027,0.3125,16.0],"texture":"#1"},"west":{"uv":[4.562501,11.82027,5.312501,16.0],"texture":"#1"},"east":{"uv":[10.6875,11.82027,11.4375,16.0],"texture":"#1"}}},{"from":[-0.8125,-0.7421,4.65],"to":[0.5,3.828213,5.025],"faces":{"up":{"uv":[0.0,4.750003,0.5,5.125003],"texture":"#1"},"north":{"uv":[15.5,12.17184,16.0,16.0],"texture":"#1"},"south":{"uv":[0.0,12.17184,0.5,16.0],"texture":"#1"},"west":{"uv":[4.750003,12.17184,5.125003,16.0],"texture":"#1"},"east":{"uv":[10.875,12.17184,11.25,16.0],"texture":"#1"}}},{"from":[-0.8125,3.8282,4.4625],"to":[0.5,4.882887,4.8375],"faces":{"down":{"uv":[0.0,11.0625,0.5,11.4375],"texture":"#1"},"north":{"uv":[15.5,11.11711,16.0,12.1718],"texture":"#1"},"south":{"uv":[0.0,11.11711,0.5,12.1718],"texture":"#1"},"west":{"uv":[4.562503,11.11711,4.937503,12.1718],"texture":"#1"},"east":{"uv":[11.0625,11.11711,11.4375,12.1718],"texture":"#1"}}},{"from":[-0.8125,4.8828,4.4625],"to":[0.5,8.749988,4.8375],"faces":{"up":{"uv":[0.0,4.562503,0.5,4.937503],"texture":"#1"},"north":{"uv":[15.5,7.249963,16.0,11.11715],"texture":"#1"},"south":{"uv":[0.0,7.249963,0.5,11.11715],"texture":"#1"},"west":{"uv":[4.562503,7.249963,4.937503,11.11715],"texture":"#1"},"east":{"uv":[11.0625,7.249963,11.4375,11.11715],"texture":"#1"}}},{"from":[-0.4375,20.8204,3.6187],"to":[0.125,22.6954,4.1812],"faces":{"up":{"uv":[0.0,3.71875,0.125,4.28125],"texture":"#1"},"north":{"uv":[15.875,9.304649,16.0,11.17965],"texture":"#1"},"south":{"uv":[0.0,9.304649,0.125,11.17965],"texture":"#1"},"west":{"uv":[3.71875,9.304649,4.28125,11.17965],"texture":"#1"},"east":{"uv":[11.71875,9.304649,12.28125,11.17965],"texture":"#1"}}},{"from":[-0.4375,21.2891,3.525],"to":[0.125,23.1641,3.99375],"faces":{"up":{"uv":[0.0,3.625002,0.125,4.093752],"texture":"#1"},"north":{"uv":[15.875,8.835899,16.0,10.7109],"texture":"#1"},"south":{"uv":[0.0,8.835899,0.125,10.7109],"texture":"#1"},"west":{"uv":[3.625001,8.835899,4.093751,10.7109],"texture":"#1"},"east":{"uv":[11.90625,8.835899,12.375,10.7109],"texture":"#1"}}},{"from":[-0.4375,21.5235,3.525],"to":[0.125,23.3985,3.80625],"faces":{"north":{"uv":[15.875,8.601452,16.0,10.47645],"texture":"#1"},"south":{"uv":[0.0,8.601452,0.125,10.47645],"texture":"#1"},"west":{"uv":[3.625001,8.601452,3.906251,10.47645],"texture":"#1"},"east":{"uv":[12.09375,8.601452,12.375,10.47645],"texture":"#1"}}},{"from":[-0.4375,21.7578,3.525],"to":[0.125,23.6328,3.7125],"faces":{"up":{"uv":[0.0,3.625,0.125,3.8125],"texture":"#1"},"north":{"uv":[15.875,8.367149,16.0,10.24215],"texture":"#1"},"south":{"uv":[0.0,8.367149,0.125,10.24215],"texture":"#1"},"west":{"uv":[3.625,8.367149,3.8125,10.24215],"texture":"#1"},"east":{"uv":[12.1875,8.367149,12.375,10.24215],"texture":"#1"}}},{"from":[-0.625,20.586,3.7125],"to":[0.3125,21.5235,4.275],"faces":{"down":{"uv":[0.0,11.625,0.3125,12.1875],"texture":"#1"},"up":{"uv":[0.0,3.8125,0.3125,4.375],"texture":"#1"},"north":{"uv":[15.6875,10.47645,16.0,11.41395],"texture":"#1"},"south":{"uv":[0.0,10.47645,0.3125,11.41395],"texture":"#1"},"west":{"uv":[3.8125,10.47645,4.375,11.41395],"texture":"#1"},"east":{"uv":[11.625,10.47645,12.1875,11.41395],"texture":"#1"}}},{"from":[-0.625,21.5235,3.7125],"to":[0.3125,22.461,4.0875],"faces":{"up":{"uv":[0.0,3.8125,0.3125,4.1875],"texture":"#1"},"north":{"uv":[15.6875,9.538952,16.0,10.47645],"texture":"#1"},"south":{"uv":[0.0,9.538952,0.3125,10.47645],"texture":"#1"},"west":{"uv":[3.8125,9.538952,4.1875,10.47645],"texture":"#1"},"east":{"uv":[11.8125,9.538952,12.1875,10.47645],"texture":"#1"}}},{"from":[-0.625,22.461,3.7125],"to":[0.3125,22.69537,3.9],"faces":{"up":{"uv":[0.0,3.8125,0.3125,4.0],"texture":"#1"},"north":{"uv":[15.6875,9.304577,16.0,9.538952],"texture":"#1"},"south":{"uv":[0.0,9.304577,0.3125,9.538952],"texture":"#1"},"west":{"uv":[3.8125,9.304577,4.0,9.538952],"texture":"#1"},"east":{"uv":[12.0,9.304577,12.1875,9.538952],"texture":"#1"}}}],"textures":{"0":"7d1c6fd0-70dc-4540-8cf0-de0930086a32","1":"e7236d3d-6e05-47c3-909f-764d7c451d02","2":"9cf1e0a4-320a-4ba1-a695-9be3cebdd80e"}}