{"display":{"fixed":{"rotation":[-90.0,0.0,0.0],"translation":[0.0,0.0,-9.5],"scale":[1.2,1.2,1.2]}},"elements":[{"from":[7.0,8.0,7.0],"to":[9.0,9.0,9.0],"faces":{"down":{"uv":[7.75,1.5,7.25,2.0],"texture":"#1"},"up":{"uv":[7.75,1.5,7.25,1.0],"texture":"#1"},"north":{"uv":[3.0,8.0,3.5,8.25],"texture":"#1"},"south":{"uv":[8.25,0.25,8.75,0.5],"texture":"#1"},"west":{"uv":[8.25,0.5,8.75,0.75],"texture":"#1"},"east":{"uv":[8.25,0.0,8.75,0.25],"texture":"#1"}}},{"from":[7.0,0.0,7.0],"to":[9.0,2.0,9.0],"faces":{"down":{"uv":[7.75,5.5,7.25,6.0],"texture":"#1"},"up":{"uv":[7.75,5.5,7.25,5.0],"texture":"#1"},"north":{"uv":[7.25,3.0,7.75,3.5],"texture":"#1"},"south":{"uv":[7.25,4.0,7.75,4.5],"texture":"#1"},"west":{"uv":[7.25,4.5,7.75,5.0],"texture":"#1"},"east":{"uv":[7.25,3.5,7.75,4.0],"texture":"#1"}}},{"from":[7.3,1.9,7.3],"to":[8.699999,8.3,8.699999],"faces":{"down":{"uv":[7.75,2.5,7.25,3.0],"texture":"#1"},"up":{"uv":[7.75,2.5,7.25,2.0],"texture":"#1"},"north":{"uv":[0.0,6.0,0.5,7.75],"texture":"#1"},"south":{"uv":[1.0,6.0,1.5,7.75],"texture":"#1"},"west":{"uv":[1.5,6.0,2.0,7.75],"texture":"#1"},"east":{"uv":[0.5,6.0,1.0,7.75],"texture":"#1"}}},{"from":[7.5,8.0,7.5],"to":[8.5,18.0,8.5],"rotation":{"origin":[7.5,8.0,7.5],"axis":"z","angle":22.5},"faces":{"down":{"uv":[8.5,6.75,8.25,7.0],"texture":"#1"},"up":{"uv":[3.5,8.5,3.25,8.25],"texture":"#1"},"north":{"uv":[3.5,6.0,3.75,8.5],"texture":"#1"},"south":{"uv":[4.0,7.0,4.25,9.5],"texture":"#1"},"west":{"uv":[4.25,7.0,4.5,9.5],"texture":"#1"},"east":{"uv":[3.75,6.0,4.0,8.5],"texture":"#1"}}},{"from":[4.8,19.9,6.1],"to":[7.8,20.9,10.1],"rotation":{"origin":[11.8,12.9,9.1],"axis":"z","angle":22.5},"faces":{"down":{"uv":[2.75,6.0,3.5,7.0],"texture":"#1"},"up":{"uv":[2.0,7.0,2.75,6.0],"texture":"#1"},"north":{"uv":[8.5,4.25,7.75,4.5],"texture":"#1"},"south":{"uv":[8.5,4.5,7.75,4.75],"texture":"#1"},"west":{"uv":[8.25,6.0,7.25,6.25],"texture":"#1"},"east":{"uv":[8.25,6.25,7.25,6.5],"texture":"#1"}}},{"from":[-2.5,20.6,1.1],"to":[10.5,20.601,15.1],"rotation":{"origin":[12.5,12.6,9.1],"axis":"z","angle":22.5},"faces":{"down":{"uv":[4.0,0.0,7.25,3.5],"texture":"#1"},"up":{"uv":[4.0,3.5,7.25,0.0],"texture":"#1"},"north":{"uv":[3.25,0.0,0.0,0.0],"texture":"#1"},"south":{"uv":[3.25,0.0,0.0,0.0],"texture":"#1"},"west":{"uv":[3.5,0.0,0.0,0.0],"texture":"#1"},"east":{"uv":[3.5,0.0,0.0,0.0],"texture":"#1"}}},{"from":[2.8,19.9,5.1],"to":[6.8,20.9,6.1],"rotation":{"origin":[11.8,12.9,9.1],"axis":"z","angle":22.5},"faces":{"down":{"uv":[6.5,7.5,7.5,7.75],"texture":"#1"},"up":{"uv":[5.5,7.75,6.5,7.5],"texture":"#1"},"north":{"uv":[8.25,6.5,7.25,6.75],"texture":"#1"},"south":{"uv":[8.25,6.75,7.25,7.0],"texture":"#1"},"west":{"uv":[7.75,8.25,7.5,8.5],"texture":"#1"},"east":{"uv":[8.0,8.25,7.75,8.5],"texture":"#1"}}},{"from":[1.8,19.9,4.1],"to":[4.8,20.9,5.1],"rotation":{"origin":[11.8,12.9,9.1],"axis":"z","angle":22.5},"faces":{"down":{"uv":[5.5,7.75,6.25,8.0],"texture":"#1"},"up":{"uv":[7.75,5.5,8.5,5.25],"texture":"#1"},"north":{"uv":[8.5,4.75,7.75,5.0],"texture":"#1"},"south":{"uv":[8.5,5.0,7.75,5.25],"texture":"#1"},"west":{"uv":[8.25,8.25,8.0,8.5],"texture":"#1"},"east":{"uv":[8.5,8.25,8.25,8.5],"texture":"#1"}}},{"from":[-1.2,19.9,7.6],"to":[0.8000001,20.9,8.6],"rotation":{"origin":[11.8,12.9,9.1],"axis":"z","angle":22.5},"faces":{"down":{"uv":[1.75,8.25,2.25,8.5],"texture":"#1"},"up":{"uv":[1.25,8.5,1.75,8.25],"texture":"#1"},"north":{"uv":[1.25,8.25,0.75,8.5],"texture":"#1"},"south":{"uv":[8.75,0.75,8.25,1.0],"texture":"#1"},"west":{"uv":[0.25,8.5,0.0,8.75],"texture":"#1"},"east":{"uv":[0.5,8.5,0.25,8.75],"texture":"#1"}}},{"from":[1.8,19.9,11.1],"to":[4.8,20.9,12.1],"rotation":{"origin":[11.8,12.9,9.1],"axis":"z","angle":22.5},"faces":{"down":{"uv":[7.0,7.75,7.75,8.0],"texture":"#1"},"up":{"uv":[6.25,8.0,7.0,7.75],"texture":"#1"},"north":{"uv":[8.5,5.5,7.75,5.75],"texture":"#1"},"south":{"uv":[8.5,5.75,7.75,6.0],"texture":"#1"},"west":{"uv":[0.75,8.5,0.5,8.75],"texture":"#1"},"east":{"uv":[1.0,8.5,0.75,8.75],"texture":"#1"}}},{"from":[2.8,19.9,10.1],"to":[6.8,20.9,11.1],"rotation":{"origin":[11.8,12.9,9.1],"axis":"z","angle":22.5},"faces":{"down":{"uv":[0.0,7.75,1.0,8.0],"texture":"#1"},"up":{"uv":[7.5,7.75,8.5,7.5],"texture":"#1"},"north":{"uv":[8.5,7.0,7.5,7.25],"texture":"#1"},"south":{"uv":[8.5,7.25,7.5,7.5],"texture":"#1"},"west":{"uv":[1.25,8.5,1.0,8.75],"texture":"#1"},"east":{"uv":[1.5,8.5,1.25,8.75],"texture":"#1"}}},{"from":[0.8,19.9,7.1],"to":[4.8,20.9,9.1],"rotation":{"origin":[11.8,12.9,9.1],"axis":"z","angle":22.5},"faces":{"down":{"uv":[6.5,7.0,7.5,7.5],"texture":"#1"},"up":{"uv":[5.5,7.5,6.5,7.0],"texture":"#1"},"north":{"uv":[2.0,7.75,1.0,8.0],"texture":"#1"},"south":{"uv":[8.75,1.0,7.75,1.25],"texture":"#1"},"west":{"uv":[2.75,8.25,2.25,8.5],"texture":"#1"},"east":{"uv":[3.25,8.25,2.75,8.5],"texture":"#1"}}},{"from":[7.5,8.0,7.5],"to":[8.5,16.0,8.5],"rotation":{"origin":[7.5,8.0,7.5],"axis":"z","angle":-45.0},"faces":{"down":{"uv":[7.5,8.25,7.25,8.5],"texture":"#1"},"up":{"uv":[7.25,8.5,7.0,8.25],"texture":"#1"},"north":{"uv":[4.5,7.0,4.75,9.0],"texture":"#1"},"south":{"uv":[5.0,7.0,5.25,9.0],"texture":"#1"},"west":{"uv":[5.25,7.0,5.5,9.0],"texture":"#1"},"east":{"uv":[4.75,7.0,5.0,9.0],"texture":"#1"}}},{"from":[8.5,18.2,6.1],"to":[11.5,19.2,10.1],"rotation":{"origin":[4.5,11.2,9.1],"axis":"z","angle":-45.0},"faces":{"down":{"uv":[3.5,6.0,2.75,7.0],"texture":"#1"},"up":{"uv":[2.75,7.0,2.0,6.0],"texture":"#1"},"north":{"uv":[7.75,4.25,8.5,4.5],"texture":"#1"},"south":{"uv":[7.75,4.5,8.5,4.75],"texture":"#1"},"west":{"uv":[7.25,6.25,8.25,6.5],"texture":"#1"},"east":{"uv":[7.25,6.0,8.25,6.25],"texture":"#1"}}},{"from":[5.8,19.2,1.1],"to":[18.8,19.201,15.1],"rotation":{"origin":[3.8,11.2,9.1],"axis":"z","angle":-45.0},"faces":{"down":{"uv":[7.25,0.0,4.0,3.5],"texture":"#1"},"up":{"uv":[7.25,3.5,4.0,0.0],"texture":"#1"},"north":{"uv":[0.0,0.0,3.25,0.0],"texture":"#1"},"south":{"uv":[0.0,0.0,3.25,0.0],"texture":"#1"},"west":{"uv":[0.0,0.0,3.5,0.0],"texture":"#1"},"east":{"uv":[0.0,0.0,3.5,0.0],"texture":"#1"}}},{"from":[9.5,18.2,5.1],"to":[13.5,19.2,6.1],"rotation":{"origin":[4.5,11.2,9.1],"axis":"z","angle":-45.0},"faces":{"down":{"uv":[7.5,7.5,6.5,7.75],"texture":"#1"},"up":{"uv":[6.5,7.75,5.5,7.5],"texture":"#1"},"north":{"uv":[7.25,6.5,8.25,6.75],"texture":"#1"},"south":{"uv":[7.25,6.75,8.25,7.0],"texture":"#1"},"west":{"uv":[7.75,8.25,8.0,8.5],"texture":"#1"},"east":{"uv":[7.5,8.25,7.75,8.5],"texture":"#1"}}},{"from":[11.5,18.2,4.1],"to":[14.5,19.2,5.1],"rotation":{"origin":[4.5,11.2,9.1],"axis":"z","angle":-45.0},"faces":{"down":{"uv":[6.25,7.75,5.5,8.0],"texture":"#1"},"up":{"uv":[8.5,5.5,7.75,5.25],"texture":"#1"},"north":{"uv":[7.75,4.75,8.5,5.0],"texture":"#1"},"south":{"uv":[7.75,5.0,8.5,5.25],"texture":"#1"},"west":{"uv":[8.25,8.25,8.5,8.5],"texture":"#1"},"east":{"uv":[8.0,8.25,8.25,8.5],"texture":"#1"}}},{"from":[15.5,18.2,7.6],"to":[17.5,19.2,8.6],"rotation":{"origin":[4.5,11.2,9.1],"axis":"z","angle":-45.0},"faces":{"down":{"uv":[2.25,8.25,1.75,8.5],"texture":"#1"},"up":{"uv":[1.75,8.5,1.25,8.25],"texture":"#1"},"north":{"uv":[0.75,8.25,1.25,8.5],"texture":"#1"},"south":{"uv":[8.25,0.75,8.75,1.0],"texture":"#1"},"west":{"uv":[0.25,8.5,0.5,8.75],"texture":"#1"},"east":{"uv":[0.0,8.5,0.25,8.75],"texture":"#1"}}},{"from":[11.5,18.2,11.1],"to":[14.5,19.2,12.1],"rotation":{"origin":[4.5,11.2,9.1],"axis":"z","angle":-45.0},"faces":{"down":{"uv":[7.75,7.75,7.0,8.0],"texture":"#1"},"up":{"uv":[7.0,8.0,6.25,7.75],"texture":"#1"},"north":{"uv":[7.75,5.5,8.5,5.75],"texture":"#1"},"south":{"uv":[7.75,5.75,8.5,6.0],"texture":"#1"},"west":{"uv":[0.75,8.5,1.0,8.75],"texture":"#1"},"east":{"uv":[0.5,8.5,0.75,8.75],"texture":"#1"}}},{"from":[9.5,18.2,10.1],"to":[13.5,19.2,11.1],"rotation":{"origin":[4.5,11.2,9.1],"axis":"z","angle":-45.0},"faces":{"down":{"uv":[1.0,7.75,0.0,8.0],"texture":"#1"},"up":{"uv":[8.5,7.75,7.5,7.5],"texture":"#1"},"north":{"uv":[7.5,7.0,8.5,7.25],"texture":"#1"},"south":{"uv":[7.5,7.25,8.5,7.5],"texture":"#1"},"west":{"uv":[1.25,8.5,1.5,8.75],"texture":"#1"},"east":{"uv":[1.0,8.5,1.25,8.75],"texture":"#1"}}},{"from":[11.5,18.2,7.1],"to":[15.5,19.2,9.1],"rotation":{"origin":[4.5,11.2,9.1],"axis":"z","angle":-45.0},"faces":{"down":{"uv":[7.5,7.0,6.5,7.5],"texture":"#1"},"up":{"uv":[6.5,7.5,5.5,7.0],"texture":"#1"},"north":{"uv":[1.0,7.75,2.0,8.0],"texture":"#1"},"south":{"uv":[7.75,1.0,8.75,1.25],"texture":"#1"},"west":{"uv":[2.75,8.25,3.25,8.5],"texture":"#1"},"east":{"uv":[2.25,8.25,2.75,8.5],"texture":"#1"}}}],"textures":{"1":"3926cdac-7e75-49a0-baea-12aee1e9c040"}}