{"display":{"fixed":{"rotation":[-90.0,0.0,0.0],"translation":[0.0,0.0,-16.0],"scale":[2.0,2.0,2.0]}},"elements":[{"from":[4.0,0.0,10.0],"to":[5.0,4.0,11.0],"rotation":{"origin":[5.0,1.875,5.0],"axis":"y","angle":0.0},"faces":{"north":{"uv":[0.0,0.0,15.0,16.0],"texture":"#1"},"east":{"uv":[0.0,0.0,14.0,11.0],"texture":"#1"},"south":{"uv":[0.0,0.0,16.0,15.0],"texture":"#1"},"west":{"uv":[0.0,0.0,16.0,16.0],"texture":"#1"},"up":{"uv":[0.0,0.0,14.0,7.0],"texture":"#1"},"down":{"uv":[0.0,0.0,1.0,1.0],"texture":"#1"}}},{"from":[5.0,0.0,10.0],"to":[6.0,6.0,11.0],"rotation":{"origin":[5.0,1.875,5.0],"axis":"y","angle":0.0},"faces":{"north":{"uv":[0.0,0.0,15.0,16.0],"texture":"#1"},"east":{"uv":[0.0,0.0,14.0,13.0],"texture":"#1"},"south":{"uv":[0.0,0.0,16.0,15.0],"texture":"#1"},"west":{"uv":[0.0,0.0,16.0,16.0],"texture":"#1"},"up":{"uv":[0.0,0.0,14.0,7.0],"texture":"#1"},"down":{"uv":[0.0,0.0,1.0,1.0],"texture":"#1"}}},{"from":[4.0,0.0,11.0],"to":[5.0,8.0,12.0],"rotation":{"origin":[5.0,1.875,5.0],"axis":"y","angle":0.0},"faces":{"north":{"uv":[0.0,0.0,15.0,16.0],"texture":"#1"},"east":{"uv":[0.0,0.0,14.0,15.0],"texture":"#1"},"south":{"uv":[0.0,0.0,16.0,15.0],"texture":"#1"},"west":{"uv":[0.0,0.0,16.0,16.0],"texture":"#1"},"up":{"uv":[0.0,0.0,14.0,7.0],"texture":"#1"},"down":{"uv":[0.0,0.0,1.0,1.0],"texture":"#1"}}},{"from":[5.0,0.0,11.0],"to":[6.0,5.0,12.0],"rotation":{"origin":[5.0,1.875,5.0],"axis":"y","angle":0.0},"faces":{"north":{"uv":[0.0,0.0,15.0,16.0],"texture":"#1"},"east":{"uv":[0.0,0.0,14.0,12.0],"texture":"#1"},"south":{"uv":[0.0,0.0,16.0,15.0],"texture":"#1"},"west":{"uv":[0.0,0.0,16.0,16.0],"texture":"#1"},"up":{"uv":[0.0,0.0,14.0,7.0],"texture":"#1"},"down":{"uv":[0.0,0.0,1.0,1.0],"texture":"#1"}}},{"from":[4.0,1.0,9.0],"to":[5.0,2.0,10.0],"faces":{"north":{"uv":[0.0,0.0,11.5,11.5],"texture":"#2"},"east":{"uv":[0.0,0.0,13.5,16.0],"texture":"#2"},"south":{"uv":[0.0,0.0,15.5,11.0],"texture":"#2"},"west":{"uv":[0.0,0.0,14.5,14.5],"texture":"#2"},"up":{"uv":[0.0,0.0,13.5,9.5],"texture":"#2"},"down":{"uv":[0.0,0.0,0.5,0.5],"texture":"#2"}}},{"from":[5.0,2.0,9.0],"to":[6.0,3.0,10.0],"faces":{"north":{"uv":[0.0,0.0,11.5,11.5],"texture":"#2"},"east":{"uv":[0.0,0.0,13.5,16.0],"texture":"#2"},"south":{"uv":[0.0,0.0,15.5,11.0],"texture":"#2"},"west":{"uv":[0.0,0.0,14.5,14.5],"texture":"#2"},"up":{"uv":[0.0,0.0,13.5,9.5],"texture":"#2"},"down":{"uv":[0.0,0.0,0.5,0.5],"texture":"#2"}}},{"from":[4.0,2.0,8.0],"to":[5.0,3.0,9.0],"faces":{"north":{"uv":[0.0,0.0,11.5,11.5],"texture":"#2"},"east":{"uv":[0.0,0.0,13.5,16.0],"texture":"#2"},"south":{"uv":[0.0,0.0,15.5,11.0],"texture":"#2"},"west":{"uv":[0.0,0.0,14.5,14.5],"texture":"#2"},"up":{"uv":[0.0,0.0,13.5,9.5],"texture":"#2"},"down":{"uv":[0.0,0.0,0.5,0.5],"texture":"#2"}}},{"from":[5.01786,0.0,3.97321],"to":[6.01786,4.0,4.97321],"rotation":{"origin":[4.92857,2.57143,4.21429],"axis":"y","angle":0.0},"faces":{"north":{"uv":[0.0,0.0,15.0,16.0],"texture":"#1"},"east":{"uv":[0.0,0.0,14.0,11.0],"texture":"#1"},"south":{"uv":[0.0,0.0,16.0,15.0],"texture":"#1"},"west":{"uv":[0.0,0.0,16.0,16.0],"texture":"#1"},"up":{"uv":[0.0,0.0,14.0,7.0],"texture":"#1","rotation":90},"down":{"uv":[0.0,0.0,1.0,1.0],"texture":"#1","rotation":270}}},{"from":[5.01786,0.0,4.97321],"to":[6.01786,6.0,5.97321],"rotation":{"origin":[4.92857,2.57143,4.21429],"axis":"y","angle":0.0},"faces":{"north":{"uv":[0.0,0.0,15.0,16.0],"texture":"#1"},"east":{"uv":[0.0,0.0,14.0,13.0],"texture":"#1"},"south":{"uv":[0.0,0.0,16.0,15.0],"texture":"#1"},"west":{"uv":[0.0,0.0,16.0,16.0],"texture":"#1"},"up":{"uv":[0.0,0.0,14.0,7.0],"texture":"#1","rotation":90},"down":{"uv":[0.0,0.0,1.0,1.0],"texture":"#1","rotation":270}}},{"from":[4.01786,0.0,3.97321],"to":[5.01786,8.0,4.97321],"rotation":{"origin":[4.92857,2.57143,4.21429],"axis":"y","angle":0.0},"faces":{"north":{"uv":[0.0,0.0,15.0,16.0],"texture":"#1"},"east":{"uv":[0.0,0.0,14.0,15.0],"texture":"#1"},"south":{"uv":[0.0,0.0,16.0,15.0],"texture":"#1"},"west":{"uv":[0.0,0.0,16.0,16.0],"texture":"#1"},"up":{"uv":[0.0,0.0,14.0,7.0],"texture":"#1","rotation":90},"down":{"uv":[0.0,0.0,1.0,1.0],"texture":"#1","rotation":270}}},{"from":[4.01786,0.0,4.97321],"to":[5.01786,5.0,5.97321],"rotation":{"origin":[4.92857,2.57143,4.21429],"axis":"y","angle":0.0},"faces":{"north":{"uv":[0.0,0.0,15.0,16.0],"texture":"#1"},"east":{"uv":[0.0,0.0,14.0,12.0],"texture":"#1"},"south":{"uv":[0.0,0.0,16.0,15.0],"texture":"#1"},"west":{"uv":[0.0,0.0,16.0,16.0],"texture":"#1"},"up":{"uv":[0.0,0.0,14.0,7.0],"texture":"#1","rotation":90},"down":{"uv":[0.0,0.0,1.0,1.0],"texture":"#1","rotation":270}}},{"from":[6.01786,1.0,3.97321],"to":[7.01786,2.0,4.97321],"rotation":{"origin":[4.92857,2.57143,4.21429],"axis":"y","angle":0.0},"faces":{"north":{"uv":[0.0,0.0,11.5,11.5],"texture":"#2"},"east":{"uv":[0.0,0.0,13.5,16.0],"texture":"#2"},"south":{"uv":[0.0,0.0,15.5,11.0],"texture":"#2"},"west":{"uv":[0.0,0.0,14.5,14.5],"texture":"#2"},"up":{"uv":[0.0,0.0,13.5,9.5],"texture":"#2","rotation":90},"down":{"uv":[0.0,0.0,0.5,0.5],"texture":"#2","rotation":270}}},{"from":[6.01786,2.0,4.97321],"to":[7.01786,3.0,5.97321],"rotation":{"origin":[4.92857,2.57143,4.21429],"axis":"y","angle":0.0},"faces":{"north":{"uv":[0.0,0.0,11.5,11.5],"texture":"#2"},"east":{"uv":[0.0,0.0,13.5,16.0],"texture":"#2"},"south":{"uv":[0.0,0.0,15.5,11.0],"texture":"#2"},"west":{"uv":[0.0,0.0,14.5,14.5],"texture":"#2"},"up":{"uv":[0.0,0.0,13.5,9.5],"texture":"#2","rotation":90},"down":{"uv":[0.0,0.0,0.5,0.5],"texture":"#2","rotation":270}}},{"from":[7.01786,2.0,3.97321],"to":[8.01786,3.0,4.97321],"rotation":{"origin":[4.92857,2.57143,4.21429],"axis":"y","angle":0.0},"faces":{"north":{"uv":[0.0,0.0,11.5,11.5],"texture":"#2"},"east":{"uv":[0.0,0.0,13.5,16.0],"texture":"#2"},"south":{"uv":[0.0,0.0,15.5,11.0],"texture":"#2"},"west":{"uv":[0.0,0.0,14.5,14.5],"texture":"#2"},"up":{"uv":[0.0,0.0,13.5,9.5],"texture":"#2","rotation":90},"down":{"uv":[0.0,0.0,0.5,0.5],"texture":"#2","rotation":270}}},{"from":[10.98214,0.0,5.11607],"to":[11.98214,4.0,6.11607],"rotation":{"origin":[5.80357,2.57143,4.90179],"axis":"y","angle":0.0},"faces":{"north":{"uv":[0.0,0.0,15.0,16.0],"texture":"#1"},"east":{"uv":[0.0,0.0,14.0,11.0],"texture":"#1"},"south":{"uv":[0.0,0.0,16.0,15.0],"texture":"#1"},"west":{"uv":[0.0,0.0,16.0,16.0],"texture":"#1"},"up":{"uv":[0.0,0.0,14.0,7.0],"texture":"#1","rotation":180},"down":{"uv":[0.0,0.0,1.0,1.0],"texture":"#1","rotation":180}}},{"from":[9.98214,0.0,5.11607],"to":[10.98214,6.0,6.11607],"rotation":{"origin":[5.80357,2.57143,4.90179],"axis":"y","angle":0.0},"faces":{"north":{"uv":[0.0,0.0,15.0,16.0],"texture":"#1"},"east":{"uv":[0.0,0.0,14.0,13.0],"texture":"#1"},"south":{"uv":[0.0,0.0,16.0,15.0],"texture":"#1"},"west":{"uv":[0.0,0.0,16.0,16.0],"texture":"#1"},"up":{"uv":[0.0,0.0,14.0,7.0],"texture":"#1","rotation":180},"down":{"uv":[0.0,0.0,1.0,1.0],"texture":"#1","rotation":180}}},{"from":[10.98214,0.0,4.11607],"to":[11.98214,8.0,5.11607],"rotation":{"origin":[5.80357,2.57143,4.90179],"axis":"y","angle":0.0},"faces":{"north":{"uv":[0.0,0.0,15.0,16.0],"texture":"#1"},"east":{"uv":[0.0,0.0,14.0,15.0],"texture":"#1"},"south":{"uv":[0.0,0.0,16.0,15.0],"texture":"#1"},"west":{"uv":[0.0,0.0,16.0,16.0],"texture":"#1"},"up":{"uv":[0.0,0.0,14.0,7.0],"texture":"#1","rotation":180},"down":{"uv":[0.0,0.0,1.0,1.0],"texture":"#1","rotation":180}}},{"from":[9.98214,0.0,4.11607],"to":[10.98214,5.0,5.11607],"rotation":{"origin":[5.80357,2.57143,4.90179],"axis":"y","angle":0.0},"faces":{"north":{"uv":[0.0,0.0,15.0,16.0],"texture":"#1"},"east":{"uv":[0.0,0.0,14.0,12.0],"texture":"#1"},"south":{"uv":[0.0,0.0,16.0,15.0],"texture":"#1"},"west":{"uv":[0.0,0.0,16.0,16.0],"texture":"#1"},"up":{"uv":[0.0,0.0,14.0,7.0],"texture":"#1","rotation":180},"down":{"uv":[0.0,0.0,1.0,1.0],"texture":"#1","rotation":180}}},{"from":[10.98214,1.0,6.11607],"to":[11.98214,2.0,7.11607],"rotation":{"origin":[5.80357,2.57143,4.90179],"axis":"y","angle":0.0},"faces":{"north":{"uv":[0.0,0.0,11.5,11.5],"texture":"#2"},"east":{"uv":[0.0,0.0,13.5,16.0],"texture":"#2"},"south":{"uv":[0.0,0.0,15.5,11.0],"texture":"#2"},"west":{"uv":[0.0,0.0,14.5,14.5],"texture":"#2"},"up":{"uv":[0.0,0.0,13.5,9.5],"texture":"#2","rotation":180},"down":{"uv":[0.0,0.0,0.5,0.5],"texture":"#2","rotation":180}}},{"from":[9.98214,2.0,6.11607],"to":[10.98214,3.0,7.11607],"rotation":{"origin":[5.80357,2.57143,4.90179],"axis":"y","angle":0.0},"faces":{"north":{"uv":[0.0,0.0,11.5,11.5],"texture":"#2"},"east":{"uv":[0.0,0.0,13.5,16.0],"texture":"#2"},"south":{"uv":[0.0,0.0,15.5,11.0],"texture":"#2"},"west":{"uv":[0.0,0.0,14.5,14.5],"texture":"#2"},"up":{"uv":[0.0,0.0,13.5,9.5],"texture":"#2","rotation":180},"down":{"uv":[0.0,0.0,0.5,0.5],"texture":"#2","rotation":180}}},{"from":[10.98214,2.0,7.11607],"to":[11.98214,3.0,8.11607],"rotation":{"origin":[5.80357,2.57143,4.90179],"axis":"y","angle":0.0},"faces":{"north":{"uv":[0.0,0.0,11.5,11.5],"texture":"#2"},"east":{"uv":[0.0,0.0,13.5,16.0],"texture":"#2"},"south":{"uv":[0.0,0.0,15.5,11.0],"texture":"#2"},"west":{"uv":[0.0,0.0,14.5,14.5],"texture":"#2"},"up":{"uv":[0.0,0.0,13.5,9.5],"texture":"#2","rotation":180},"down":{"uv":[0.0,0.0,0.5,0.5],"texture":"#2","rotation":180}}},{"from":[10.02679,0.0,11.01786],"to":[11.02679,4.0,12.01786],"rotation":{"origin":[10.92857,2.57143,10.21429],"axis":"y","angle":0.0},"faces":{"north":{"uv":[0.0,0.0,15.0,16.0],"texture":"#1"},"east":{"uv":[0.0,0.0,14.0,11.0],"texture":"#1"},"south":{"uv":[0.0,0.0,16.0,15.0],"texture":"#1"},"west":{"uv":[0.0,0.0,16.0,16.0],"texture":"#1"},"up":{"uv":[0.0,0.0,14.0,7.0],"texture":"#1","rotation":270},"down":{"uv":[0.0,0.0,1.0,1.0],"texture":"#1","rotation":90}}},{"from":[10.02679,0.0,10.01786],"to":[11.02679,6.0,11.01786],"rotation":{"origin":[10.92857,2.57143,10.21429],"axis":"y","angle":0.0},"faces":{"north":{"uv":[0.0,0.0,15.0,16.0],"texture":"#1"},"east":{"uv":[0.0,0.0,14.0,13.0],"texture":"#1"},"south":{"uv":[0.0,0.0,16.0,15.0],"texture":"#1"},"west":{"uv":[0.0,0.0,16.0,16.0],"texture":"#1"},"up":{"uv":[0.0,0.0,14.0,7.0],"texture":"#1","rotation":270},"down":{"uv":[0.0,0.0,1.0,1.0],"texture":"#1","rotation":90}}},{"from":[11.02679,0.0,11.01786],"to":[12.02679,8.0,12.01786],"rotation":{"origin":[10.92857,2.57143,10.21429],"axis":"y","angle":0.0},"faces":{"north":{"uv":[0.0,0.0,15.0,16.0],"texture":"#1"},"east":{"uv":[0.0,0.0,14.0,15.0],"texture":"#1"},"south":{"uv":[0.0,0.0,16.0,15.0],"texture":"#1"},"west":{"uv":[0.0,0.0,16.0,16.0],"texture":"#1"},"up":{"uv":[0.0,0.0,14.0,7.0],"texture":"#1","rotation":270},"down":{"uv":[0.0,0.0,1.0,1.0],"texture":"#1","rotation":90}}},{"from":[11.02679,0.0,10.01786],"to":[12.02679,5.0,11.01786],"rotation":{"origin":[10.92857,2.57143,10.21429],"axis":"y","angle":0.0},"faces":{"north":{"uv":[0.0,0.0,15.0,16.0],"texture":"#1"},"east":{"uv":[0.0,0.0,14.0,12.0],"texture":"#1"},"south":{"uv":[0.0,0.0,16.0,15.0],"texture":"#1"},"west":{"uv":[0.0,0.0,16.0,16.0],"texture":"#1"},"up":{"uv":[0.0,0.0,14.0,7.0],"texture":"#1","rotation":270},"down":{"uv":[0.0,0.0,1.0,1.0],"texture":"#1","rotation":90}}},{"from":[9.02679,1.0,11.01786],"to":[10.02679,2.0,12.01786],"rotation":{"origin":[10.92857,2.57143,10.21429],"axis":"y","angle":0.0},"faces":{"north":{"uv":[0.0,0.0,11.5,11.5],"texture":"#2"},"east":{"uv":[0.0,0.0,13.5,16.0],"texture":"#2"},"south":{"uv":[0.0,0.0,15.5,11.0],"texture":"#2"},"west":{"uv":[0.0,0.0,14.5,14.5],"texture":"#2"},"up":{"uv":[0.0,0.0,13.5,9.5],"texture":"#2","rotation":270},"down":{"uv":[0.0,0.0,0.5,0.5],"texture":"#2","rotation":90}}},{"from":[9.02679,2.0,10.01786],"to":[10.02679,3.0,11.01786],"rotation":{"origin":[10.92857,2.57143,10.21429],"axis":"y","angle":0.0},"faces":{"north":{"uv":[0.0,0.0,11.5,11.5],"texture":"#2"},"east":{"uv":[0.0,0.0,13.5,16.0],"texture":"#2"},"south":{"uv":[0.0,0.0,15.5,11.0],"texture":"#2"},"west":{"uv":[0.0,0.0,14.5,14.5],"texture":"#2"},"up":{"uv":[0.0,0.0,13.5,9.5],"texture":"#2","rotation":270},"down":{"uv":[0.0,0.0,0.5,0.5],"texture":"#2","rotation":90}}},{"from":[8.02679,2.0,11.01786],"to":[9.02679,3.0,12.01786],"rotation":{"origin":[10.92857,2.57143,10.21429],"axis":"y","angle":0.0},"faces":{"north":{"uv":[0.0,0.0,11.5,11.5],"texture":"#2"},"east":{"uv":[0.0,0.0,13.5,16.0],"texture":"#2"},"south":{"uv":[0.0,0.0,15.5,11.0],"texture":"#2"},"west":{"uv":[0.0,0.0,14.5,14.5],"texture":"#2"},"up":{"uv":[0.0,0.0,13.5,9.5],"texture":"#2","rotation":270},"down":{"uv":[0.0,0.0,0.5,0.5],"texture":"#2","rotation":90}}}],"textures":{"1":"9b09c2a3-e155-4426-a278-917a28ca311f","2":"11108e23-0c86-474e-957d-f5dcfafe510a"}}