{"display":{"thirdperson_righthand":{"rotation":[-160.0,0.0,0.0],"translation":[0.0,-10.0,-4.0],"scale":[0.75,0.75,0.75]},"thirdperson_lefthand":{"rotation":[-160.0,0.0,0.0],"translation":[0.0,-10.0,-4.0],"scale":[0.75,0.75,0.75]},"firstperson_righthand":{"rotation":[14.0,0.0,7.0],"translation":[1.0,7.0,0.0],"scale":[0.75,0.75,0.75]},"firstperson_lefthand":{"rotation":[14.0,0.0,7.0],"translation":[1.0,7.0,0.0],"scale":[0.75,0.75,0.75]},"gui":{"rotation":[56.0,-132.0,66.0],"translation":[0.5556,4.1412,0.0],"scale":[0.8345,0.6802,0.9239]},"head":{"scale":[1.0E-4,1.0E-4,1.0E-4]},"ground":{"translation":[0.0,15.304,0.0],"scale":[0.75,0.75,0.75]},"fixed":{"rotation":[180.0,90.0,0.0],"translation":[1.75,-4.0,0.0],"scale":[0.75,0.75,0.75]}},"elements":[{"from":[9.0,-10.5,5.25],"to":[9.25,-10.25,6.0],"faces":{"down":{"texture":"#3"},"north":{"uv":[6.75,10.25,7.0,10.5],"texture":"#3"},"south":{"uv":[9.0,10.25,9.25,10.5],"texture":"#3"},"east":{"uv":[10.0,10.25,10.75,10.5],"texture":"#3"}}},{"from":[8.0,-10.75,5.25],"to":[8.75,-10.5,6.0],"faces":{"down":{"texture":"#3"},"north":{"uv":[7.25,10.5,8.0,10.75],"texture":"#3"},"south":{"uv":[8.0,10.5,8.75,10.75],"texture":"#3"},"west":{"uv":[5.25,10.5,6.0,10.75],"texture":"#3"},"east":{"uv":[10.0,10.5,10.75,10.75],"texture":"#3"}}},{"from":[8.0,-10.5,4.75],"to":[8.75,-10.25,6.5],"faces":{"down":{"texture":"#3"},"north":{"uv":[7.25,10.25,8.0,10.5],"texture":"#3"},"south":{"uv":[8.0,10.25,8.75,10.5],"texture":"#3"},"west":{"uv":[4.75,10.25,6.5,10.5],"texture":"#3"},"east":{"uv":[9.5,10.25,11.25,10.5],"texture":"#3"}}},{"from":[8.75,-10.75,5.5],"to":[9.0,-10.5,5.75],"faces":{"down":{"texture":"#3"},"north":{"uv":[7.0,10.5,7.25,10.75],"texture":"#3"},"south":{"uv":[8.75,10.5,9.0,10.75],"texture":"#3"},"east":{"uv":[10.25,10.5,10.5,10.75],"texture":"#3"}}},{"from":[7.5,-10.25,5.0],"to":[9.25,-9.0,6.25],"faces":{"down":{"texture":"#3"},"up":{"texture":"#3"},"north":{"uv":[6.75,9.0,8.5,10.25],"texture":"#3"},"south":{"uv":[7.5,9.0,9.25,10.25],"texture":"#3"},"west":{"uv":[5.0,9.0,6.25,10.25],"texture":"#3"},"east":{"uv":[9.75,9.0,11.0,10.25],"texture":"#3"}}},{"from":[8.25,-10.75,6.0],"to":[8.5,-10.5,6.25],"faces":{"down":{"texture":"#3"},"south":{"uv":[8.25,10.5,8.5,10.75],"texture":"#3"},"west":{"uv":[6.0,10.5,6.25,10.75],"texture":"#3"},"east":{"uv":[9.75,10.5,10.0,10.75],"texture":"#3"}}},{"from":[8.0,-6.75,5.0],"to":[8.75,-4.75,5.25],"faces":{"south":{"uv":[8.0,4.75,8.75,6.75],"texture":"#1"},"west":{"uv":[5.0,4.75,5.25,6.75],"texture":"#1"},"east":{"uv":[10.75,4.75,11.0,6.75],"texture":"#1"}}},{"from":[8.75,-10.5,5.0],"to":[9.0,-10.25,6.25],"faces":{"down":{"texture":"#3"},"north":{"uv":[7.0,10.25,7.25,10.5],"texture":"#3"},"south":{"uv":[8.75,10.25,9.0,10.5],"texture":"#3"},"east":{"uv":[9.75,10.25,11.0,10.5],"texture":"#3"}}},{"from":[7.75,-10.5,5.0],"to":[8.0,-10.25,6.25],"faces":{"down":{"texture":"#3"},"north":{"uv":[8.0,10.25,8.25,10.5],"texture":"#3"},"south":{"uv":[7.75,10.25,8.0,10.5],"texture":"#3"},"west":{"uv":[5.0,10.25,6.25,10.5],"texture":"#3"}}},{"from":[7.5,-10.5,5.25],"to":[7.75,-10.25,6.0],"faces":{"down":{"texture":"#3"},"north":{"uv":[8.25,10.25,8.5,10.5],"texture":"#3"},"south":{"uv":[7.5,10.25,7.75,10.5],"texture":"#3"},"west":{"uv":[5.25,10.25,6.0,10.5],"texture":"#3"}}},{"from":[7.75,-10.75,5.5],"to":[8.0,-10.5,5.75],"faces":{"down":{"texture":"#3"},"north":{"uv":[8.0,10.5,8.25,10.75],"texture":"#3"},"south":{"uv":[7.75,10.5,8.0,10.75],"texture":"#3"},"west":{"uv":[5.5,10.5,5.75,10.75],"texture":"#3"}}},{"from":[8.25,-10.75,5.0],"to":[8.5,-10.5,5.25],"faces":{"down":{"texture":"#3"},"north":{"uv":[7.5,10.5,7.75,10.75],"texture":"#3"},"west":{"uv":[5.0,10.5,5.25,10.75],"texture":"#3"},"east":{"uv":[10.75,10.5,11.0,10.75],"texture":"#3"}}},{"from":[7.75,-10.25,4.75],"to":[9.0,-9.0,6.5],"faces":{"down":{"texture":"#3"},"up":{"texture":"#3"},"north":{"uv":[7.0,9.0,8.25,10.25],"texture":"#3"},"south":{"uv":[7.75,9.0,9.0,10.25],"texture":"#3"},"west":{"uv":[4.75,9.0,6.5,10.25],"texture":"#3"},"east":{"uv":[9.5,9.0,11.25,10.25],"texture":"#3"}}},{"from":[7.5,-8.5,5.25],"to":[9.25,-7.5,5.5],"faces":{"up":{"texture":"#1"},"south":{"uv":[7.5,7.5,9.25,8.5],"texture":"#1"},"west":{"uv":[5.25,7.5,5.5,8.5],"texture":"#1"},"east":{"uv":[10.5,7.5,10.75,8.5],"texture":"#1"}}},{"from":[8.0,-9.0,6.25],"to":[8.75,-8.75,6.5],"faces":{"south":{"uv":[8.0,8.75,8.75,9.0],"texture":"#4"},"west":{"uv":[6.25,8.75,6.5,9.0],"texture":"#4"},"east":{"uv":[9.5,8.75,9.75,9.0],"texture":"#4"}}},{"from":[7.5,-9.0,6.0],"to":[9.25,-8.75,6.25],"faces":{"south":{"uv":[7.5,8.75,9.25,9.0],"texture":"#4"},"west":{"uv":[6.0,8.75,6.25,9.0],"texture":"#4"},"east":{"uv":[9.75,8.75,10.0,9.0],"texture":"#4"}}},{"from":[7.5,-9.0,5.75],"to":[9.25,-8.5,6.0],"faces":{"south":{"uv":[7.5,8.5,9.25,9.0],"texture":"#4"},"west":{"uv":[5.75,8.5,6.0,9.0],"texture":"#4"},"east":{"uv":[10.0,8.5,10.25,9.0],"texture":"#4"}}},{"from":[7.75,-3.75,5.5],"to":[9.0,-2.75,5.75],"faces":{"down":{"texture":"#1"},"south":{"uv":[7.75,2.75,9.0,3.75],"texture":"#1"},"west":{"uv":[5.5,2.75,5.75,3.75],"texture":"#1"},"east":{"uv":[10.25,2.75,10.5,3.75],"texture":"#1"}}},{"from":[8.0,-8.5,5.75],"to":[8.75,-8.0,6.0],"faces":{"up":{"texture":"#1"},"south":{"uv":[8.0,8.0,8.75,8.5],"texture":"#1"},"west":{"uv":[5.75,8.0,6.0,8.5],"texture":"#1"},"east":{"uv":[10.0,8.0,10.25,8.5],"texture":"#1"}}},{"from":[7.5,-8.5,5.5],"to":[9.25,-8.0,5.75],"faces":{"up":{"texture":"#1"},"south":{"uv":[7.5,8.0,9.25,8.5],"texture":"#1"},"west":{"uv":[5.5,8.0,5.75,8.5],"texture":"#1"},"east":{"uv":[10.25,8.0,10.5,8.5],"texture":"#1"}}},{"from":[8.0,-8.0,5.5],"to":[8.75,-7.5,5.75],"faces":{"up":{"texture":"#1"},"south":{"uv":[8.0,7.5,8.75,8.0],"texture":"#1"},"west":{"uv":[5.5,7.5,5.75,8.0],"texture":"#1"},"east":{"uv":[10.25,7.5,10.5,8.0],"texture":"#1"}}},{"from":[7.5,-7.0,4.0],"to":[9.25,-5.5,4.25],"faces":{"down":{"texture":"#1"},"up":{"texture":"#1"},"north":{"uv":[6.75,5.5,8.5,7.0],"texture":"#1"},"west":{"uv":[4.0,5.5,4.25,7.0],"texture":"#1"},"east":{"uv":[11.75,5.5,12.0,7.0],"texture":"#1"}}},{"from":[8.0,-7.5,5.25],"to":[8.75,-6.75,5.5],"faces":{"up":{"texture":"#1"},"south":{"uv":[8.0,6.75,8.75,7.5],"texture":"#1"},"west":{"uv":[5.25,6.75,5.5,7.5],"texture":"#1"},"east":{"uv":[10.5,6.75,10.75,7.5],"texture":"#1"}}},{"from":[7.75,-9.0,4.75],"to":[9.0,-8.5,5.0],"faces":{"north":{"uv":[7.0,8.5,8.25,9.0],"texture":"#4"},"west":{"uv":[4.75,8.5,5.0,9.0],"texture":"#4"},"east":{"uv":[11.0,8.5,11.25,9.0],"texture":"#4"}}},{"from":[7.75,-8.5,4.5],"to":[9.0,-8.0,4.75],"faces":{"north":{"uv":[7.0,8.0,8.25,8.5],"texture":"#1"},"west":{"uv":[4.5,8.0,4.75,8.5],"texture":"#1"},"east":{"uv":[11.25,8.0,11.5,8.5],"texture":"#1"}}},{"from":[7.75,-8.0,4.25],"to":[9.0,-7.5,4.5],"faces":{"down":{"texture":"#1"},"north":{"uv":[7.0,7.5,8.25,8.0],"texture":"#1"},"west":{"uv":[4.25,7.5,4.5,8.0],"texture":"#1"},"east":{"uv":[11.5,7.5,11.75,8.0],"texture":"#1"}}},{"from":[7.75,-7.5,4.0],"to":[9.0,-7.0,4.25],"faces":{"down":{"texture":"#1"},"north":{"uv":[7.0,7.0,8.25,7.5],"texture":"#1"},"west":{"uv":[4.0,7.0,4.25,7.5],"texture":"#1"},"east":{"uv":[11.75,7.0,12.0,7.5],"texture":"#1"}}},{"from":[7.75,-7.0,3.75],"to":[9.0,-5.5,4.0],"faces":{"down":{"texture":"#1"},"up":{"texture":"#1"},"north":{"uv":[7.0,5.5,8.25,7.0],"texture":"#1"},"west":{"uv":[3.75,5.5,4.0,7.0],"texture":"#1"},"east":{"uv":[12.0,5.5,12.25,7.0],"texture":"#1"}}},{"from":[7.75,-4.75,5.25],"to":[9.0,-3.75,5.5],"faces":{"down":{"texture":"#1"},"south":{"uv":[7.75,3.75,9.0,4.75],"texture":"#1"},"west":{"uv":[5.25,3.75,5.5,4.75],"texture":"#1"},"east":{"uv":[10.5,3.75,10.75,4.75],"texture":"#1"}}},{"from":[8.25,16.75,4.75],"to":[8.5,17.25,5.0],"faces":{"up":{"texture":"#2"},"north":{"uv":[7.5,14.75,7.75,15.25],"texture":"#2"},"south":{"uv":[8.25,14.75,8.5,15.25],"texture":"#2"},"west":{"uv":[4.75,14.75,5.0,15.25],"texture":"#2"},"east":{"uv":[11.0,14.75,11.25,15.25],"texture":"#2"}}},{"from":[7.75,-4.5,4.25],"to":[9.0,-3.5,4.5],"faces":{"up":{"texture":"#1"},"north":{"uv":[7.0,3.5,8.25,4.5],"texture":"#1"},"west":{"uv":[4.25,3.5,4.5,4.5],"texture":"#1"},"east":{"uv":[11.5,3.5,11.75,4.5],"texture":"#1"}}},{"from":[7.5,-8.5,5.0],"to":[9.25,-6.75,5.25],"faces":{"up":{"texture":"#1"},"south":{"uv":[7.5,6.75,9.25,8.5],"texture":"#1"},"west":{"uv":[5.0,6.75,5.25,8.5],"texture":"#1"},"east":{"uv":[10.75,6.75,11.0,8.5],"texture":"#1"}}},{"from":[7.5,-1.0,6.25],"to":[9.25,-0.25,6.5],"faces":{"down":{"texture":"#1"},"south":{"uv":[7.5,0.25,9.25,1.0],"texture":"#1"},"west":{"uv":[6.25,0.25,6.5,1.0],"texture":"#1"},"east":{"uv":[9.5,0.25,9.75,1.0],"texture":"#1"}}},{"from":[7.5,-8.0,4.5],"to":[9.25,-3.5,4.75],"faces":{"down":{"texture":"#1"},"up":{"texture":"#1"},"north":{"uv":[6.75,3.5,8.5,8.0],"texture":"#1"},"west":{"uv":[4.5,3.5,4.75,8.0],"texture":"#1"},"east":{"uv":[11.25,3.5,11.5,8.0],"texture":"#1"}}},{"from":[7.5,-7.5,4.25],"to":[9.25,-4.5,4.5],"faces":{"down":{"texture":"#1"},"up":{"texture":"#1"},"north":{"uv":[6.75,4.5,8.5,7.5],"texture":"#1"},"west":{"uv":[4.25,4.5,4.5,7.5],"texture":"#1"},"east":{"uv":[11.5,4.5,11.75,7.5],"texture":"#1"}}},{"from":[7.5,-8.5,4.75],"to":[9.25,-2.25,5.0],"faces":{"up":{"texture":"#1"},"north":{"uv":[6.75,2.25,8.5,8.5],"texture":"#1"},"south":{"uv":[7.5,2.25,9.25,8.5],"texture":"#1"},"west":{"uv":[4.75,2.25,5.0,8.5],"texture":"#1"},"east":{"uv":[11.0,2.25,11.25,8.5],"texture":"#1"}}},{"from":[7.75,-3.5,4.5],"to":[9.0,-2.25,4.75],"faces":{"up":{"texture":"#1"},"north":{"uv":[7.0,2.25,8.25,3.5],"texture":"#1"},"west":{"uv":[4.5,2.25,4.75,3.5],"texture":"#1"},"east":{"uv":[11.25,2.25,11.5,3.5],"texture":"#1"}}},{"from":[7.75,-2.75,5.75],"to":[9.0,-2.0,6.0],"faces":{"down":{"texture":"#1"},"south":{"uv":[7.75,2.0,9.0,2.75],"texture":"#1"},"west":{"uv":[5.75,2.0,6.0,2.75],"texture":"#1"},"east":{"uv":[10.0,2.0,10.25,2.75],"texture":"#1"}}},{"from":[7.75,-2.0,6.0],"to":[9.0,-1.5,6.25],"faces":{"down":{"texture":"#1"},"south":{"uv":[7.75,1.5,9.0,2.0],"texture":"#1"},"west":{"uv":[6.0,1.5,6.25,2.0],"texture":"#1"},"east":{"uv":[9.75,1.5,10.0,2.0],"texture":"#1"}}},{"from":[7.75,-1.5,6.25],"to":[9.0,-1.0,6.5],"faces":{"down":{"texture":"#1"},"south":{"uv":[7.75,1.0,9.0,1.5],"texture":"#1"},"west":{"uv":[6.25,1.0,6.5,1.5],"texture":"#1"},"east":{"uv":[9.5,1.0,9.75,1.5],"texture":"#1"}}},{"from":[7.75,-2.25,4.75],"to":[9.0,-1.0,5.0],"faces":{"up":{"texture":"#1"},"north":{"uv":[7.0,1.0,8.25,2.25],"texture":"#1"},"west":{"uv":[4.75,1.0,5.0,2.25],"texture":"#1"},"east":{"uv":[11.0,1.0,11.25,2.25],"texture":"#1"}}},{"from":[7.75,-5.5,4.0],"to":[9.0,-4.5,4.25],"faces":{"up":{"texture":"#1"},"north":{"uv":[7.0,4.5,8.25,5.5],"texture":"#1"},"west":{"uv":[4.0,4.5,4.25,5.5],"texture":"#1"},"east":{"uv":[11.75,4.5,12.0,5.5],"texture":"#1"}}},{"from":[7.75,-0.25,4.75],"to":[9.0,0.0,7.0],"faces":{"down":{"texture":"#4"},"up":{"texture":"#4"},"north":{"uv":[7.0,0.0,8.25,0.25],"texture":"#4"},"south":{"uv":[7.75,0.0,9.0,0.25],"texture":"#4"},"west":{"uv":[4.75,0.0,7.0,0.25],"texture":"#4"},"east":{"uv":[9.0,0.0,11.25,0.25],"texture":"#4"}}},{"from":[7.5,-3.75,5.25],"to":[9.25,-0.25,5.5],"faces":{"down":{"texture":"#1"},"north":{"uv":[6.75,0.25,8.5,3.75],"texture":"#1"},"south":{"uv":[7.5,0.25,9.25,3.75],"texture":"#1"},"west":{"uv":[5.25,0.25,5.5,3.75],"texture":"#1"},"east":{"uv":[10.5,0.25,10.75,3.75],"texture":"#1"}}},{"from":[7.5,-2.75,5.5],"to":[9.25,-0.25,5.75],"faces":{"down":{"texture":"#1"},"south":{"uv":[7.5,0.25,9.25,2.75],"texture":"#1"},"west":{"uv":[5.5,0.25,5.75,2.75],"texture":"#1"},"east":{"uv":[10.25,0.25,10.5,2.75],"texture":"#1"}}},{"from":[7.5,-9.0,5.5],"to":[9.25,-8.5,5.75],"faces":{"west":{"uv":[5.5,8.5,5.75,9.0],"texture":"#4"},"east":{"uv":[10.25,8.5,10.5,9.0],"texture":"#4"}}},{"from":[7.5,-9.0,5.25],"to":[9.25,-8.5,5.5],"faces":{"west":{"uv":[5.25,8.5,5.5,9.0],"texture":"#4"},"east":{"uv":[10.5,8.5,10.75,9.0],"texture":"#4"}}},{"from":[7.5,-9.0,5.0],"to":[9.25,-8.5,5.25],"faces":{"north":{"uv":[6.75,8.5,8.5,9.0],"texture":"#4"},"west":{"uv":[5.0,8.5,5.25,9.0],"texture":"#4"},"east":{"uv":[10.75,8.5,11.0,9.0],"texture":"#4"}}},{"from":[7.75,-8.75,6.5],"to":[9.0,-8.5,6.75],"faces":{"down":{"texture":"#4"},"up":{"texture":"#4"},"south":{"uv":[7.75,8.5,9.0,8.75],"texture":"#4"},"west":{"uv":[6.5,8.5,6.75,8.75],"texture":"#4"},"east":{"uv":[9.25,8.5,9.5,8.75],"texture":"#4"}}},{"from":[7.25,-8.75,4.75],"to":[9.5,-8.5,6.25],"faces":{"down":{"texture":"#4"},"up":{"texture":"#4"},"north":{"uv":[6.5,8.5,8.75,8.75],"texture":"#4"},"south":{"uv":[7.25,8.5,9.5,8.75],"texture":"#4"},"west":{"uv":[4.75,8.5,6.25,8.75],"texture":"#4"},"east":{"uv":[9.75,8.5,11.25,8.75],"texture":"#4"}}},{"from":[7.5,-8.75,6.25],"to":[9.25,-8.5,6.5],"faces":{"down":{"texture":"#4"},"up":{"texture":"#4"},"south":{"uv":[7.5,8.5,9.25,8.75],"texture":"#4"},"west":{"uv":[6.25,8.5,6.5,8.75],"texture":"#4"},"east":{"uv":[9.5,8.5,9.75,8.75],"texture":"#4"}}},{"from":[7.75,-8.75,4.25],"to":[9.0,-8.5,4.5],"faces":{"down":{"texture":"#4"},"up":{"texture":"#4"},"north":{"uv":[7.0,8.5,8.25,8.75],"texture":"#4"},"west":{"uv":[4.25,8.5,4.5,8.75],"texture":"#4"},"east":{"uv":[11.5,8.5,11.75,8.75],"texture":"#4"}}},{"from":[7.5,-8.75,4.5],"to":[9.25,-8.5,4.75],"faces":{"down":{"texture":"#4"},"up":{"texture":"#4"},"north":{"uv":[6.75,8.5,8.5,8.75],"texture":"#4"},"west":{"uv":[4.5,8.5,4.75,8.75],"texture":"#4"},"east":{"uv":[11.25,8.5,11.5,8.75],"texture":"#4"}}},{"from":[7.75,0.5,5.0],"to":[9.0,0.75,5.5],"faces":{"west":{"texture":"#3"},"east":{"texture":"#3"}}},{"from":[7.75,-1.0,8.25],"to":[9.0,-0.5,8.5],"faces":{"down":{"texture":"#3"},"north":{"uv":[7.0,0.5,8.25,1.0],"texture":"#3"},"south":{"uv":[7.75,0.5,9.0,1.0],"texture":"#3"},"west":{"uv":[8.25,0.5,8.5,1.0],"texture":"#3"},"east":{"uv":[7.5,0.5,7.75,1.0],"texture":"#3"}}},{"from":[7.75,2.25,4.25],"to":[9.0,2.5,4.75],"faces":{"down":{"texture":"#3"},"up":{"texture":"#3"},"south":{"texture":"#3"},"west":{"texture":"#3"},"east":{"texture":"#3"}}},{"from":[7.75,0.25,4.25],"to":[9.0,0.5,5.5],"faces":{"down":{"texture":"#3"},"up":{"texture":"#3"},"north":{"texture":"#3"},"east":{"texture":"#3"}}},{"from":[7.75,0.75,5.0],"to":[9.0,1.0,6.75],"faces":{"down":{"texture":"#3"},"up":{"texture":"#3"},"north":{"texture":"#3"},"south":{"texture":"#3"},"west":{"texture":"#3"},"east":{"texture":"#3"}}},{"from":[7.75,0.0,7.0],"to":[9.0,0.25,8.25],"faces":{"down":{"texture":"#3"},"up":{"texture":"#3"},"north":{"texture":"#3"},"south":{"texture":"#3"},"west":{"texture":"#3"},"east":{"texture":"#3"}}},{"from":[7.75,-0.5,7.75],"to":[9.0,0.0,8.5],"faces":{"down":{"texture":"#3"},"up":{"texture":"#3"},"north":{"uv":[7.0,0.0,8.25,0.5],"texture":"#3"},"south":{"uv":[7.75,0.0,9.0,0.5],"texture":"#3"},"west":{"uv":[7.75,0.0,8.5,0.5],"texture":"#3"},"east":{"uv":[7.5,0.0,8.25,0.5],"texture":"#3"}}},{"from":[7.75,0.25,6.25],"to":[9.0,0.5,7.5],"faces":{"down":{"texture":"#3"},"up":{"texture":"#3"},"south":{"texture":"#3"},"west":{"texture":"#3"},"east":{"texture":"#3"}}},{"from":[7.75,0.5,6.25],"to":[9.0,0.75,7.0],"faces":{"up":{"texture":"#3"},"south":{"texture":"#3"},"west":{"texture":"#3"},"east":{"texture":"#3"}}},{"from":[7.75,-1.0,6.5],"to":[9.0,0.0,6.75],"faces":{"down":{"texture":"#1"},"north":{"uv":[7.0,0.0,8.25,1.0],"texture":"#1"},"south":{"uv":[7.75,0.0,9.0,1.0],"texture":"#1"},"west":{"uv":[6.5,0.0,6.75,1.0],"texture":"#1"},"east":{"uv":[9.25,0.0,9.5,1.0],"texture":"#1"}}},{"from":[8.0,-0.75,7.75],"to":[8.75,-0.5,8.75],"faces":{"down":{"texture":"#3"},"north":{"uv":[7.25,0.5,8.0,0.75],"texture":"#3"},"south":{"uv":[8.0,0.5,8.75,0.75],"texture":"#3"},"west":{"uv":[7.75,0.5,8.75,0.75],"texture":"#3"},"east":{"uv":[7.25,0.5,8.25,0.75],"texture":"#3"}}},{"from":[8.0,-1.25,8.25],"to":[8.75,-1.0,8.5],"faces":{"down":{"texture":"#3"},"north":{"uv":[7.25,1.0,8.0,1.25],"texture":"#3"},"south":{"uv":[8.0,1.0,8.75,1.25],"texture":"#3"},"west":{"uv":[8.25,1.0,8.5,1.25],"texture":"#3"},"east":{"uv":[7.5,1.0,7.75,1.25],"texture":"#3"}}},{"from":[8.0,-0.25,7.0],"to":[8.75,0.0,8.75],"faces":{"down":{"texture":"#3"},"up":{"texture":"#3"},"south":{"uv":[8.0,0.0,8.75,0.25],"texture":"#3"},"west":{"uv":[7.0,0.0,8.75,0.25],"texture":"#3"},"east":{"uv":[7.25,0.0,9.0,0.25],"texture":"#3"}}},{"from":[8.0,0.0,4.25],"to":[8.75,0.25,5.25],"faces":{"down":{"texture":"#3"},"north":{"texture":"#3"},"west":{"texture":"#3"},"east":{"texture":"#3"}}},{"from":[7.75,0.25,5.5],"to":[9.0,0.75,6.25],"faces":{"north":{"texture":"#3"},"south":{"texture":"#3"},"west":{"texture":"#3"},"east":{"texture":"#3"}}},{"from":[7.75,-1.0,5.0],"to":[9.0,-0.25,5.25],"faces":{"north":{"uv":[7.0,0.25,8.25,1.0],"texture":"#1"},"west":{"uv":[5.0,0.25,5.25,1.0],"texture":"#1"},"east":{"uv":[10.75,0.25,11.0,1.0],"texture":"#1"}}},{"from":[7.5,0.0,5.25],"to":[9.25,0.25,6.5],"faces":{"up":{"texture":"#3"},"north":{"texture":"#3"},"south":{"texture":"#3"},"west":{"texture":"#3"},"east":{"texture":"#3"}}},{"from":[7.5,-0.25,5.0],"to":[9.25,0.0,6.75],"faces":{"down":{"texture":"#4"},"up":{"texture":"#4"},"north":{"uv":[6.75,0.0,8.5,0.25],"texture":"#4"},"south":{"uv":[7.5,0.0,9.25,0.25],"texture":"#4"},"west":{"uv":[5.0,0.0,6.75,0.25],"texture":"#4"},"east":{"uv":[9.25,0.0,11.0,0.25],"texture":"#4"}}},{"from":[7.25,-0.25,5.25],"to":[9.5,0.0,6.5],"faces":{"down":{"texture":"#4"},"up":{"texture":"#4"},"north":{"uv":[6.5,0.0,8.75,0.25],"texture":"#4"},"south":{"uv":[7.25,0.0,9.5,0.25],"texture":"#4"},"west":{"uv":[5.25,0.0,6.5,0.25],"texture":"#4"},"east":{"uv":[9.5,0.0,10.75,0.25],"texture":"#4"}}},{"from":[7.75,0.5,3.75],"to":[9.0,0.75,5.0],"faces":{"down":{"texture":"#3"},"up":{"texture":"#3"},"north":{"texture":"#3"},"west":{"texture":"#3"},"east":{"texture":"#3"}}},{"from":[7.75,0.75,3.5],"to":[9.0,1.25,4.25],"faces":{"down":{"texture":"#3"},"up":{"texture":"#3"},"north":{"texture":"#3"},"south":{"texture":"#3"},"west":{"texture":"#3"},"east":{"texture":"#3"}}},{"from":[7.75,1.25,3.5],"to":[9.0,1.75,4.0],"faces":{"up":{"texture":"#3"},"north":{"texture":"#3"},"south":{"texture":"#3"},"west":{"texture":"#3"},"east":{"texture":"#3"}}},{"from":[7.75,1.75,3.75],"to":[9.0,2.25,4.25],"faces":{"down":{"texture":"#3"},"up":{"texture":"#3"},"north":{"texture":"#3"},"south":{"texture":"#3"},"west":{"texture":"#3"},"east":{"texture":"#3"}}},{"from":[7.75,2.25,4.0],"to":[9.0,2.5,4.25],"faces":{"up":{"texture":"#3"},"north":{"texture":"#3"},"west":{"texture":"#3"},"east":{"texture":"#3"}}},{"from":[8.0,0.0,6.5],"to":[8.75,0.25,8.5],"faces":{"down":{"texture":"#3"},"up":{"texture":"#3"},"south":{"texture":"#3"},"west":{"texture":"#3"},"east":{"texture":"#3"}}},{"from":[8.0,2.5,4.0],"to":[8.75,2.75,4.75],"faces":{"up":{"texture":"#3"},"north":{"texture":"#3"},"south":{"texture":"#3"},"west":{"texture":"#3"},"east":{"texture":"#3"}}},{"from":[8.0,0.25,3.75],"to":[8.75,0.5,4.25],"faces":{"down":{"texture":"#3"},"north":{"texture":"#3"},"west":{"texture":"#3"},"east":{"texture":"#3"}}},{"from":[8.0,0.5,3.5],"to":[8.75,0.75,3.75],"faces":{"down":{"texture":"#3"},"north":{"texture":"#3"},"west":{"texture":"#3"},"east":{"texture":"#3"}}},{"from":[8.0,0.75,3.25],"to":[8.75,1.0,5.0],"faces":{"down":{"texture":"#3"},"up":{"texture":"#3"},"north":{"texture":"#3"},"west":{"texture":"#3"},"east":{"texture":"#3"}}},{"from":[8.0,1.0,3.25],"to":[8.75,1.25,4.5],"faces":{"up":{"texture":"#3"},"north":{"texture":"#3"},"south":{"texture":"#3"},"west":{"texture":"#3"},"east":{"texture":"#3"}}},{"from":[8.0,1.25,3.25],"to":[8.75,1.75,4.25],"faces":{"up":{"texture":"#3"},"north":{"texture":"#3"},"south":{"texture":"#3"},"west":{"texture":"#3"},"east":{"texture":"#3"}}},{"from":[8.0,2.0,3.5],"to":[8.75,2.25,4.75],"faces":{"down":{"texture":"#3"},"up":{"texture":"#3"},"north":{"texture":"#3"},"south":{"texture":"#3"},"west":{"texture":"#3"},"east":{"texture":"#3"}}},{"from":[8.0,2.25,3.75],"to":[8.75,2.5,5.0],"faces":{"down":{"texture":"#3"},"up":{"texture":"#3"},"north":{"texture":"#3"},"south":{"texture":"#3"},"west":{"texture":"#3"},"east":{"texture":"#3"}}},{"from":[8.0,0.75,6.75],"to":[8.75,1.0,7.0],"faces":{"up":{"texture":"#3"},"south":{"texture":"#3"},"west":{"texture":"#3"},"east":{"texture":"#3"}}},{"from":[8.0,10.5,4.75],"to":[8.75,10.75,6.0],"faces":{"down":{"texture":"#2"},"up":{"texture":"#2"},"north":{"texture":"#2"},"south":{"texture":"#2"},"west":{"texture":"#2"},"east":{"texture":"#2"}}},{"from":[8.25,2.5,5.5],"to":[8.5,3.5,7.25],"faces":{"down":{"texture":"#2"},"up":{"texture":"#2"},"north":{"texture":"#2"},"south":{"texture":"#2"},"west":{"texture":"#2"},"east":{"texture":"#2"}}},{"from":[8.25,3.5,5.75],"to":[8.5,5.25,7.5],"faces":{"down":{"texture":"#2"},"up":{"texture":"#2"},"north":{"texture":"#2"},"south":{"texture":"#2"},"west":{"texture":"#2"},"east":{"texture":"#2"}}},{"from":[8.25,5.25,5.5],"to":[8.5,6.5,7.25],"faces":{"down":{"texture":"#2"},"up":{"texture":"#2"},"north":{"texture":"#2"},"south":{"texture":"#2"},"west":{"texture":"#2"},"east":{"texture":"#2"}}},{"from":[8.25,6.5,5.25],"to":[8.5,7.5,6.75],"faces":{"down":{"texture":"#2"},"up":{"texture":"#2"},"north":{"texture":"#2"},"south":{"texture":"#2"},"west":{"texture":"#2"},"east":{"texture":"#2"}}},{"from":[8.25,7.5,5.0],"to":[8.5,8.5,6.5],"faces":{"down":{"texture":"#2"},"up":{"texture":"#2"},"north":{"texture":"#2"},"south":{"texture":"#2"},"west":{"texture":"#2"},"east":{"texture":"#2"}}},{"from":[8.25,8.5,5.0],"to":[8.5,9.5,6.25],"faces":{"up":{"texture":"#2"},"north":{"texture":"#2"},"south":{"texture":"#2"},"west":{"texture":"#2"},"east":{"texture":"#2"}}},{"from":[8.25,9.5,4.5],"to":[8.5,11.0,6.0],"faces":{"down":{"texture":"#2"},"up":{"texture":"#2"},"north":{"texture":"#2"},"south":{"texture":"#2"},"west":{"texture":"#2"},"east":{"texture":"#2"}}},{"from":[8.25,11.0,4.75],"to":[8.5,12.0,6.25],"faces":{"down":{"texture":"#2"},"up":{"texture":"#2"},"north":{"texture":"#2"},"south":{"texture":"#2"},"west":{"texture":"#2"},"east":{"texture":"#2"}}},{"from":[8.25,12.0,5.25],"to":[8.5,13.0,6.5],"faces":{"down":{"texture":"#2"},"up":{"texture":"#2"},"north":{"texture":"#2"},"south":{"texture":"#2"},"west":{"texture":"#2"},"east":{"texture":"#2"}}},{"from":[8.25,13.0,5.25],"to":[8.5,14.0,6.25],"faces":{"up":{"texture":"#2"},"north":{"texture":"#2"},"south":{"texture":"#2"},"west":{"texture":"#2"},"east":{"texture":"#2"}}},{"from":[8.25,14.0,5.0],"to":[8.5,14.75,6.0],"faces":{"down":{"texture":"#2"},"up":{"texture":"#2"},"north":{"texture":"#2"},"south":{"texture":"#2"},"west":{"texture":"#2"},"east":{"texture":"#2"}}},{"from":[8.25,14.75,5.0],"to":[8.5,15.75,5.75],"faces":{"up":{"texture":"#2"},"north":{"texture":"#2"},"south":{"texture":"#2"},"west":{"texture":"#2"},"east":{"texture":"#2"}}},{"from":[8.25,16.25,4.75],"to":[8.5,16.75,5.25],"faces":{"up":{"texture":"#2"},"south":{"uv":[8.25,15.25,8.5,15.75],"texture":"#2"},"west":{"uv":[4.75,15.25,5.25,15.75],"texture":"#2"},"east":{"uv":[10.75,15.25,11.25,15.75],"texture":"#2"}}},{"from":[8.25,1.5,5.25],"to":[8.5,2.5,7.0],"faces":{"down":{"texture":"#2"},"up":{"texture":"#2"},"north":{"texture":"#2"},"south":{"texture":"#2"},"west":{"texture":"#2"},"east":{"texture":"#2"}}},{"from":[8.25,1.5,5.0],"to":[8.5,2.0,5.25],"faces":{"up":{"texture":"#2"},"north":{"texture":"#2"},"west":{"texture":"#2"},"east":{"texture":"#2"}}},{"from":[8.25,2.0,7.0],"to":[8.5,2.5,7.25],"faces":{"down":{"texture":"#2"},"south":{"texture":"#2"},"west":{"texture":"#2"},"east":{"texture":"#2"}}},{"from":[8.25,3.0,7.25],"to":[8.5,3.5,7.5],"faces":{"down":{"texture":"#2"},"south":{"texture":"#2"},"west":{"texture":"#2"},"east":{"texture":"#2"}}},{"from":[8.25,5.25,7.25],"to":[8.5,5.75,7.5],"faces":{"up":{"texture":"#2"},"south":{"texture":"#2"},"west":{"texture":"#2"},"east":{"texture":"#2"}}},{"from":[8.25,13.5,5.0],"to":[8.5,14.0,5.25],"faces":{"down":{"texture":"#2"},"north":{"texture":"#2"},"west":{"texture":"#2"},"east":{"texture":"#2"}}},{"from":[8.25,6.5,6.75],"to":[8.5,7.0,7.0],"faces":{"up":{"texture":"#2"},"south":{"texture":"#2"},"west":{"texture":"#2"},"east":{"texture":"#2"}}},{"from":[8.25,8.75,4.75],"to":[8.5,9.5,5.0],"faces":{"down":{"texture":"#2"},"north":{"texture":"#2"},"west":{"texture":"#2"},"east":{"texture":"#2"}}},{"from":[8.25,10.25,6.0],"to":[8.5,11.0,6.25],"faces":{"down":{"texture":"#2"},"south":{"texture":"#2"},"west":{"texture":"#2"},"east":{"texture":"#2"}}},{"from":[8.25,11.25,6.25],"to":[8.5,12.0,6.5],"faces":{"down":{"texture":"#2"},"south":{"texture":"#2"},"west":{"texture":"#2"},"east":{"texture":"#2"}}},{"from":[8.25,15.75,4.5],"to":[8.5,16.75,4.75],"faces":{"down":{"texture":"#2"},"up":{"texture":"#2"},"north":{"uv":[7.5,0.0,7.75,0.25],"texture":"#2"},"south":{"uv":[8.25,0.0,8.5,0.25],"texture":"#2"},"west":{"uv":[4.5,0.0,4.75,0.25],"texture":"#2"},"east":{"uv":[11.25,0.0,11.5,0.25],"texture":"#2"}}},{"from":[8.25,12.0,5.0],"to":[8.5,12.5,5.25],"faces":{"up":{"texture":"#2"},"north":{"texture":"#2"},"west":{"texture":"#2"},"east":{"texture":"#2"}}},{"from":[8.25,15.75,4.75],"to":[8.5,16.25,5.5],"faces":{"down":{"texture":"#2"},"up":{"texture":"#2"},"south":{"uv":[8.25,0.0,8.5,0.25],"texture":"#2"},"west":{"uv":[4.75,0.0,5.5,0.25],"texture":"#2"},"east":{"uv":[10.5,0.0,11.25,0.25],"texture":"#2"}}},{"from":[8.25,15.0,4.75],"to":[8.5,15.75,5.0],"faces":{"down":{"texture":"#2"},"north":{"texture":"#2"},"west":{"texture":"#2"},"east":{"texture":"#2"}}},{"from":[8.25,1.0,5.0],"to":[8.5,1.5,6.75],"faces":{"up":{"texture":"#2"},"north":{"texture":"#2"},"south":{"texture":"#2"},"west":{"texture":"#2"},"east":{"texture":"#2"}}},{"from":[8.0,1.0,5.25],"to":[8.75,1.75,6.5],"faces":{"up":{"texture":"#2"},"north":{"texture":"#2"},"south":{"texture":"#2"},"west":{"texture":"#2"},"east":{"texture":"#2"}}},{"from":[8.0,1.75,5.5],"to":[8.75,2.25,6.75],"faces":{"down":{"texture":"#2"},"up":{"texture":"#2"},"north":{"texture":"#2"},"south":{"texture":"#2"},"west":{"texture":"#2"},"east":{"texture":"#2"}}},{"from":[8.0,2.25,5.75],"to":[8.75,3.25,7.0],"faces":{"down":{"texture":"#2"},"up":{"texture":"#2"},"north":{"texture":"#2"},"south":{"texture":"#2"},"west":{"texture":"#2"},"east":{"texture":"#2"}}},{"from":[8.0,3.25,6.0],"to":[8.75,5.5,7.25],"faces":{"down":{"texture":"#2"},"up":{"texture":"#2"},"north":{"texture":"#2"},"south":{"texture":"#2"},"west":{"texture":"#2"},"east":{"texture":"#2"}}},{"from":[8.0,5.5,5.75],"to":[8.75,6.25,7.0],"faces":{"down":{"texture":"#2"},"up":{"texture":"#2"},"north":{"texture":"#2"},"south":{"texture":"#2"},"west":{"texture":"#2"},"east":{"texture":"#2"}}},{"from":[8.0,6.25,5.75],"to":[8.75,6.75,6.75],"faces":{"up":{"texture":"#2"},"north":{"texture":"#2"},"south":{"texture":"#2"},"west":{"texture":"#2"},"east":{"texture":"#2"}}},{"from":[8.0,6.75,5.5],"to":[8.75,7.25,6.5],"faces":{"down":{"texture":"#2"},"up":{"texture":"#2"},"north":{"texture":"#2"},"south":{"texture":"#2"},"west":{"texture":"#2"},"east":{"texture":"#2"}}},{"from":[8.0,7.25,5.5],"to":[8.75,7.75,6.25],"faces":{"north":{"texture":"#2"},"south":{"texture":"#2"},"west":{"texture":"#2"},"east":{"texture":"#2"}}},{"from":[8.0,8.25,5.25],"to":[8.75,9.0,6.0],"faces":{"north":{"texture":"#2"},"south":{"texture":"#2"},"west":{"texture":"#2"},"east":{"texture":"#2"}}},{"from":[8.0,9.0,5.0],"to":[8.75,9.25,6.0],"faces":{"down":{"texture":"#2"},"up":{"texture":"#2"},"north":{"texture":"#2"},"south":{"texture":"#2"},"west":{"texture":"#2"},"east":{"texture":"#2"}}},{"from":[8.0,9.25,5.0],"to":[8.75,9.75,5.75],"faces":{"north":{"texture":"#2"},"south":{"texture":"#2"},"west":{"texture":"#2"},"east":{"texture":"#2"}}},{"from":[8.0,9.75,4.75],"to":[8.75,10.5,5.75],"faces":{"down":{"texture":"#2"},"north":{"texture":"#2"},"south":{"texture":"#2"},"west":{"texture":"#2"},"east":{"texture":"#2"}}},{"from":[8.0,16.0,4.75],"to":[8.75,16.5,5.0],"faces":{"down":{"texture":"#2"},"up":{"texture":"#2"},"north":{"uv":[7.25,15.5,8.0,16.0],"texture":"#2"},"south":{"uv":[8.0,15.5,8.75,16.0],"texture":"#2"},"west":{"uv":[4.75,15.5,5.0,16.0],"texture":"#2"},"east":{"uv":[11.0,15.5,11.25,16.0],"texture":"#2"}}},{"from":[8.0,10.75,5.0],"to":[8.75,11.5,6.0],"faces":{"north":{"texture":"#2"},"south":{"texture":"#2"},"west":{"texture":"#2"},"east":{"texture":"#2"}}},{"from":[8.0,11.5,5.0],"to":[8.75,11.75,6.25],"faces":{"down":{"texture":"#2"},"up":{"texture":"#2"},"north":{"texture":"#2"},"south":{"texture":"#2"},"west":{"texture":"#2"},"east":{"texture":"#2"}}},{"from":[8.0,11.75,5.25],"to":[8.75,12.25,6.25],"faces":{"up":{"texture":"#2"},"north":{"texture":"#2"},"south":{"texture":"#2"},"west":{"texture":"#2"},"east":{"texture":"#2"}}},{"from":[8.0,12.25,5.5],"to":[8.75,12.75,6.25],"faces":{"up":{"texture":"#2"},"north":{"texture":"#2"},"south":{"texture":"#2"},"west":{"texture":"#2"},"east":{"texture":"#2"}}},{"from":[8.0,12.75,5.5],"to":[8.75,13.75,6.0],"faces":{"up":{"texture":"#2"},"north":{"texture":"#2"},"south":{"texture":"#2"},"west":{"texture":"#2"},"east":{"texture":"#2"}}},{"from":[8.0,13.75,5.25],"to":[8.75,14.5,5.75],"faces":{"down":{"texture":"#2"},"up":{"texture":"#2"},"north":{"texture":"#2"},"south":{"texture":"#2"},"west":{"texture":"#2"},"east":{"texture":"#2"}}},{"from":[8.0,15.25,5.0],"to":[8.75,16.0,5.25],"faces":{"down":{"texture":"#2"},"up":{"texture":"#2"},"north":{"texture":"#2"},"south":{"texture":"#2"},"west":{"texture":"#2"},"east":{"texture":"#2"}}}],"textures":{"1":"0b8fca19-62cb-4714-a184-4e3f41bdd8d9","2":"85ef0738-d15f-4f0c-bbd4-4a1f99f93621","3":"5c1cd09d-3a2b-4e7a-93ff-cc5c67437019","4":"ce30baa3-795e-44a2-aafa-41f3b56955bf"}}