{"display":{"thirdperson_righthand":{"translation":[0.0,1.3913,-0.694],"scale":[0.7912,1.0,1.0]},"thirdperson_lefthand":{"translation":[0.0,1.3913,-0.694],"scale":[0.7912,1.0,1.0]},"firstperson_righthand":{"translation":[1.3913,5.5652,0.0],"scale":[0.5129,0.6521,0.6521]},"firstperson_lefthand":{"translation":[1.3913,5.5652,0.0],"scale":[0.5129,0.6521,0.6521]},"gui":{"rotation":[10.0,-118.0,0.0],"translation":[0.0,-2.782,0.0],"scale":[0.4162,0.5206,0.5206]},"ground":{"translation":[0.0,5.5652,0.0],"scale":[0.5477,0.6521,0.6521]},"fixed":{"rotation":[0.0,90.0,0.0],"translation":[0.0,-2.782,0.0],"scale":[0.6521,0.6521,0.6521]}},"elements":[{"from":[7.0,10.0,6.5],"to":[7.5,10.5,7.0],"faces":{"down":{"uv":[6.48,0.4799995,7.52,1.52],"texture":"#0"},"north":{"uv":[6.48,0.4799995,7.52,1.52],"texture":"#0"},"west":{"uv":[6.48,0.4799995,7.52,1.52],"texture":"#0"}}},{"from":[7.0,10.0,7.0],"to":[7.5,10.5,7.5],"faces":{"down":{"uv":[12.48,0.4799995,13.52,1.52],"texture":"#0"},"south":{"uv":[12.48,0.4799995,13.52,1.52],"texture":"#0"},"west":{"uv":[12.48,0.4799995,13.52,1.52],"texture":"#0"}}},{"from":[7.0,10.5,6.5],"to":[7.5,11.0,7.0],"faces":{"up":{"uv":[2.48,0.4799995,3.52,1.52],"texture":"#0"},"north":{"uv":[2.48,0.4799995,3.52,1.52],"texture":"#0"},"west":{"uv":[2.48,0.4799995,3.52,1.52],"texture":"#0"}}},{"from":[7.0,10.5,7.0],"to":[9.5,11.0,7.5],"faces":{"down":{"uv":[10.48,0.4799995,11.52,1.52],"texture":"#0"},"up":{"uv":[10.48,0.4799995,11.52,1.52],"texture":"#0"},"north":{"uv":[10.48,0.4799995,11.52,1.52],"texture":"#0"},"south":{"uv":[10.48,0.4799995,11.52,1.52],"texture":"#0"},"west":{"uv":[10.48,0.4799995,11.52,1.52],"texture":"#0"},"east":{"uv":[10.48,0.4799995,11.52,1.52],"texture":"#0"}}},{"from":[7.0,10.5,7.5],"to":[7.5,11.0,8.0],"faces":{"down":{"uv":[4.48,0.4799995,5.52,1.52],"texture":"#0"},"west":{"uv":[4.48,0.4799995,5.52,1.52],"texture":"#0"}}},{"from":[7.0,10.5,8.0],"to":[9.5,11.5,8.5],"faces":{"down":{"uv":[12.48,0.4799995,13.52,1.52],"texture":"#0"},"up":{"uv":[12.48,0.4799995,13.52,1.52],"texture":"#0"},"north":{"uv":[12.48,0.4799995,13.52,1.52],"texture":"#0"},"south":{"uv":[12.48,0.4799995,13.52,1.52],"texture":"#0"},"west":{"uv":[12.48,0.4799995,13.52,1.52],"texture":"#0"},"east":{"uv":[12.48,0.4799995,13.52,1.52],"texture":"#0"}}},{"from":[7.0,10.5,8.5],"to":[7.5,11.0,9.0],"faces":{"down":{"uv":[8.48,0.4799995,9.52,1.52],"texture":"#0"},"south":{"uv":[8.48,0.4799995,9.52,1.52],"texture":"#0"},"west":{"uv":[8.48,0.4799995,9.52,1.52],"texture":"#0"}}},{"from":[7.0,11.0,7.5],"to":[7.5,11.5,8.0],"faces":{"up":{"uv":[6.48,0.4799995,7.52,1.52],"texture":"#0"},"north":{"uv":[6.48,0.4799995,7.52,1.52],"texture":"#0"},"west":{"uv":[6.48,0.4799995,7.52,1.52],"texture":"#0"}}},{"from":[7.0,11.0,8.5],"to":[8.0,11.5,9.0],"faces":{"down":{"uv":[4.48,0.4799995,5.52,1.52],"texture":"#0"},"up":{"uv":[4.48,0.4799995,5.52,1.52],"texture":"#0"},"south":{"uv":[4.48,0.4799995,5.52,1.52],"texture":"#0"},"west":{"uv":[4.48,0.4799995,5.52,1.52],"texture":"#0"}}},{"from":[7.5,0.0,9.5],"to":[8.0,0.5,10.0],"faces":{"down":{"uv":[4.48,0.4799995,5.52,1.52],"texture":"#0"},"north":{"uv":[4.48,0.4799995,5.52,1.52],"texture":"#0"},"west":{"uv":[4.48,0.4799995,5.52,1.52],"texture":"#0"}}},{"from":[7.5,0.0,10.0],"to":[8.0,1.0,10.5],"faces":{"down":{"uv":[6.48,0.4799995,7.52,1.52],"texture":"#0"},"up":{"uv":[6.48,0.4799995,7.52,1.52],"texture":"#0"},"north":{"uv":[6.48,0.4799995,7.52,1.52],"texture":"#0"},"south":{"uv":[6.48,0.4799995,7.52,1.52],"texture":"#0"},"west":{"uv":[6.48,0.4799995,7.52,1.52],"texture":"#0"}}},{"from":[7.5,0.5,8.0],"to":[9.0,1.0,8.5],"faces":{"down":{"uv":[4.48,0.4799995,5.52,1.52],"texture":"#0"},"up":{"uv":[4.48,0.4799995,5.52,1.52],"texture":"#0"},"north":{"uv":[4.48,0.4799995,5.52,1.52],"texture":"#0"},"south":{"uv":[4.48,0.4799995,5.52,1.52],"texture":"#0"},"west":{"uv":[4.48,0.4799995,5.52,1.52],"texture":"#0"},"east":{"uv":[4.48,0.4799995,5.52,1.52],"texture":"#0"}}},{"from":[7.5,0.5,8.5],"to":[8.0,1.0,9.0],"faces":{"down":{"uv":[8.48,0.4799995,9.52,1.52],"texture":"#0"},"west":{"uv":[8.48,0.4799995,9.52,1.52],"texture":"#0"}}},{"from":[7.5,0.5,9.0],"to":[9.0,1.0,10.0],"faces":{"down":{"uv":[10.48,0.4799995,11.52,1.52],"texture":"#0"},"up":{"uv":[10.48,0.4799995,11.52,1.52],"texture":"#0"},"north":{"uv":[10.48,0.4799995,11.52,1.52],"texture":"#0"},"south":{"uv":[10.48,0.4799995,11.52,1.52],"texture":"#0"},"west":{"uv":[10.48,0.4799995,11.52,1.52],"texture":"#0"},"east":{"uv":[10.48,0.4799995,11.52,1.52],"texture":"#0"}}},{"from":[7.5,0.5,10.5],"to":[8.0,1.0,11.0],"faces":{"down":{"uv":[4.48,0.4799995,5.52,1.52],"texture":"#0"},"up":{"uv":[4.48,0.4799995,5.52,1.52],"texture":"#0"},"south":{"uv":[4.48,0.4799995,5.52,1.52],"texture":"#0"},"west":{"uv":[4.48,0.4799995,5.52,1.52],"texture":"#0"}}},{"from":[7.5,1.0,7.0],"to":[9.0,1.5,7.5],"faces":{"down":{"uv":[2.48,0.4799995,3.52,1.52],"texture":"#0"},"up":{"uv":[2.48,0.4799995,3.52,1.52],"texture":"#0"},"north":{"uv":[2.48,0.4799995,3.52,1.52],"texture":"#0"},"south":{"uv":[2.48,0.4799995,3.52,1.52],"texture":"#0"},"west":{"uv":[2.48,0.4799995,3.52,1.52],"texture":"#0"},"east":{"uv":[2.48,0.4799995,3.52,1.52],"texture":"#0"}}},{"from":[7.5,1.0,7.5],"to":[8.0,1.5,8.0],"faces":{"down":{"uv":[2.48,0.4799995,3.52,1.52],"texture":"#0"},"up":{"uv":[2.48,0.4799995,3.52,1.52],"texture":"#0"},"west":{"uv":[2.48,0.4799995,3.52,1.52],"texture":"#0"}}},{"from":[7.5,1.0,8.0],"to":[8.0,1.5,8.5],"faces":{"up":{"uv":[6.48,0.4799995,7.52,1.52],"texture":"#0"},"west":{"uv":[6.48,0.4799995,7.52,1.52],"texture":"#0"}}},{"from":[7.5,1.0,8.5],"to":[9.0,1.5,9.0],"faces":{"down":{"uv":[12.48,0.4799995,13.52,1.52],"texture":"#0"},"up":{"uv":[12.48,0.4799995,13.52,1.52],"texture":"#0"},"north":{"uv":[12.48,0.4799995,13.52,1.52],"texture":"#0"},"south":{"uv":[12.48,0.4799995,13.52,1.52],"texture":"#0"},"west":{"uv":[12.48,0.4799995,13.52,1.52],"texture":"#0"},"east":{"uv":[12.48,0.4799995,13.52,1.52],"texture":"#0"}}},{"from":[7.5,1.0,9.0],"to":[8.0,1.5,9.5],"faces":{"west":{"uv":[12.48,0.4799995,13.52,1.52],"texture":"#0"}}},{"from":[7.5,1.0,9.5],"to":[8.0,1.5,10.0],"faces":{"up":{"uv":[2.48,0.4799995,3.52,1.52],"texture":"#0"},"south":{"uv":[2.48,0.4799995,3.52,1.52],"texture":"#0"},"west":{"uv":[2.48,0.4799995,3.52,1.52],"texture":"#0"}}},{"from":[7.5,1.5,8.5],"to":[8.0,2.5,9.5],"faces":{"down":{"uv":[14.48,0.4799995,15.52,1.52],"texture":"#0"},"north":{"uv":[14.48,0.4799995,15.52,1.52],"texture":"#0"},"south":{"uv":[14.48,0.4799995,15.52,1.52],"texture":"#0"},"west":{"uv":[14.48,0.4799995,15.52,1.52],"texture":"#0"},"east":{"uv":[14.48,0.4799995,15.52,1.52],"texture":"#0"}}},{"from":[7.5,2.5,8.5],"to":[8.0,3.0,9.5],"faces":{"up":{"uv":[0.48,2.48,1.52,3.52],"texture":"#0"},"north":{"uv":[0.48,2.48,1.52,3.52],"texture":"#0"},"west":{"uv":[0.48,2.48,1.52,3.52],"texture":"#0"},"east":{"uv":[0.48,2.48,1.52,3.52],"texture":"#0"}}},{"from":[7.5,2.5,9.5],"to":[9.0,3.0,10.0],"faces":{"down":{"uv":[14.48,0.4799995,15.52,1.52],"texture":"#0"},"up":{"uv":[14.48,0.4799995,15.52,1.52],"texture":"#0"},"north":{"uv":[14.48,0.4799995,15.52,1.52],"texture":"#0"},"south":{"uv":[14.48,0.4799995,15.52,1.52],"texture":"#0"},"west":{"uv":[14.48,0.4799995,15.52,1.52],"texture":"#0"},"east":{"uv":[14.48,0.4799995,15.52,1.52],"texture":"#0"}}},{"from":[7.5,3.0,9.0],"to":[9.0,3.5,9.5],"faces":{"down":{"uv":[0.48,2.48,1.52,3.52],"texture":"#0"},"north":{"uv":[0.48,2.48,1.52,3.52],"texture":"#0"},"south":{"uv":[0.48,2.48,1.52,3.52],"texture":"#0"},"west":{"uv":[0.48,2.48,1.52,3.52],"texture":"#0"},"east":{"uv":[0.48,2.48,1.52,3.52],"texture":"#0"}}},{"from":[7.5,3.0,9.5],"to":[8.0,3.5,10.0],"faces":{"south":{"uv":[0.48,2.48,1.52,3.52],"texture":"#0"},"west":{"uv":[0.48,2.48,1.52,3.52],"texture":"#0"}}},{"from":[7.5,3.5,9.0],"to":[9.0,4.0,10.0],"faces":{"down":{"uv":[14.48,0.4799995,15.52,1.52],"texture":"#0"},"up":{"uv":[14.48,0.4799995,15.52,1.52],"texture":"#0"},"north":{"uv":[14.48,0.4799995,15.52,1.52],"texture":"#0"},"south":{"uv":[14.48,0.4799995,15.52,1.52],"texture":"#0"},"west":{"uv":[14.48,0.4799995,15.52,1.52],"texture":"#0"},"east":{"uv":[14.48,0.4799995,15.52,1.52],"texture":"#0"}}},{"from":[7.5,4.0,9.5],"to":[9.0,6.0,10.0],"faces":{"up":{"uv":[14.48,0.4799995,15.52,1.52],"texture":"#0"},"north":{"uv":[14.48,0.4799995,15.52,1.52],"texture":"#0"},"south":{"uv":[14.48,0.4799995,15.52,1.52],"texture":"#0"},"west":{"uv":[14.48,0.4799995,15.52,1.52],"texture":"#0"},"east":{"uv":[14.48,0.4799995,15.52,1.52],"texture":"#0"}}},{"from":[7.5,5.5,9.0],"to":[8.0,6.5,9.5],"faces":{"down":{"uv":[0.48,2.48,1.52,3.52],"texture":"#0"},"north":{"uv":[0.48,2.48,1.52,3.52],"texture":"#0"},"south":{"uv":[0.48,2.48,1.52,3.52],"texture":"#0"},"west":{"uv":[0.48,2.48,1.52,3.52],"texture":"#0"}}},{"from":[7.5,6.0,9.5],"to":[8.0,6.5,10.0],"faces":{"south":{"uv":[0.48,2.48,1.52,3.52],"texture":"#0"},"west":{"uv":[0.48,2.48,1.52,3.52],"texture":"#0"}}},{"from":[7.5,6.5,9.0],"to":[9.0,8.5,9.5],"faces":{"down":{"uv":[14.48,0.4799995,15.52,1.52],"texture":"#0"},"up":{"uv":[14.48,0.4799995,15.52,1.52],"texture":"#0"},"north":{"uv":[14.48,0.4799995,15.52,1.52],"texture":"#0"},"south":{"uv":[14.48,0.4799995,15.52,1.52],"texture":"#0"},"west":{"uv":[14.48,0.4799995,15.52,1.52],"texture":"#0"},"east":{"uv":[14.48,0.4799995,15.52,1.52],"texture":"#0"}}},{"from":[7.5,6.5,9.5],"to":[9.0,8.0,10.0],"faces":{"down":{"uv":[14.48,0.4799995,15.52,1.52],"texture":"#0"},"up":{"uv":[14.48,0.4799995,15.52,1.52],"texture":"#0"},"south":{"uv":[14.48,0.4799995,15.52,1.52],"texture":"#0"},"west":{"uv":[14.48,0.4799995,15.52,1.52],"texture":"#0"},"east":{"uv":[14.48,0.4799995,15.52,1.52],"texture":"#0"}}},{"from":[7.5,7.5,8.5],"to":[9.0,8.0,9.0],"faces":{"down":{"uv":[14.48,0.4799995,15.52,1.52],"texture":"#0"},"up":{"uv":[14.48,0.4799995,15.52,1.52],"texture":"#0"},"north":{"uv":[14.48,0.4799995,15.52,1.52],"texture":"#0"},"west":{"uv":[14.48,0.4799995,15.52,1.52],"texture":"#0"},"east":{"uv":[14.48,0.4799995,15.52,1.52],"texture":"#0"}}},{"from":[7.5,8.0,8.5],"to":[8.0,8.5,9.0],"faces":{"north":{"uv":[0.48,2.48,1.52,3.52],"texture":"#0"},"west":{"uv":[0.48,2.48,1.52,3.52],"texture":"#0"}}},{"from":[7.5,8.5,8.0],"to":[9.0,10.0,9.0],"faces":{"down":{"uv":[14.48,0.4799995,15.52,1.52],"texture":"#0"},"up":{"uv":[14.48,0.4799995,15.52,1.52],"texture":"#0"},"north":{"uv":[14.48,0.4799995,15.52,1.52],"texture":"#0"},"south":{"uv":[14.48,0.4799995,15.52,1.52],"texture":"#0"},"west":{"uv":[14.48,0.4799995,15.52,1.52],"texture":"#0"},"east":{"uv":[14.48,0.4799995,15.52,1.52],"texture":"#0"}}},{"from":[7.5,8.5,9.0],"to":[8.0,9.0,9.5],"faces":{"south":{"uv":[0.48,2.48,1.52,3.52],"texture":"#0"},"west":{"uv":[0.48,2.48,1.52,3.52],"texture":"#0"}}},{"from":[7.5,9.0,9.0],"to":[9.0,9.5,9.5],"faces":{"down":{"uv":[14.48,0.4799995,15.52,1.52],"texture":"#0"},"up":{"uv":[14.48,0.4799995,15.52,1.52],"texture":"#0"},"south":{"uv":[14.48,0.4799995,15.52,1.52],"texture":"#0"},"west":{"uv":[14.48,0.4799995,15.52,1.52],"texture":"#0"},"east":{"uv":[14.48,0.4799995,15.52,1.52],"texture":"#0"}}},{"from":[7.5,9.5,6.0],"to":[9.0,10.0,6.5],"faces":{"down":{"uv":[12.48,0.4799995,13.52,1.52],"texture":"#0"},"up":{"uv":[12.48,0.4799995,13.52,1.52],"texture":"#0"},"north":{"uv":[12.48,0.4799995,13.52,1.52],"texture":"#0"},"south":{"uv":[12.48,0.4799995,13.52,1.52],"texture":"#0"},"west":{"uv":[12.48,0.4799995,13.52,1.52],"texture":"#0"},"east":{"uv":[12.48,0.4799995,13.52,1.52],"texture":"#0"}}},{"from":[7.5,9.5,7.5],"to":[9.0,10.5,8.0],"faces":{"down":{"uv":[14.48,0.4799995,15.52,1.52],"texture":"#0"},"up":{"uv":[14.48,0.4799995,15.52,1.52],"texture":"#0"},"north":{"uv":[14.48,0.4799995,15.52,1.52],"texture":"#0"},"south":{"uv":[14.48,0.4799995,15.52,1.52],"texture":"#0"},"west":{"uv":[14.48,0.4799995,15.52,1.52],"texture":"#0"},"east":{"uv":[14.48,0.4799995,15.52,1.52],"texture":"#0"}}},{"from":[7.5,9.5,9.0],"to":[8.0,10.0,9.5],"faces":{"up":{"uv":[14.48,0.4799995,15.52,1.52],"texture":"#0"},"south":{"uv":[14.48,0.4799995,15.52,1.52],"texture":"#0"},"west":{"uv":[14.48,0.4799995,15.52,1.52],"texture":"#0"}}},{"from":[7.5,10.0,6.0],"to":[8.0,10.5,6.5],"faces":{"up":{"uv":[6.48,0.4799995,7.52,1.52],"texture":"#0"},"north":{"uv":[6.48,0.4799995,7.52,1.52],"texture":"#0"},"west":{"uv":[6.48,0.4799995,7.52,1.52],"texture":"#0"}}},{"from":[7.5,10.0,6.5],"to":[9.0,10.5,7.0],"faces":{"down":{"uv":[8.48,0.4799995,9.52,1.52],"texture":"#0"},"up":{"uv":[8.48,0.4799995,9.52,1.52],"texture":"#0"},"north":{"uv":[8.48,0.4799995,9.52,1.52],"texture":"#0"}}},{"from":[7.5,10.0,7.0],"to":[9.0,10.5,7.5],"faces":{"down":{"uv":[10.48,0.4799995,11.52,1.52],"texture":"#0"}}},{"from":[7.5,10.0,8.0],"to":[8.0,10.5,9.0],"faces":{"up":{"uv":[14.48,0.4799995,15.52,1.52],"texture":"#0"},"south":{"uv":[14.48,0.4799995,15.52,1.52],"texture":"#0"},"west":{"uv":[14.48,0.4799995,15.52,1.52],"texture":"#0"},"east":{"uv":[14.48,0.4799995,15.52,1.52],"texture":"#0"}}},{"from":[7.5,10.5,6.5],"to":[8.0,11.0,7.0],"faces":{"north":{"uv":[12.48,0.4799995,13.52,1.52],"texture":"#0"}}},{"from":[7.5,10.5,9.0],"to":[9.0,11.5,9.5],"faces":{"down":{"uv":[12.48,0.4799995,13.52,1.52],"texture":"#0"},"up":{"uv":[12.48,0.4799995,13.52,1.52],"texture":"#0"},"north":{"uv":[12.48,0.4799995,13.52,1.52],"texture":"#0"},"south":{"uv":[12.48,0.4799995,13.52,1.52],"texture":"#0"},"west":{"uv":[12.48,0.4799995,13.52,1.52],"texture":"#0"},"east":{"uv":[12.48,0.4799995,13.52,1.52],"texture":"#0"}}},{"from":[7.5,11.0,6.0],"to":[8.0,11.5,6.5],"faces":{"down":{"uv":[6.48,0.4799995,7.52,1.52],"texture":"#0"},"north":{"uv":[6.48,0.4799995,7.52,1.52],"texture":"#0"},"west":{"uv":[6.48,0.4799995,7.52,1.52],"texture":"#0"}}},{"from":[7.5,11.0,6.5],"to":[9.0,11.5,7.0],"faces":{"down":{"uv":[4.48,0.4799995,5.52,1.52],"texture":"#0"},"up":{"uv":[4.48,0.4799995,5.52,1.52],"texture":"#0"},"north":{"uv":[4.48,0.4799995,5.52,1.52],"texture":"#0"},"south":{"uv":[4.48,0.4799995,5.52,1.52],"texture":"#0"},"west":{"uv":[4.48,0.4799995,5.52,1.52],"texture":"#0"},"east":{"uv":[4.48,0.4799995,5.52,1.52],"texture":"#0"}}},{"from":[7.5,11.0,7.0],"to":[8.0,11.5,7.5],"faces":{"west":{"uv":[8.48,0.4799995,9.52,1.52],"texture":"#0"}}},{"from":[7.5,11.0,7.5],"to":[8.0,12.5,8.0],"faces":{"north":{"uv":[10.48,0.4799995,11.52,1.52],"texture":"#0"},"south":{"uv":[10.48,0.4799995,11.52,1.52],"texture":"#0"},"west":{"uv":[10.48,0.4799995,11.52,1.52],"texture":"#0"},"east":{"uv":[10.48,0.4799995,11.52,1.52],"texture":"#0"}}},{"from":[7.5,11.5,5.5],"to":[9.0,12.0,6.0],"faces":{"down":{"uv":[2.48,0.4799995,3.52,1.52],"texture":"#0"},"up":{"uv":[2.48,0.4799995,3.52,1.52],"texture":"#0"},"north":{"uv":[2.48,0.4799995,3.52,1.52],"texture":"#0"},"west":{"uv":[2.48,0.4799995,3.52,1.52],"texture":"#0"},"east":{"uv":[2.48,0.4799995,3.52,1.52],"texture":"#0"}}},{"from":[7.5,11.5,6.0],"to":[9.0,12.0,6.5],"faces":{"down":{"uv":[8.48,0.4799995,9.52,1.52],"texture":"#0"},"south":{"uv":[8.48,0.4799995,9.52,1.52],"texture":"#0"},"west":{"uv":[8.48,0.4799995,9.52,1.52],"texture":"#0"},"east":{"uv":[8.48,0.4799995,9.52,1.52],"texture":"#0"}}},{"from":[7.5,11.5,6.5],"to":[8.0,12.0,7.0],"faces":{"west":{"uv":[2.48,0.4799995,3.52,1.52],"texture":"#0"}}},{"from":[7.5,11.5,7.0],"to":[9.0,12.0,7.5],"faces":{"down":{"uv":[10.48,0.4799995,11.52,1.52],"texture":"#0"},"up":{"uv":[10.48,0.4799995,11.52,1.52],"texture":"#0"},"north":{"uv":[10.48,0.4799995,11.52,1.52],"texture":"#0"},"south":{"uv":[10.48,0.4799995,11.52,1.52],"texture":"#0"},"west":{"uv":[10.48,0.4799995,11.52,1.52],"texture":"#0"},"east":{"uv":[10.48,0.4799995,11.52,1.52],"texture":"#0"}}},{"from":[7.5,11.5,8.0],"to":[8.0,12.0,8.5],"faces":{"west":{"uv":[4.48,0.4799995,5.52,1.52],"texture":"#0"}}},{"from":[7.5,11.5,8.5],"to":[9.0,12.0,9.0],"faces":{"down":{"uv":[12.48,0.4799995,13.52,1.52],"texture":"#0"},"up":{"uv":[12.48,0.4799995,13.52,1.52],"texture":"#0"},"north":{"uv":[12.48,0.4799995,13.52,1.52],"texture":"#0"},"south":{"uv":[12.48,0.4799995,13.52,1.52],"texture":"#0"},"west":{"uv":[12.48,0.4799995,13.52,1.52],"texture":"#0"},"east":{"uv":[12.48,0.4799995,13.52,1.52],"texture":"#0"}}},{"from":[7.5,12.0,5.0],"to":[8.0,12.5,5.5],"faces":{"down":{"uv":[10.48,0.4799995,11.52,1.52],"texture":"#0"},"north":{"uv":[10.48,0.4799995,11.52,1.52],"texture":"#0"},"west":{"uv":[10.48,0.4799995,11.52,1.52],"texture":"#0"}}},{"from":[7.5,12.0,5.5],"to":[8.0,13.0,6.0],"faces":{"north":{"uv":[4.48,0.4799995,5.52,1.52],"texture":"#0"},"south":{"uv":[4.48,0.4799995,5.52,1.52],"texture":"#0"},"west":{"uv":[4.48,0.4799995,5.52,1.52],"texture":"#0"},"east":{"uv":[4.48,0.4799995,5.52,1.52],"texture":"#0"}}},{"from":[7.5,12.0,6.0],"to":[9.0,12.5,7.0],"faces":{"down":{"uv":[6.48,0.4799995,7.52,1.52],"texture":"#0"},"up":{"uv":[6.48,0.4799995,7.52,1.52],"texture":"#0"},"north":{"uv":[6.48,0.4799995,7.52,1.52],"texture":"#0"},"south":{"uv":[6.48,0.4799995,7.52,1.52],"texture":"#0"},"west":{"uv":[6.48,0.4799995,7.52,1.52],"texture":"#0"},"east":{"uv":[6.48,0.4799995,7.52,1.52],"texture":"#0"}}},{"from":[7.5,12.0,7.0],"to":[8.0,12.5,7.5],"faces":{"west":{"uv":[12.48,0.4799995,13.52,1.52],"texture":"#0"}}},{"from":[7.5,12.0,8.0],"to":[9.0,12.5,8.5],"faces":{"down":{"uv":[8.48,0.4799995,9.52,1.52],"texture":"#0"},"up":{"uv":[8.48,0.4799995,9.52,1.52],"texture":"#0"},"north":{"uv":[8.48,0.4799995,9.52,1.52],"texture":"#0"},"south":{"uv":[8.48,0.4799995,9.52,1.52],"texture":"#0"},"west":{"uv":[8.48,0.4799995,9.52,1.52],"texture":"#0"},"east":{"uv":[8.48,0.4799995,9.52,1.52],"texture":"#0"}}},{"from":[7.5,12.0,8.5],"to":[8.0,12.5,9.0],"faces":{"up":{"uv":[10.48,0.4799995,11.52,1.52],"texture":"#0"},"south":{"uv":[10.48,0.4799995,11.52,1.52],"texture":"#0"},"west":{"uv":[10.48,0.4799995,11.52,1.52],"texture":"#0"}}},{"from":[7.5,12.5,5.0],"to":[8.0,13.0,5.5],"faces":{"north":{"uv":[6.48,0.4799995,7.52,1.52],"texture":"#0"},"west":{"uv":[6.48,0.4799995,7.52,1.52],"texture":"#0"}}},{"from":[7.5,12.5,6.0],"to":[8.0,13.0,6.5],"faces":{"west":{"uv":[2.48,0.4799995,3.52,1.52],"texture":"#0"}}},{"from":[7.5,12.5,6.5],"to":[8.0,13.0,7.0],"faces":{"west":{"uv":[12.48,0.4799995,13.52,1.52],"texture":"#0"}}},{"from":[7.5,12.5,7.0],"to":[9.0,13.0,7.5],"faces":{"down":{"uv":[4.48,0.4799995,5.52,1.52],"texture":"#0"},"up":{"uv":[4.48,0.4799995,5.52,1.52],"texture":"#0"},"north":{"uv":[4.48,0.4799995,5.52,1.52],"texture":"#0"},"south":{"uv":[4.48,0.4799995,5.52,1.52],"texture":"#0"},"west":{"uv":[4.48,0.4799995,5.52,1.52],"texture":"#0"},"east":{"uv":[4.48,0.4799995,5.52,1.52],"texture":"#0"}}},{"from":[7.5,12.5,7.5],"to":[8.0,13.0,8.0],"faces":{"south":{"uv":[12.48,0.4799995,13.52,1.52],"texture":"#0"},"west":{"uv":[12.48,0.4799995,13.52,1.52],"texture":"#0"}}},{"from":[7.5,13.0,5.0],"to":[8.0,13.5,5.5],"faces":{"up":{"uv":[2.48,0.4799995,3.52,1.52],"texture":"#0"},"north":{"uv":[2.48,0.4799995,3.52,1.52],"texture":"#0"},"west":{"uv":[2.48,0.4799995,3.52,1.52],"texture":"#0"}}},{"from":[7.5,13.0,5.5],"to":[9.0,13.5,6.0],"faces":{"down":{"uv":[10.48,0.4799995,11.52,1.52],"texture":"#0"},"up":{"uv":[10.48,0.4799995,11.52,1.52],"texture":"#0"},"north":{"uv":[10.48,0.4799995,11.52,1.52],"texture":"#0"},"south":{"uv":[10.48,0.4799995,11.52,1.52],"texture":"#0"},"west":{"uv":[10.48,0.4799995,11.52,1.52],"texture":"#0"},"east":{"uv":[10.48,0.4799995,11.52,1.52],"texture":"#0"}}},{"from":[7.5,13.0,6.0],"to":[8.0,13.5,6.5],"faces":{"west":{"uv":[12.48,0.4799995,13.52,1.52],"texture":"#0"}}},{"from":[7.5,13.0,6.5],"to":[9.0,14.5,7.0],"faces":{"down":{"uv":[6.48,0.4799995,7.52,1.52],"texture":"#0"},"up":{"uv":[6.48,0.4799995,7.52,1.52],"texture":"#0"},"north":{"uv":[6.48,0.4799995,7.52,1.52],"texture":"#0"},"south":{"uv":[6.48,0.4799995,7.52,1.52],"texture":"#0"},"west":{"uv":[6.48,0.4799995,7.52,1.52],"texture":"#0"},"east":{"uv":[6.48,0.4799995,7.52,1.52],"texture":"#0"}}},{"from":[7.5,13.0,7.0],"to":[8.0,13.5,7.5],"faces":{"west":{"uv":[10.48,0.4799995,11.52,1.52],"texture":"#0"}}},{"from":[7.5,13.0,7.5],"to":[9.0,13.5,8.0],"faces":{"down":{"uv":[4.48,0.4799995,5.52,1.52],"texture":"#0"},"up":{"uv":[4.48,0.4799995,5.52,1.52],"texture":"#0"},"north":{"uv":[4.48,0.4799995,5.52,1.52],"texture":"#0"},"south":{"uv":[4.48,0.4799995,5.52,1.52],"texture":"#0"},"west":{"uv":[4.48,0.4799995,5.52,1.52],"texture":"#0"},"east":{"uv":[4.48,0.4799995,5.52,1.52],"texture":"#0"}}},{"from":[7.5,13.5,5.5],"to":[8.0,15.0,6.0],"faces":{"north":{"uv":[2.48,0.4799995,3.52,1.52],"texture":"#0"},"south":{"uv":[2.48,0.4799995,3.52,1.52],"texture":"#0"},"west":{"uv":[2.48,0.4799995,3.52,1.52],"texture":"#0"},"east":{"uv":[2.48,0.4799995,3.52,1.52],"texture":"#0"}}},{"from":[7.5,13.5,6.0],"to":[9.0,14.0,6.5],"faces":{"down":{"uv":[6.48,0.4799995,7.52,1.52],"texture":"#0"},"up":{"uv":[6.48,0.4799995,7.52,1.52],"texture":"#0"},"north":{"uv":[6.48,0.4799995,7.52,1.52],"texture":"#0"},"west":{"uv":[6.48,0.4799995,7.52,1.52],"texture":"#0"},"east":{"uv":[6.48,0.4799995,7.52,1.52],"texture":"#0"}}},{"from":[7.5,13.5,7.0],"to":[8.0,14.0,7.5],"faces":{"west":{"uv":[4.48,0.4799995,5.52,1.52],"texture":"#0"}}},{"from":[7.5,13.5,7.5],"to":[8.0,14.0,8.0],"faces":{"up":{"uv":[10.48,0.4799995,11.52,1.52],"texture":"#0"},"south":{"uv":[10.48,0.4799995,11.52,1.52],"texture":"#0"},"west":{"uv":[10.48,0.4799995,11.52,1.52],"texture":"#0"}}},{"from":[7.5,14.0,6.0],"to":[8.0,14.5,6.5],"faces":{"west":{"uv":[6.48,0.4799995,7.52,1.52],"texture":"#0"}}},{"from":[7.5,14.0,7.0],"to":[8.0,15.0,7.5],"faces":{"up":{"uv":[8.48,0.4799995,9.52,1.52],"texture":"#0"},"north":{"uv":[8.48,0.4799995,9.52,1.52],"texture":"#0"},"south":{"uv":[8.48,0.4799995,9.52,1.52],"texture":"#0"},"west":{"uv":[8.48,0.4799995,9.52,1.52],"texture":"#0"}}},{"from":[7.5,14.5,6.0],"to":[9.0,15.0,6.5],"faces":{"down":{"uv":[10.48,0.4799995,11.52,1.52],"texture":"#0"},"up":{"uv":[10.48,0.4799995,11.52,1.52],"texture":"#0"},"north":{"uv":[10.48,0.4799995,11.52,1.52],"texture":"#0"},"south":{"uv":[10.48,0.4799995,11.52,1.52],"texture":"#0"},"west":{"uv":[10.48,0.4799995,11.52,1.52],"texture":"#0"},"east":{"uv":[10.48,0.4799995,11.52,1.52],"texture":"#0"}}},{"from":[7.5,14.5,6.5],"to":[8.0,15.0,7.0],"faces":{"west":{"uv":[10.48,0.4799995,11.52,1.52],"texture":"#0"}}},{"from":[7.5,15.0,5.5],"to":[9.0,15.5,6.0],"faces":{"down":{"uv":[4.48,0.4799995,5.52,1.52],"texture":"#0"},"up":{"uv":[4.48,0.4799995,5.52,1.52],"texture":"#0"},"north":{"uv":[4.48,0.4799995,5.52,1.52],"texture":"#0"},"south":{"uv":[4.48,0.4799995,5.52,1.52],"texture":"#0"},"west":{"uv":[4.48,0.4799995,5.52,1.52],"texture":"#0"},"east":{"uv":[4.48,0.4799995,5.52,1.52],"texture":"#0"}}},{"from":[7.5,15.0,6.0],"to":[8.0,15.5,6.5],"faces":{"west":{"uv":[2.48,0.4799995,3.52,1.52],"texture":"#0"}}},{"from":[7.5,15.0,6.5],"to":[9.0,15.5,7.0],"faces":{"down":{"uv":[4.48,0.4799995,5.52,1.52],"texture":"#0"},"up":{"uv":[4.48,0.4799995,5.52,1.52],"texture":"#0"},"north":{"uv":[4.48,0.4799995,5.52,1.52],"texture":"#0"},"south":{"uv":[4.48,0.4799995,5.52,1.52],"texture":"#0"},"west":{"uv":[4.48,0.4799995,5.52,1.52],"texture":"#0"},"east":{"uv":[4.48,0.4799995,5.52,1.52],"texture":"#0"}}},{"from":[7.5,15.5,6.0],"to":[9.0,16.5,6.5],"faces":{"down":{"uv":[12.48,0.4799995,13.52,1.52],"texture":"#0"},"up":{"uv":[12.48,0.4799995,13.52,1.52],"texture":"#0"},"north":{"uv":[12.48,0.4799995,13.52,1.52],"texture":"#0"},"south":{"uv":[12.48,0.4799995,13.52,1.52],"texture":"#0"},"west":{"uv":[12.48,0.4799995,13.52,1.52],"texture":"#0"},"east":{"uv":[12.48,0.4799995,13.52,1.52],"texture":"#0"}}},{"from":[7.5,15.5,6.5],"to":[8.0,16.0,7.0],"faces":{"south":{"uv":[8.48,0.4799995,9.52,1.52],"texture":"#0"},"west":{"uv":[8.48,0.4799995,9.52,1.52],"texture":"#0"}}},{"from":[7.5,16.0,6.5],"to":[8.0,16.5,7.0],"faces":{"south":{"uv":[12.48,0.4799995,13.52,1.52],"texture":"#0"},"west":{"uv":[12.48,0.4799995,13.52,1.52],"texture":"#0"}}},{"from":[7.5,16.5,6.5],"to":[9.0,17.0,7.0],"faces":{"down":{"uv":[8.48,0.4799995,9.52,1.52],"texture":"#0"},"up":{"uv":[8.48,0.4799995,9.52,1.52],"texture":"#0"},"north":{"uv":[8.48,0.4799995,9.52,1.52],"texture":"#0"},"south":{"uv":[8.48,0.4799995,9.52,1.52],"texture":"#0"},"west":{"uv":[8.48,0.4799995,9.52,1.52],"texture":"#0"},"east":{"uv":[8.48,0.4799995,9.52,1.52],"texture":"#0"}}},{"from":[7.5,17.0,6.5],"to":[8.0,17.5,7.0],"faces":{"north":{"uv":[10.48,0.4799995,11.52,1.52],"texture":"#0"},"south":{"uv":[10.48,0.4799995,11.52,1.52],"texture":"#0"},"west":{"uv":[10.48,0.4799995,11.52,1.52],"texture":"#0"}}},{"from":[7.5,17.5,6.0],"to":[9.0,18.0,6.5],"faces":{"down":{"uv":[8.48,0.4799995,9.52,1.52],"texture":"#0"},"up":{"uv":[8.48,0.4799995,9.52,1.52],"texture":"#0"},"north":{"uv":[8.48,0.4799995,9.52,1.52],"texture":"#0"},"south":{"uv":[8.48,0.4799995,9.52,1.52],"texture":"#0"},"west":{"uv":[8.48,0.4799995,9.52,1.52],"texture":"#0"},"east":{"uv":[8.48,0.4799995,9.52,1.52],"texture":"#0"}}},{"from":[7.5,17.5,6.5],"to":[8.0,18.0,7.0],"faces":{"west":{"uv":[12.48,0.4799995,13.52,1.52],"texture":"#0"}}},{"from":[7.5,17.5,7.0],"to":[9.0,18.0,7.5],"faces":{"down":{"uv":[8.48,0.4799995,9.52,1.52],"texture":"#0"},"up":{"uv":[8.48,0.4799995,9.52,1.52],"texture":"#0"},"north":{"uv":[8.48,0.4799995,9.52,1.52],"texture":"#0"},"south":{"uv":[8.48,0.4799995,9.52,1.52],"texture":"#0"},"west":{"uv":[8.48,0.4799995,9.52,1.52],"texture":"#0"},"east":{"uv":[8.48,0.4799995,9.52,1.52],"texture":"#0"}}},{"from":[7.5,18.0,6.0],"to":[8.0,18.5,6.5],"faces":{"up":{"uv":[10.48,0.4799995,11.52,1.52],"texture":"#0"},"north":{"uv":[10.48,0.4799995,11.52,1.52],"texture":"#0"},"west":{"uv":[10.48,0.4799995,11.52,1.52],"texture":"#0"}}},{"from":[7.5,18.0,6.5],"to":[9.0,18.5,7.0],"faces":{"down":{"uv":[8.48,0.4799995,9.52,1.52],"texture":"#0"},"up":{"uv":[8.48,0.4799995,9.52,1.52],"texture":"#0"},"north":{"uv":[8.48,0.4799995,9.52,1.52],"texture":"#0"},"south":{"uv":[8.48,0.4799995,9.52,1.52],"texture":"#0"},"west":{"uv":[8.48,0.4799995,9.52,1.52],"texture":"#0"},"east":{"uv":[8.48,0.4799995,9.52,1.52],"texture":"#0"}}},{"from":[7.5,18.0,7.0],"to":[8.0,18.5,7.5],"faces":{"south":{"uv":[2.48,0.4799995,3.52,1.52],"texture":"#0"},"west":{"uv":[2.48,0.4799995,3.52,1.52],"texture":"#0"}}},{"from":[7.5,18.5,6.5],"to":[8.0,19.0,7.5],"faces":{"down":{"uv":[4.48,0.4799995,5.52,1.52],"texture":"#0"},"up":{"uv":[4.48,0.4799995,5.52,1.52],"texture":"#0"},"north":{"uv":[4.48,0.4799995,5.52,1.52],"texture":"#0"},"south":{"uv":[4.48,0.4799995,5.52,1.52],"texture":"#0"},"west":{"uv":[4.48,0.4799995,5.52,1.52],"texture":"#0"}}},{"from":[7.5,19.0,7.0],"to":[9.0,20.0,7.5],"faces":{"down":{"uv":[2.48,0.4799995,3.52,1.52],"texture":"#0"},"up":{"uv":[2.48,0.4799995,3.52,1.52],"texture":"#0"},"north":{"uv":[2.48,0.4799995,3.52,1.52],"texture":"#0"},"south":{"uv":[2.48,0.4799995,3.52,1.52],"texture":"#0"},"west":{"uv":[2.48,0.4799995,3.52,1.52],"texture":"#0"},"east":{"uv":[2.48,0.4799995,3.52,1.52],"texture":"#0"}}},{"from":[7.5,19.0,7.5],"to":[9.0,19.5,8.0],"faces":{"down":{"uv":[12.48,0.4799995,13.52,1.52],"texture":"#0"},"up":{"uv":[12.48,0.4799995,13.52,1.52],"texture":"#0"},"south":{"uv":[12.48,0.4799995,13.52,1.52],"texture":"#0"},"west":{"uv":[12.48,0.4799995,13.52,1.52],"texture":"#0"},"east":{"uv":[12.48,0.4799995,13.52,1.52],"texture":"#0"}}},{"from":[7.5,19.5,7.5],"to":[8.0,20.0,8.0],"faces":{"south":{"uv":[6.48,0.4799995,7.52,1.52],"texture":"#0"},"west":{"uv":[6.48,0.4799995,7.52,1.52],"texture":"#0"}}},{"from":[7.5,20.0,4.5],"to":[9.0,20.5,5.0],"faces":{"down":{"uv":[6.48,0.4799995,7.52,1.52],"texture":"#0"},"up":{"uv":[6.48,0.4799995,7.52,1.52],"texture":"#0"},"north":{"uv":[6.48,0.4799995,7.52,1.52],"texture":"#0"},"south":{"uv":[6.48,0.4799995,7.52,1.52],"texture":"#0"},"west":{"uv":[6.48,0.4799995,7.52,1.52],"texture":"#0"},"east":{"uv":[6.48,0.4799995,7.52,1.52],"texture":"#0"}}},{"from":[7.5,20.0,6.5],"to":[9.0,20.5,7.0],"faces":{"down":{"uv":[12.48,0.4799995,13.52,1.52],"texture":"#0"},"up":{"uv":[12.48,0.4799995,13.52,1.52],"texture":"#0"},"north":{"uv":[12.48,0.4799995,13.52,1.52],"texture":"#0"},"south":{"uv":[12.48,0.4799995,13.52,1.52],"texture":"#0"},"west":{"uv":[12.48,0.4799995,13.52,1.52],"texture":"#0"},"east":{"uv":[12.48,0.4799995,13.52,1.52],"texture":"#0"}}},{"from":[7.5,20.0,7.0],"to":[8.0,20.5,7.5],"faces":{"west":{"uv":[12.48,0.4799995,13.52,1.52],"texture":"#0"}}},{"from":[7.5,20.0,7.5],"to":[9.0,20.5,8.0],"faces":{"down":{"uv":[8.48,0.4799995,9.52,1.52],"texture":"#0"},"up":{"uv":[8.48,0.4799995,9.52,1.52],"texture":"#0"},"north":{"uv":[8.48,0.4799995,9.52,1.52],"texture":"#0"},"south":{"uv":[8.48,0.4799995,9.52,1.52],"texture":"#0"},"west":{"uv":[8.48,0.4799995,9.52,1.52],"texture":"#0"},"east":{"uv":[8.48,0.4799995,9.52,1.52],"texture":"#0"}}},{"from":[7.5,20.5,4.0],"to":[8.0,21.0,4.5],"faces":{"down":{"uv":[4.48,0.4799995,5.52,1.52],"texture":"#0"},"north":{"uv":[4.48,0.4799995,5.52,1.52],"texture":"#0"},"west":{"uv":[4.48,0.4799995,5.52,1.52],"texture":"#0"}}},{"from":[7.5,20.5,4.5],"to":[8.0,21.0,5.5],"faces":{"down":{"uv":[10.48,0.4799995,11.52,1.52],"texture":"#0"},"up":{"uv":[10.48,0.4799995,11.52,1.52],"texture":"#0"},"south":{"uv":[10.48,0.4799995,11.52,1.52],"texture":"#0"},"west":{"uv":[10.48,0.4799995,11.52,1.52],"texture":"#0"},"east":{"uv":[10.48,0.4799995,11.52,1.52],"texture":"#0"}}},{"from":[7.5,20.5,6.0],"to":[9.0,21.5,6.5],"faces":{"down":{"uv":[6.48,0.4799995,7.52,1.52],"texture":"#0"},"north":{"uv":[6.48,0.4799995,7.52,1.52],"texture":"#0"},"south":{"uv":[6.48,0.4799995,7.52,1.52],"texture":"#0"},"west":{"uv":[6.48,0.4799995,7.52,1.52],"texture":"#0"},"east":{"uv":[6.48,0.4799995,7.52,1.52],"texture":"#0"}}},{"from":[7.5,20.5,6.5],"to":[8.0,21.0,7.0],"faces":{"west":{"uv":[8.48,0.4799995,9.52,1.52],"texture":"#0"}}},{"from":[7.5,20.5,7.0],"to":[9.0,21.0,7.5],"faces":{"down":{"uv":[6.48,0.4799995,7.52,1.52],"texture":"#0"},"up":{"uv":[6.48,0.4799995,7.52,1.52],"texture":"#0"},"north":{"uv":[6.48,0.4799995,7.52,1.52],"texture":"#0"},"south":{"uv":[6.48,0.4799995,7.52,1.52],"texture":"#0"},"west":{"uv":[6.48,0.4799995,7.52,1.52],"texture":"#0"},"east":{"uv":[6.48,0.4799995,7.52,1.52],"texture":"#0"}}},{"from":[7.5,20.5,7.5],"to":[8.0,21.0,8.0],"faces":{"west":{"uv":[6.48,0.4799995,7.52,1.52],"texture":"#0"}}},{"from":[7.5,20.5,8.0],"to":[9.0,21.0,8.5],"faces":{"down":{"uv":[4.48,0.4799995,5.52,1.52],"texture":"#0"},"up":{"uv":[4.48,0.4799995,5.52,1.52],"texture":"#0"},"north":{"uv":[4.48,0.4799995,5.52,1.52],"texture":"#0"},"south":{"uv":[4.48,0.4799995,5.52,1.52],"texture":"#0"},"west":{"uv":[4.48,0.4799995,5.52,1.52],"texture":"#0"},"east":{"uv":[4.48,0.4799995,5.52,1.52],"texture":"#0"}}},{"from":[7.5,21.0,4.0],"to":[8.0,22.0,4.5],"faces":{"north":{"uv":[12.48,0.4799995,13.52,1.52],"texture":"#0"},"south":{"uv":[12.48,0.4799995,13.52,1.52],"texture":"#0"},"west":{"uv":[12.48,0.4799995,13.52,1.52],"texture":"#0"},"east":{"uv":[12.48,0.4799995,13.52,1.52],"texture":"#0"}}},{"from":[7.5,21.0,4.5],"to":[9.0,21.5,5.0],"faces":{"down":{"uv":[6.48,0.4799995,7.52,1.52],"texture":"#0"},"up":{"uv":[6.48,0.4799995,7.52,1.52],"texture":"#0"},"north":{"uv":[6.48,0.4799995,7.52,1.52],"texture":"#0"},"south":{"uv":[6.48,0.4799995,7.52,1.52],"texture":"#0"},"west":{"uv":[6.48,0.4799995,7.52,1.52],"texture":"#0"},"east":{"uv":[6.48,0.4799995,7.52,1.52],"texture":"#0"}}},{"from":[7.5,21.0,5.0],"to":[8.0,21.5,6.0],"faces":{"down":{"uv":[10.48,0.4799995,11.52,1.52],"texture":"#0"},"up":{"uv":[10.48,0.4799995,11.52,1.52],"texture":"#0"},"west":{"uv":[10.48,0.4799995,11.52,1.52],"texture":"#0"},"east":{"uv":[10.48,0.4799995,11.52,1.52],"texture":"#0"}}},{"from":[7.5,21.0,6.5],"to":[8.0,21.5,7.0],"faces":{"west":{"uv":[10.48,0.4799995,11.52,1.52],"texture":"#0"}}},{"from":[7.5,21.0,7.0],"to":[8.0,22.0,7.5],"faces":{"up":{"uv":[8.48,0.4799995,9.52,1.52],"texture":"#0"},"north":{"uv":[8.48,0.4799995,9.52,1.52],"texture":"#0"},"south":{"uv":[8.48,0.4799995,9.52,1.52],"texture":"#0"},"west":{"uv":[8.48,0.4799995,9.52,1.52],"texture":"#0"},"east":{"uv":[8.48,0.4799995,9.52,1.52],"texture":"#0"}}},{"from":[7.5,21.0,7.5],"to":[9.0,21.5,8.0],"faces":{"down":{"uv":[8.48,0.4799995,9.52,1.52],"texture":"#0"},"up":{"uv":[8.48,0.4799995,9.52,1.52],"texture":"#0"},"north":{"uv":[8.48,0.4799995,9.52,1.52],"texture":"#0"},"south":{"uv":[8.48,0.4799995,9.52,1.52],"texture":"#0"},"west":{"uv":[8.48,0.4799995,9.52,1.52],"texture":"#0"},"east":{"uv":[8.48,0.4799995,9.52,1.52],"texture":"#0"}}},{"from":[7.5,21.0,8.0],"to":[8.0,21.5,9.0],"faces":{"down":{"uv":[10.48,0.4799995,11.52,1.52],"texture":"#0"},"south":{"uv":[10.48,0.4799995,11.52,1.52],"texture":"#0"},"west":{"uv":[10.48,0.4799995,11.52,1.52],"texture":"#0"},"east":{"uv":[10.48,0.4799995,11.52,1.52],"texture":"#0"}}},{"from":[7.5,21.5,4.5],"to":[8.0,22.0,5.0],"faces":{"west":{"uv":[10.48,0.4799995,11.52,1.52],"texture":"#0"}}},{"from":[7.5,21.5,5.0],"to":[9.0,22.5,5.5],"faces":{"down":{"uv":[6.48,0.4799995,7.52,1.52],"texture":"#0"},"up":{"uv":[6.48,0.4799995,7.52,1.52],"texture":"#0"},"north":{"uv":[6.48,0.4799995,7.52,1.52],"texture":"#0"},"south":{"uv":[6.48,0.4799995,7.52,1.52],"texture":"#0"},"west":{"uv":[6.48,0.4799995,7.52,1.52],"texture":"#0"},"east":{"uv":[6.48,0.4799995,7.52,1.52],"texture":"#0"}}},{"from":[7.5,21.5,5.5],"to":[8.0,22.0,6.0],"faces":{"west":{"uv":[4.48,0.4799995,5.52,1.52],"texture":"#0"}}},{"from":[7.5,21.5,6.0],"to":[9.0,22.0,6.5],"faces":{"up":{"uv":[12.48,0.4799995,13.52,1.52],"texture":"#0"},"north":{"uv":[12.48,0.4799995,13.52,1.52],"texture":"#0"},"south":{"uv":[12.48,0.4799995,13.52,1.52],"texture":"#0"},"west":{"uv":[12.48,0.4799995,13.52,1.52],"texture":"#0"},"east":{"uv":[12.48,0.4799995,13.52,1.52],"texture":"#0"}}},{"from":[7.5,21.5,6.5],"to":[8.0,22.0,7.0],"faces":{"up":{"uv":[8.48,0.4799995,9.52,1.52],"texture":"#0"},"west":{"uv":[8.48,0.4799995,9.52,1.52],"texture":"#0"}}},{"from":[7.5,21.5,7.5],"to":[8.0,22.0,8.0],"faces":{"west":{"uv":[10.48,0.4799995,11.52,1.52],"texture":"#0"}}},{"from":[7.5,21.5,8.0],"to":[9.0,22.5,9.0],"faces":{"down":{"uv":[8.48,0.4799995,9.52,1.52],"texture":"#0"},"up":{"uv":[8.48,0.4799995,9.52,1.52],"texture":"#0"},"north":{"uv":[8.48,0.4799995,9.52,1.52],"texture":"#0"},"south":{"uv":[8.48,0.4799995,9.52,1.52],"texture":"#0"},"west":{"uv":[8.48,0.4799995,9.52,1.52],"texture":"#0"},"east":{"uv":[8.48,0.4799995,9.52,1.52],"texture":"#0"}}},{"from":[7.5,22.0,3.5],"to":[8.0,22.5,5.0],"faces":{"down":{"uv":[6.48,0.4799995,7.52,1.52],"texture":"#0"},"up":{"uv":[6.48,0.4799995,7.52,1.52],"texture":"#0"},"north":{"uv":[6.48,0.4799995,7.52,1.52],"texture":"#0"},"west":{"uv":[6.48,0.4799995,7.52,1.52],"texture":"#0"},"east":{"uv":[6.48,0.4799995,7.52,1.52],"texture":"#0"}}},{"from":[7.5,22.0,5.5],"to":[8.0,22.5,6.0],"faces":{"up":{"uv":[12.48,0.4799995,13.52,1.52],"texture":"#0"},"south":{"uv":[12.48,0.4799995,13.52,1.52],"texture":"#0"},"west":{"uv":[12.48,0.4799995,13.52,1.52],"texture":"#0"}}},{"from":[7.5,22.0,7.5],"to":[8.0,22.5,8.0],"faces":{"up":{"uv":[12.48,0.4799995,13.52,1.52],"texture":"#0"},"north":{"uv":[12.48,0.4799995,13.52,1.52],"texture":"#0"},"west":{"uv":[12.48,0.4799995,13.52,1.52],"texture":"#0"}}},{"from":[7.5,22.0,9.0],"to":[9.0,22.5,9.5],"faces":{"down":{"uv":[12.48,0.4799995,13.52,1.52],"texture":"#0"},"up":{"uv":[12.48,0.4799995,13.52,1.52],"texture":"#0"},"west":{"uv":[12.48,0.4799995,13.52,1.52],"texture":"#0"},"east":{"uv":[12.48,0.4799995,13.52,1.52],"texture":"#0"}}},{"from":[7.5,22.0,9.5],"to":[9.0,22.5,10.0],"faces":{"down":{"uv":[6.48,0.4799995,7.52,1.52],"texture":"#0"},"up":{"uv":[6.48,0.4799995,7.52,1.52],"texture":"#0"},"south":{"uv":[6.48,0.4799995,7.52,1.52],"texture":"#0"},"west":{"uv":[6.48,0.4799995,7.52,1.52],"texture":"#0"},"east":{"uv":[6.48,0.4799995,7.52,1.52],"texture":"#0"}}},{"from":[7.5,22.5,3.5],"to":[9.0,23.0,4.0],"faces":{"down":{"uv":[8.48,0.4799995,9.52,1.52],"texture":"#0"},"up":{"uv":[8.48,0.4799995,9.52,1.52],"texture":"#0"},"north":{"uv":[8.48,0.4799995,9.52,1.52],"texture":"#0"},"west":{"uv":[8.48,0.4799995,9.52,1.52],"texture":"#0"},"east":{"uv":[8.48,0.4799995,9.52,1.52],"texture":"#0"}}},{"from":[7.5,22.5,4.0],"to":[9.0,23.0,4.5],"faces":{"down":{"uv":[6.48,0.4799995,7.52,1.52],"texture":"#0"},"up":{"uv":[6.48,0.4799995,7.52,1.52],"texture":"#0"},"south":{"uv":[6.48,0.4799995,7.52,1.52],"texture":"#0"},"west":{"uv":[6.48,0.4799995,7.52,1.52],"texture":"#0"},"east":{"uv":[6.48,0.4799995,7.52,1.52],"texture":"#0"}}},{"from":[7.5,22.5,8.5],"to":[8.0,23.0,9.5],"faces":{"down":{"uv":[8.48,0.4799995,9.52,1.52],"texture":"#0"},"up":{"uv":[8.48,0.4799995,9.52,1.52],"texture":"#0"},"north":{"uv":[8.48,0.4799995,9.52,1.52],"texture":"#0"},"west":{"uv":[8.48,0.4799995,9.52,1.52],"texture":"#0"},"east":{"uv":[8.48,0.4799995,9.52,1.52],"texture":"#0"}}},{"from":[7.5,22.5,9.5],"to":[8.0,23.0,10.5],"faces":{"down":{"uv":[2.48,0.4799995,3.52,1.52],"texture":"#0"},"west":{"uv":[2.48,0.4799995,3.52,1.52],"texture":"#0"},"east":{"uv":[2.48,0.4799995,3.52,1.52],"texture":"#0"}}},{"from":[7.5,22.5,10.5],"to":[9.0,23.0,11.0],"faces":{"down":{"uv":[10.48,0.4799995,11.52,1.52],"texture":"#0"},"up":{"uv":[10.48,0.4799995,11.52,1.52],"texture":"#0"},"north":{"uv":[10.48,0.4799995,11.52,1.52],"texture":"#0"},"south":{"uv":[10.48,0.4799995,11.52,1.52],"texture":"#0"},"west":{"uv":[10.48,0.4799995,11.52,1.52],"texture":"#0"},"east":{"uv":[10.48,0.4799995,11.52,1.52],"texture":"#0"}}},{"from":[7.5,23.0,9.0],"to":[9.0,23.5,10.5],"faces":{"down":{"uv":[6.48,0.4799995,7.52,1.52],"texture":"#0"},"up":{"uv":[6.48,0.4799995,7.52,1.52],"texture":"#0"},"north":{"uv":[6.48,0.4799995,7.52,1.52],"texture":"#0"},"south":{"uv":[6.48,0.4799995,7.52,1.52],"texture":"#0"},"west":{"uv":[6.48,0.4799995,7.52,1.52],"texture":"#0"},"east":{"uv":[6.48,0.4799995,7.52,1.52],"texture":"#0"}}},{"from":[7.5,23.0,10.5],"to":[8.0,23.5,11.5],"faces":{"down":{"uv":[6.48,0.4799995,7.52,1.52],"texture":"#0"},"up":{"uv":[6.48,0.4799995,7.52,1.52],"texture":"#0"},"south":{"uv":[6.48,0.4799995,7.52,1.52],"texture":"#0"},"west":{"uv":[6.48,0.4799995,7.52,1.52],"texture":"#0"},"east":{"uv":[6.48,0.4799995,7.52,1.52],"texture":"#0"}}},{"from":[7.5,23.5,10.0],"to":[8.0,24.0,10.5],"faces":{"north":{"uv":[4.48,0.4799995,5.52,1.52],"texture":"#0"},"west":{"uv":[4.48,0.4799995,5.52,1.52],"texture":"#0"}}},{"from":[7.5,23.5,10.5],"to":[9.0,24.0,11.0],"faces":{"down":{"uv":[8.48,0.4799995,9.52,1.52],"texture":"#0"},"north":{"uv":[8.48,0.4799995,9.52,1.52],"texture":"#0"},"south":{"uv":[8.48,0.4799995,9.52,1.52],"texture":"#0"},"west":{"uv":[8.48,0.4799995,9.52,1.52],"texture":"#0"},"east":{"uv":[8.48,0.4799995,9.52,1.52],"texture":"#0"}}},{"from":[7.5,23.5,11.0],"to":[8.0,24.0,11.5],"faces":{"west":{"uv":[4.48,0.4799995,5.52,1.52],"texture":"#0"}}},{"from":[7.5,23.5,11.5],"to":[8.0,24.0,12.0],"faces":{"down":{"uv":[6.48,0.4799995,7.52,1.52],"texture":"#0"},"south":{"uv":[6.48,0.4799995,7.52,1.52],"texture":"#0"},"west":{"uv":[6.48,0.4799995,7.52,1.52],"texture":"#0"}}},{"from":[7.5,24.0,9.5],"to":[9.0,24.5,10.0],"faces":{"down":{"uv":[2.48,0.4799995,3.52,1.52],"texture":"#0"},"up":{"uv":[2.48,0.4799995,3.52,1.52],"texture":"#0"},"north":{"uv":[2.48,0.4799995,3.52,1.52],"texture":"#0"},"south":{"uv":[2.48,0.4799995,3.52,1.52],"texture":"#0"},"west":{"uv":[2.48,0.4799995,3.52,1.52],"texture":"#0"},"east":{"uv":[2.48,0.4799995,3.52,1.52],"texture":"#0"}}},{"from":[7.5,24.0,10.0],"to":[8.0,24.5,10.5],"faces":{"up":{"uv":[8.48,0.4799995,9.52,1.52],"texture":"#0"},"west":{"uv":[8.48,0.4799995,9.52,1.52],"texture":"#0"}}},{"from":[7.5,24.0,10.5],"to":[9.0,24.5,11.0],"faces":{"up":{"uv":[2.48,0.4799995,3.52,1.52],"texture":"#0"},"north":{"uv":[2.48,0.4799995,3.52,1.52],"texture":"#0"},"south":{"uv":[2.48,0.4799995,3.52,1.52],"texture":"#0"},"west":{"uv":[2.48,0.4799995,3.52,1.52],"texture":"#0"},"east":{"uv":[2.48,0.4799995,3.52,1.52],"texture":"#0"}}},{"from":[7.5,24.0,11.0],"to":[8.0,24.5,11.5],"faces":{"west":{"uv":[10.48,0.4799995,11.52,1.52],"texture":"#0"}}},{"from":[7.5,24.0,11.5],"to":[9.0,24.5,12.0],"faces":{"down":{"uv":[2.48,0.4799995,3.52,1.52],"texture":"#0"},"up":{"uv":[2.48,0.4799995,3.52,1.52],"texture":"#0"},"north":{"uv":[2.48,0.4799995,3.52,1.52],"texture":"#0"},"south":{"uv":[2.48,0.4799995,3.52,1.52],"texture":"#0"},"west":{"uv":[2.48,0.4799995,3.52,1.52],"texture":"#0"},"east":{"uv":[2.48,0.4799995,3.52,1.52],"texture":"#0"}}},{"from":[7.5,24.5,11.0],"to":[9.0,25.0,11.5],"faces":{"down":{"uv":[4.48,0.4799995,5.52,1.52],"texture":"#0"},"up":{"uv":[4.48,0.4799995,5.52,1.52],"texture":"#0"},"north":{"uv":[4.48,0.4799995,5.52,1.52],"texture":"#0"},"south":{"uv":[4.48,0.4799995,5.52,1.52],"texture":"#0"},"west":{"uv":[4.48,0.4799995,5.52,1.52],"texture":"#0"},"east":{"uv":[4.48,0.4799995,5.52,1.52],"texture":"#0"}}},{"from":[7.5,24.5,11.5],"to":[8.0,25.0,12.0],"faces":{"up":{"uv":[6.48,0.4799995,7.52,1.52],"texture":"#0"},"west":{"uv":[6.48,0.4799995,7.52,1.52],"texture":"#0"}}},{"from":[7.5,24.5,12.0],"to":[9.0,25.0,12.5],"faces":{"down":{"uv":[12.48,0.4799995,13.52,1.52],"texture":"#0"},"up":{"uv":[12.48,0.4799995,13.52,1.52],"texture":"#0"},"north":{"uv":[12.48,0.4799995,13.52,1.52],"texture":"#0"},"south":{"uv":[12.48,0.4799995,13.52,1.52],"texture":"#0"},"west":{"uv":[12.48,0.4799995,13.52,1.52],"texture":"#0"},"east":{"uv":[12.48,0.4799995,13.52,1.52],"texture":"#0"}}},{"from":[7.5,24.5,12.5],"to":[8.0,25.0,13.0],"faces":{"down":{"uv":[4.48,0.4799995,5.52,1.52],"texture":"#0"},"south":{"uv":[4.48,0.4799995,5.52,1.52],"texture":"#0"},"west":{"uv":[4.48,0.4799995,5.52,1.52],"texture":"#0"}}},{"from":[7.5,25.0,12.5],"to":[9.0,25.5,13.0],"faces":{"down":{"uv":[6.48,0.4799995,7.52,1.52],"texture":"#0"},"up":{"uv":[6.48,0.4799995,7.52,1.52],"texture":"#0"},"north":{"uv":[6.48,0.4799995,7.52,1.52],"texture":"#0"},"south":{"uv":[6.48,0.4799995,7.52,1.52],"texture":"#0"},"west":{"uv":[6.48,0.4799995,7.52,1.52],"texture":"#0"},"east":{"uv":[6.48,0.4799995,7.52,1.52],"texture":"#0"}}},{"from":[8.0,0.0,8.0],"to":[8.5,0.5,8.5],"faces":{"down":{"uv":[4.48,0.4799995,5.52,1.52],"texture":"#0"},"north":{"uv":[4.48,0.4799995,5.52,1.52],"texture":"#0"},"west":{"uv":[4.48,0.4799995,5.52,1.52],"texture":"#0"},"east":{"uv":[4.48,0.4799995,5.52,1.52],"texture":"#0"}}},{"from":[8.0,0.0,8.5],"to":[8.5,0.5,9.0],"faces":{"down":{"uv":[2.48,0.4799995,3.52,1.52],"texture":"#0"},"west":{"uv":[2.48,0.4799995,3.52,1.52],"texture":"#0"},"east":{"uv":[2.48,0.4799995,3.52,1.52],"texture":"#0"}}},{"from":[8.0,0.0,9.0],"to":[8.5,0.5,9.5],"faces":{"down":{"uv":[8.48,0.4799995,9.52,1.52],"texture":"#0"},"west":{"uv":[8.48,0.4799995,9.52,1.52],"texture":"#0"},"east":{"uv":[8.48,0.4799995,9.52,1.52],"texture":"#0"}}},{"from":[8.0,0.0,9.5],"to":[8.5,0.5,10.0],"faces":{"down":{"uv":[2.48,0.4799995,3.52,1.52],"texture":"#0"}}},{"from":[8.0,0.0,10.0],"to":[8.5,1.0,10.5],"faces":{"down":{"uv":[4.48,0.4799995,5.52,1.52],"texture":"#0"},"up":{"uv":[4.48,0.4799995,5.52,1.52],"texture":"#0"},"north":{"uv":[4.48,0.4799995,5.52,1.52],"texture":"#0"},"south":{"uv":[4.48,0.4799995,5.52,1.52],"texture":"#0"}}},{"from":[8.0,0.0,10.5],"to":[8.5,0.5,11.0],"faces":{"down":{"uv":[2.48,2.48,3.52,3.52],"texture":"#0"},"south":{"uv":[2.48,2.48,3.52,3.52],"texture":"#0"},"west":{"uv":[2.48,2.48,3.52,3.52],"texture":"#0"},"east":{"uv":[2.48,2.48,3.52,3.52],"texture":"#0"}}},{"from":[8.0,0.5,7.0],"to":[8.5,1.0,8.0],"faces":{"down":{"uv":[2.48,2.48,3.52,3.52],"texture":"#0"},"up":{"uv":[2.48,2.48,3.52,3.52],"texture":"#0"},"north":{"uv":[2.48,2.48,3.52,3.52],"texture":"#0"},"west":{"uv":[2.48,2.48,3.52,3.52],"texture":"#0"},"east":{"uv":[2.48,2.48,3.52,3.52],"texture":"#0"}}},{"from":[8.0,0.5,10.5],"to":[8.5,1.0,11.0],"faces":{"up":{"uv":[8.48,0.4799995,9.52,1.52],"texture":"#0"}}},{"from":[8.0,0.5,11.0],"to":[8.5,1.5,11.5],"faces":{"down":{"uv":[2.48,2.48,3.52,3.52],"texture":"#0"},"up":{"uv":[2.48,2.48,3.52,3.52],"texture":"#0"},"north":{"uv":[2.48,2.48,3.52,3.52],"texture":"#0"},"south":{"uv":[2.48,2.48,3.52,3.52],"texture":"#0"},"west":{"uv":[2.48,2.48,3.52,3.52],"texture":"#0"},"east":{"uv":[2.48,2.48,3.52,3.52],"texture":"#0"}}},{"from":[8.0,1.0,6.5],"to":[8.5,2.0,7.0],"faces":{"down":{"uv":[2.48,2.48,3.52,3.52],"texture":"#0"},"up":{"uv":[2.48,2.48,3.52,3.52],"texture":"#0"},"north":{"uv":[2.48,2.48,3.52,3.52],"texture":"#0"},"south":{"uv":[2.48,2.48,3.52,3.52],"texture":"#0"},"west":{"uv":[2.48,2.48,3.52,3.52],"texture":"#0"},"east":{"uv":[2.48,2.48,3.52,3.52],"texture":"#0"}}},{"from":[8.0,1.0,7.5],"to":[8.5,1.5,8.5],"faces":{"down":{"uv":[4.48,0.4799995,5.52,1.52],"texture":"#0"},"up":{"uv":[4.48,0.4799995,5.52,1.52],"texture":"#0"},"west":{"uv":[4.48,0.4799995,5.52,1.52],"texture":"#0"},"east":{"uv":[4.48,0.4799995,5.52,1.52],"texture":"#0"}}},{"from":[8.0,1.0,9.0],"to":[8.5,1.5,10.0],"faces":{"up":{"uv":[4.48,0.4799995,5.52,1.52],"texture":"#0"},"south":{"uv":[4.48,0.4799995,5.52,1.52],"texture":"#0"},"west":{"uv":[4.48,0.4799995,5.52,1.52],"texture":"#0"},"east":{"uv":[4.48,0.4799995,5.52,1.52],"texture":"#0"}}},{"from":[8.0,1.0,11.5],"to":[8.5,1.5,12.0],"faces":{"down":{"uv":[2.48,2.48,3.52,3.52],"texture":"#0"},"up":{"uv":[2.48,2.48,3.52,3.52],"texture":"#0"},"south":{"uv":[2.48,2.48,3.52,3.52],"texture":"#0"},"west":{"uv":[2.48,2.48,3.52,3.52],"texture":"#0"},"east":{"uv":[2.48,2.48,3.52,3.52],"texture":"#0"}}},{"from":[8.0,1.5,7.0],"to":[8.5,2.0,7.5],"faces":{"up":{"uv":[2.48,2.48,3.52,3.52],"texture":"#0"},"south":{"uv":[2.48,2.48,3.52,3.52],"texture":"#0"},"west":{"uv":[2.48,2.48,3.52,3.52],"texture":"#0"},"east":{"uv":[2.48,2.48,3.52,3.52],"texture":"#0"}}},{"from":[8.0,1.5,8.0],"to":[8.5,2.0,8.5],"faces":{"north":{"uv":[14.48,0.4799995,15.52,1.52],"texture":"#0"},"west":{"uv":[14.48,0.4799995,15.52,1.52],"texture":"#0"},"east":{"uv":[14.48,0.4799995,15.52,1.52],"texture":"#0"}}},{"from":[8.0,1.5,9.5],"to":[8.5,2.5,10.0],"faces":{"north":{"uv":[14.48,0.4799995,15.52,1.52],"texture":"#0"},"south":{"uv":[14.48,0.4799995,15.52,1.52],"texture":"#0"},"west":{"uv":[14.48,0.4799995,15.52,1.52],"texture":"#0"},"east":{"uv":[14.48,0.4799995,15.52,1.52],"texture":"#0"}}},{"from":[8.0,2.0,8.0],"to":[8.5,2.5,8.5],"faces":{"up":{"uv":[0.48,2.48,1.52,3.52],"texture":"#0"},"north":{"uv":[0.48,2.48,1.52,3.52],"texture":"#0"},"west":{"uv":[0.48,2.48,1.52,3.52],"texture":"#0"},"east":{"uv":[0.48,2.48,1.52,3.52],"texture":"#0"}}},{"from":[8.0,2.0,8.5],"to":[9.0,2.5,9.5],"faces":{"down":{"uv":[14.48,0.4799995,15.52,1.52],"texture":"#0"},"up":{"uv":[14.48,0.4799995,15.52,1.52],"texture":"#0"},"north":{"uv":[14.48,0.4799995,15.52,1.52],"texture":"#0"},"south":{"uv":[14.48,0.4799995,15.52,1.52],"texture":"#0"},"east":{"uv":[14.48,0.4799995,15.52,1.52],"texture":"#0"}}},{"from":[8.0,2.5,8.5],"to":[8.5,4.0,9.0],"faces":{"up":{"uv":[14.48,0.4799995,15.52,1.52],"texture":"#0"},"north":{"uv":[14.48,0.4799995,15.52,1.52],"texture":"#0"},"south":{"uv":[14.48,0.4799995,15.52,1.52],"texture":"#0"},"west":{"uv":[14.48,0.4799995,15.52,1.52],"texture":"#0"},"east":{"uv":[14.48,0.4799995,15.52,1.52],"texture":"#0"}}},{"from":[8.0,3.0,10.0],"to":[8.5,3.5,10.5],"faces":{"down":{"uv":[0.48,2.48,1.52,3.52],"texture":"#0"},"south":{"uv":[0.48,2.48,1.52,3.52],"texture":"#0"},"west":{"uv":[0.48,2.48,1.52,3.52],"texture":"#0"},"east":{"uv":[0.48,2.48,1.52,3.52],"texture":"#0"}}},{"from":[8.0,3.5,10.0],"to":[8.5,6.0,10.5],"faces":{"north":{"uv":[14.48,0.4799995,15.52,1.52],"texture":"#0"},"south":{"uv":[14.48,0.4799995,15.52,1.52],"texture":"#0"},"west":{"uv":[14.48,0.4799995,15.52,1.52],"texture":"#0"},"east":{"uv":[14.48,0.4799995,15.52,1.52],"texture":"#0"}}},{"from":[8.0,4.0,9.0],"to":[8.5,6.5,9.5],"faces":{"north":{"uv":[14.48,0.4799995,15.52,1.52],"texture":"#0"},"south":{"uv":[14.48,0.4799995,15.52,1.52],"texture":"#0"},"west":{"uv":[14.48,0.4799995,15.52,1.52],"texture":"#0"},"east":{"uv":[14.48,0.4799995,15.52,1.52],"texture":"#0"}}},{"from":[8.0,6.0,8.5],"to":[8.5,7.5,9.0],"faces":{"down":{"uv":[14.48,0.4799995,15.52,1.52],"texture":"#0"},"north":{"uv":[14.48,0.4799995,15.52,1.52],"texture":"#0"},"south":{"uv":[14.48,0.4799995,15.52,1.52],"texture":"#0"},"west":{"uv":[14.48,0.4799995,15.52,1.52],"texture":"#0"},"east":{"uv":[14.48,0.4799995,15.52,1.52],"texture":"#0"}}},{"from":[8.0,6.0,10.0],"to":[8.5,7.0,10.5],"faces":{"north":{"uv":[0.48,2.48,1.52,3.52],"texture":"#0"},"south":{"uv":[0.48,2.48,1.52,3.52],"texture":"#0"},"west":{"uv":[0.48,2.48,1.52,3.52],"texture":"#0"},"east":{"uv":[0.48,2.48,1.52,3.52],"texture":"#0"}}},{"from":[8.0,7.0,10.0],"to":[8.5,7.5,10.5],"faces":{"up":{"uv":[14.48,0.4799995,15.52,1.52],"texture":"#0"},"south":{"uv":[14.48,0.4799995,15.52,1.52],"texture":"#0"},"west":{"uv":[14.48,0.4799995,15.52,1.52],"texture":"#0"},"east":{"uv":[14.48,0.4799995,15.52,1.52],"texture":"#0"}}},{"from":[8.0,8.0,8.0],"to":[8.5,8.5,8.5],"faces":{"down":{"uv":[0.48,2.48,1.52,3.52],"texture":"#0"},"north":{"uv":[0.48,2.48,1.52,3.52],"texture":"#0"},"west":{"uv":[0.48,2.48,1.52,3.52],"texture":"#0"},"east":{"uv":[0.48,2.48,1.52,3.52],"texture":"#0"}}},{"from":[8.0,8.0,9.5],"to":[8.5,8.5,10.0],"faces":{"south":{"uv":[14.48,0.4799995,15.52,1.52],"texture":"#0"},"west":{"uv":[14.48,0.4799995,15.52,1.52],"texture":"#0"},"east":{"uv":[14.48,0.4799995,15.52,1.52],"texture":"#0"}}},{"from":[8.0,8.5,5.0],"to":[8.5,9.0,5.5],"faces":{"down":{"uv":[4.48,0.4799995,5.52,1.52],"texture":"#0"},"north":{"uv":[4.48,0.4799995,5.52,1.52],"texture":"#0"},"south":{"uv":[4.48,0.4799995,5.52,1.52],"texture":"#0"},"west":{"uv":[4.48,0.4799995,5.52,1.52],"texture":"#0"},"east":{"uv":[4.48,0.4799995,5.52,1.52],"texture":"#0"}}},{"from":[8.0,8.5,9.5],"to":[8.5,9.5,10.0],"faces":{"up":{"uv":[0.48,2.48,1.52,3.52],"texture":"#0"},"north":{"uv":[0.48,2.48,1.52,3.52],"texture":"#0"},"south":{"uv":[0.48,2.48,1.52,3.52],"texture":"#0"},"west":{"uv":[0.48,2.48,1.52,3.52],"texture":"#0"},"east":{"uv":[0.48,2.48,1.52,3.52],"texture":"#0"}}},{"from":[8.0,9.0,5.0],"to":[8.5,9.5,5.5],"faces":{"up":{"uv":[12.48,0.4799995,13.52,1.52],"texture":"#0"},"north":{"uv":[12.48,0.4799995,13.52,1.52],"texture":"#0"},"west":{"uv":[12.48,0.4799995,13.52,1.52],"texture":"#0"},"east":{"uv":[12.48,0.4799995,13.52,1.52],"texture":"#0"}}},{"from":[8.0,9.0,5.5],"to":[8.5,10.0,6.0],"faces":{"down":{"uv":[8.48,0.4799995,9.52,1.52],"texture":"#0"},"up":{"uv":[8.48,0.4799995,9.52,1.52],"texture":"#0"},"north":{"uv":[8.48,0.4799995,9.52,1.52],"texture":"#0"},"south":{"uv":[8.48,0.4799995,9.52,1.52],"texture":"#0"},"west":{"uv":[8.48,0.4799995,9.52,1.52],"texture":"#0"},"east":{"uv":[8.48,0.4799995,9.52,1.52],"texture":"#0"}}},{"from":[8.0,9.0,6.0],"to":[8.5,9.5,6.5],"faces":{"down":{"uv":[8.48,0.4799995,9.52,1.52],"texture":"#0"},"south":{"uv":[8.48,0.4799995,9.52,1.52],"texture":"#0"},"west":{"uv":[8.48,0.4799995,9.52,1.52],"texture":"#0"},"east":{"uv":[8.48,0.4799995,9.52,1.52],"texture":"#0"}}},{"from":[8.0,9.0,7.5],"to":[8.5,9.5,8.0],"faces":{"down":{"uv":[14.48,0.4799995,15.52,1.52],"texture":"#0"},"north":{"uv":[14.48,0.4799995,15.52,1.52],"texture":"#0"},"west":{"uv":[14.48,0.4799995,15.52,1.52],"texture":"#0"},"east":{"uv":[14.48,0.4799995,15.52,1.52],"texture":"#0"}}},{"from":[8.0,9.5,6.5],"to":[8.5,10.0,7.5],"faces":{"down":{"uv":[14.48,0.4799995,15.52,1.52],"texture":"#0"},"up":{"uv":[14.48,0.4799995,15.52,1.52],"texture":"#0"},"west":{"uv":[14.48,0.4799995,15.52,1.52],"texture":"#0"},"east":{"uv":[14.48,0.4799995,15.52,1.52],"texture":"#0"}}},{"from":[8.0,9.5,9.0],"to":[8.5,10.0,9.5],"faces":{"south":{"uv":[14.48,2.48,15.52,3.52],"texture":"#0"}}},{"from":[8.0,10.0,6.0],"to":[8.5,10.5,6.5],"faces":{"up":{"uv":[10.48,0.4799995,11.52,1.52],"texture":"#0"},"north":{"uv":[10.48,0.4799995,11.52,1.52],"texture":"#0"}}},{"from":[8.0,10.0,9.0],"to":[8.5,10.5,9.5],"faces":{"south":{"uv":[14.48,0.4799995,15.52,1.52],"texture":"#0"},"west":{"uv":[14.48,0.4799995,15.52,1.52],"texture":"#0"},"east":{"uv":[14.48,0.4799995,15.52,1.52],"texture":"#0"}}},{"from":[8.0,10.5,6.5],"to":[8.5,11.0,7.0],"faces":{"north":{"uv":[8.48,0.4799995,9.52,1.52],"texture":"#0"}}},{"from":[8.0,11.0,6.0],"to":[8.5,11.5,6.5],"faces":{"down":{"uv":[12.48,0.4799995,13.52,1.52],"texture":"#0"},"north":{"uv":[12.48,0.4799995,13.52,1.52],"texture":"#0"}}},{"from":[8.0,11.0,7.5],"to":[8.5,12.0,8.0],"faces":{"north":{"uv":[4.48,0.4799995,5.52,1.52],"texture":"#0"},"south":{"uv":[4.48,0.4799995,5.52,1.52],"texture":"#0"}}},{"from":[8.0,11.0,9.5],"to":[8.5,11.5,10.0],"faces":{"down":{"uv":[12.48,0.4799995,13.52,1.52],"texture":"#0"},"south":{"uv":[12.48,0.4799995,13.52,1.52],"texture":"#0"},"west":{"uv":[12.48,0.4799995,13.52,1.52],"texture":"#0"},"east":{"uv":[12.48,0.4799995,13.52,1.52],"texture":"#0"}}},{"from":[8.0,11.5,9.0],"to":[8.5,12.0,9.5],"faces":{"west":{"uv":[8.48,2.48,9.52,3.52],"texture":"#0"},"east":{"uv":[8.48,2.48,9.52,3.52],"texture":"#0"}}},{"from":[8.0,11.5,9.5],"to":[8.5,12.0,10.0],"faces":{"up":{"uv":[2.48,0.4799995,3.52,1.52],"texture":"#0"},"south":{"uv":[2.48,0.4799995,3.52,1.52],"texture":"#0"},"west":{"uv":[2.48,0.4799995,3.52,1.52],"texture":"#0"},"east":{"uv":[2.48,0.4799995,3.52,1.52],"texture":"#0"}}},{"from":[8.0,12.0,5.0],"to":[8.5,12.5,5.5],"faces":{"down":{"uv":[2.48,0.4799995,3.52,1.52],"texture":"#0"},"north":{"uv":[2.48,0.4799995,3.52,1.52],"texture":"#0"}}},{"from":[8.0,12.0,7.0],"to":[8.5,12.5,8.0],"faces":{"down":{"uv":[8.48,0.4799995,9.52,1.52],"texture":"#0"},"up":{"uv":[8.48,0.4799995,9.52,1.52],"texture":"#0"},"west":{"uv":[8.48,0.4799995,9.52,1.52],"texture":"#0"},"east":{"uv":[8.48,0.4799995,9.52,1.52],"texture":"#0"}}},{"from":[8.0,12.0,9.0],"to":[8.5,12.5,9.5],"faces":{"up":{"uv":[0.48,4.48,1.52,5.52],"texture":"#0"},"south":{"uv":[0.48,4.48,1.52,5.52],"texture":"#0"},"west":{"uv":[0.48,4.48,1.52,5.52],"texture":"#0"},"east":{"uv":[0.48,4.48,1.52,5.52],"texture":"#0"}}},{"from":[8.0,12.5,5.0],"to":[8.5,13.0,5.5],"faces":{"north":{"uv":[10.48,0.4799995,11.52,1.52],"texture":"#0"}}},{"from":[8.0,12.5,6.0],"to":[8.5,13.0,7.0],"faces":{"up":{"uv":[6.48,0.4799995,7.52,1.52],"texture":"#0"},"west":{"uv":[6.48,0.4799995,7.52,1.52],"texture":"#0"},"east":{"uv":[6.48,0.4799995,7.52,1.52],"texture":"#0"}}},{"from":[8.0,12.5,8.0],"to":[8.5,13.0,9.0],"faces":{"down":{"uv":[2.48,4.48,3.52,5.52],"texture":"#0"},"up":{"uv":[2.48,4.48,3.52,5.52],"texture":"#0"},"south":{"uv":[2.48,4.48,3.52,5.52],"texture":"#0"},"west":{"uv":[2.48,4.48,3.52,5.52],"texture":"#0"},"east":{"uv":[2.48,4.48,3.52,5.52],"texture":"#0"}}},{"from":[8.0,13.0,5.0],"to":[8.5,13.5,5.5],"faces":{"north":{"uv":[6.48,0.4799995,7.52,1.52],"texture":"#0"}}},{"from":[8.0,13.0,8.0],"to":[8.5,13.5,8.5],"faces":{"south":{"uv":[12.48,2.48,13.52,3.52],"texture":"#0"},"west":{"uv":[12.48,2.48,13.52,3.52],"texture":"#0"},"east":{"uv":[12.48,2.48,13.52,3.52],"texture":"#0"}}},{"from":[8.0,13.5,5.0],"to":[8.5,14.0,5.5],"faces":{"north":{"uv":[4.48,2.48,5.52,3.52],"texture":"#0"},"west":{"uv":[4.48,2.48,5.52,3.52],"texture":"#0"},"east":{"uv":[4.48,2.48,5.52,3.52],"texture":"#0"}}},{"from":[8.0,13.5,5.5],"to":[8.5,14.5,6.0],"faces":{"north":{"uv":[8.48,0.4799995,9.52,1.52],"texture":"#0"},"south":{"uv":[8.48,0.4799995,9.52,1.52],"texture":"#0"}}},{"from":[8.0,13.5,8.0],"to":[8.5,14.0,8.5],"faces":{"up":{"uv":[10.48,2.48,11.52,3.52],"texture":"#0"},"south":{"uv":[10.48,2.48,11.52,3.52],"texture":"#0"},"west":{"uv":[10.48,2.48,11.52,3.52],"texture":"#0"},"east":{"uv":[10.48,2.48,11.52,3.52],"texture":"#0"}}},{"from":[8.0,14.0,4.5],"to":[8.5,16.0,5.0],"faces":{"down":{"uv":[2.48,2.48,3.52,3.52],"texture":"#0"},"up":{"uv":[2.48,2.48,3.52,3.52],"texture":"#0"},"north":{"uv":[2.48,2.48,3.52,3.52],"texture":"#0"},"south":{"uv":[2.48,2.48,3.52,3.52],"texture":"#0"},"west":{"uv":[2.48,2.48,3.52,3.52],"texture":"#0"},"east":{"uv":[2.48,2.48,3.52,3.52],"texture":"#0"}}},{"from":[8.0,14.0,5.0],"to":[8.5,15.0,5.5],"faces":{"south":{"uv":[6.48,2.48,7.52,3.52],"texture":"#0"},"west":{"uv":[6.48,2.48,7.52,3.52],"texture":"#0"},"east":{"uv":[6.48,2.48,7.52,3.52],"texture":"#0"}}},{"from":[8.0,14.0,7.0],"to":[8.5,15.0,7.5],"faces":{"north":{"uv":[10.48,0.4799995,11.52,1.52],"texture":"#0"}}},{"from":[8.0,14.0,7.5],"to":[8.5,15.0,8.0],"faces":{"south":{"uv":[8.48,2.48,9.52,3.52],"texture":"#0"},"west":{"uv":[8.48,2.48,9.52,3.52],"texture":"#0"},"east":{"uv":[8.48,2.48,9.52,3.52],"texture":"#0"}}},{"from":[8.0,14.0,9.0],"to":[8.5,14.5,9.5],"faces":{"down":{"uv":[10.48,2.48,11.52,3.52],"texture":"#0"},"up":{"uv":[10.48,2.48,11.52,3.52],"texture":"#0"},"north":{"uv":[10.48,2.48,11.52,3.52],"texture":"#0"},"south":{"uv":[10.48,2.48,11.52,3.52],"texture":"#0"},"west":{"uv":[10.48,2.48,11.52,3.52],"texture":"#0"},"east":{"uv":[10.48,2.48,11.52,3.52],"texture":"#0"}}},{"from":[8.0,14.5,8.0],"to":[8.5,15.0,9.0],"faces":{"down":{"uv":[0.48,4.48,1.52,5.52],"texture":"#0"},"up":{"uv":[0.48,4.48,1.52,5.52],"texture":"#0"},"south":{"uv":[0.48,4.48,1.52,5.52],"texture":"#0"},"west":{"uv":[0.48,4.48,1.52,5.52],"texture":"#0"},"east":{"uv":[0.48,4.48,1.52,5.52],"texture":"#0"}}},{"from":[8.0,15.0,5.0],"to":[8.5,18.0,5.5],"faces":{"up":{"uv":[2.48,2.48,3.52,3.52],"texture":"#0"},"north":{"uv":[2.48,2.48,3.52,3.52],"texture":"#0"},"south":{"uv":[2.48,2.48,3.52,3.52],"texture":"#0"},"west":{"uv":[2.48,2.48,3.52,3.52],"texture":"#0"},"east":{"uv":[2.48,2.48,3.52,3.52],"texture":"#0"}}},{"from":[8.0,15.0,7.0],"to":[8.5,15.5,7.5],"faces":{"west":{"uv":[8.48,2.48,9.52,3.52],"texture":"#0"},"east":{"uv":[8.48,2.48,9.52,3.52],"texture":"#0"}}},{"from":[8.0,15.0,7.5],"to":[8.5,15.5,8.0],"faces":{"west":{"uv":[10.48,2.48,11.52,3.52],"texture":"#0"},"east":{"uv":[10.48,2.48,11.52,3.52],"texture":"#0"}}},{"from":[8.0,15.0,8.0],"to":[8.5,15.5,8.5],"faces":{"up":{"uv":[12.48,2.48,13.52,3.52],"texture":"#0"},"south":{"uv":[12.48,2.48,13.52,3.52],"texture":"#0"},"west":{"uv":[12.48,2.48,13.52,3.52],"texture":"#0"},"east":{"uv":[12.48,2.48,13.52,3.52],"texture":"#0"}}},{"from":[8.0,15.5,5.5],"to":[8.5,16.0,6.0],"faces":{"west":{"uv":[4.48,2.48,5.52,3.52],"texture":"#0"},"east":{"uv":[4.48,2.48,5.52,3.52],"texture":"#0"}}},{"from":[8.0,15.5,7.0],"to":[8.5,16.0,8.0],"faces":{"down":{"uv":[12.48,2.48,13.52,3.52],"texture":"#0"},"up":{"uv":[12.48,2.48,13.52,3.52],"texture":"#0"},"south":{"uv":[12.48,2.48,13.52,3.52],"texture":"#0"},"west":{"uv":[12.48,2.48,13.52,3.52],"texture":"#0"},"east":{"uv":[12.48,2.48,13.52,3.52],"texture":"#0"}}},{"from":[8.0,16.0,5.5],"to":[8.5,17.0,6.0],"faces":{"south":{"uv":[6.48,2.48,7.52,3.52],"texture":"#0"},"west":{"uv":[6.48,2.48,7.52,3.52],"texture":"#0"},"east":{"uv":[6.48,2.48,7.52,3.52],"texture":"#0"}}},{"from":[8.0,16.0,7.0],"to":[8.5,16.5,7.5],"faces":{"west":{"uv":[0.48,4.48,1.52,5.52],"texture":"#0"},"east":{"uv":[0.48,4.48,1.52,5.52],"texture":"#0"}}},{"from":[8.0,16.0,7.5],"to":[8.5,16.5,8.0],"faces":{"south":{"uv":[2.48,4.48,3.52,5.52],"texture":"#0"},"west":{"uv":[2.48,4.48,3.52,5.52],"texture":"#0"},"east":{"uv":[2.48,4.48,3.52,5.52],"texture":"#0"}}},{"from":[8.0,16.0,9.0],"to":[8.5,16.5,9.5],"faces":{"down":{"uv":[4.48,4.48,5.52,5.52],"texture":"#0"},"up":{"uv":[4.48,4.48,5.52,5.52],"texture":"#0"},"north":{"uv":[4.48,4.48,5.52,5.52],"texture":"#0"},"south":{"uv":[4.48,4.48,5.52,5.52],"texture":"#0"},"west":{"uv":[4.48,4.48,5.52,5.52],"texture":"#0"},"east":{"uv":[4.48,4.48,5.52,5.52],"texture":"#0"}}},{"from":[8.0,16.5,6.0],"to":[8.5,17.0,6.5],"faces":{"west":{"uv":[4.48,2.48,5.52,3.52],"texture":"#0"},"east":{"uv":[4.48,2.48,5.52,3.52],"texture":"#0"}}},{"from":[8.0,16.5,7.0],"to":[8.5,17.0,7.5],"faces":{"west":{"uv":[4.48,4.48,5.52,5.52],"texture":"#0"},"east":{"uv":[4.48,4.48,5.52,5.52],"texture":"#0"}}},{"from":[8.0,16.5,7.5],"to":[8.5,17.0,8.0],"faces":{"west":{"uv":[10.48,2.48,11.52,3.52],"texture":"#0"},"east":{"uv":[10.48,2.48,11.52,3.52],"texture":"#0"}}},{"from":[8.0,16.5,8.0],"to":[8.5,17.0,8.5],"faces":{"down":{"uv":[12.48,2.48,13.52,3.52],"texture":"#0"},"west":{"uv":[12.48,2.48,13.52,3.52],"texture":"#0"},"east":{"uv":[12.48,2.48,13.52,3.52],"texture":"#0"}}},{"from":[8.0,16.5,8.5],"to":[8.5,17.0,9.0],"faces":{"down":{"uv":[2.48,4.48,3.52,5.52],"texture":"#0"},"up":{"uv":[2.48,4.48,3.52,5.52],"texture":"#0"},"south":{"uv":[2.48,4.48,3.52,5.52],"texture":"#0"},"west":{"uv":[2.48,4.48,3.52,5.52],"texture":"#0"},"east":{"uv":[2.48,4.48,3.52,5.52],"texture":"#0"}}},{"from":[8.0,17.0,5.5],"to":[8.5,20.5,6.0],"faces":{"north":{"uv":[2.48,2.48,3.52,3.52],"texture":"#0"},"south":{"uv":[2.48,2.48,3.52,3.52],"texture":"#0"},"west":{"uv":[2.48,2.48,3.52,3.52],"texture":"#0"},"east":{"uv":[2.48,2.48,3.52,3.52],"texture":"#0"}}},{"from":[8.0,17.0,6.0],"to":[8.5,17.5,6.5],"faces":{"west":{"uv":[6.48,2.48,7.52,3.52],"texture":"#0"},"east":{"uv":[6.48,2.48,7.52,3.52],"texture":"#0"}}},{"from":[8.0,17.0,7.0],"to":[8.5,17.5,8.0],"faces":{"down":{"uv":[0.48,4.48,1.52,5.52],"texture":"#0"},"up":{"uv":[0.48,4.48,1.52,5.52],"texture":"#0"},"west":{"uv":[0.48,4.48,1.52,5.52],"texture":"#0"},"east":{"uv":[0.48,4.48,1.52,5.52],"texture":"#0"}}},{"from":[8.0,17.0,8.0],"to":[8.5,17.5,8.5],"faces":{"south":{"uv":[10.48,2.48,11.52,3.52],"texture":"#0"},"west":{"uv":[10.48,2.48,11.52,3.52],"texture":"#0"},"east":{"uv":[10.48,2.48,11.52,3.52],"texture":"#0"}}},{"from":[8.0,17.5,7.5],"to":[8.5,18.0,8.0],"faces":{"west":{"uv":[12.48,2.48,13.52,3.52],"texture":"#0"},"east":{"uv":[12.48,2.48,13.52,3.52],"texture":"#0"}}},{"from":[8.0,17.5,8.0],"to":[8.5,18.5,8.5],"faces":{"north":{"uv":[0.48,4.48,1.52,5.52],"texture":"#0"},"south":{"uv":[0.48,4.48,1.52,5.52],"texture":"#0"},"west":{"uv":[0.48,4.48,1.52,5.52],"texture":"#0"},"east":{"uv":[0.48,4.48,1.52,5.52],"texture":"#0"}}},{"from":[8.0,18.0,7.5],"to":[8.5,18.5,8.0],"faces":{"west":{"uv":[4.48,4.48,5.52,5.52],"texture":"#0"},"east":{"uv":[4.48,4.48,5.52,5.52],"texture":"#0"}}},{"from":[8.0,18.5,6.0],"to":[8.5,19.0,6.5],"faces":{"west":{"uv":[6.48,2.48,7.52,3.52],"texture":"#0"},"east":{"uv":[6.48,2.48,7.52,3.52],"texture":"#0"}}},{"from":[8.0,18.5,6.5],"to":[8.5,19.0,7.5],"faces":{"down":{"uv":[12.48,0.4799995,13.52,1.52],"texture":"#0"},"up":{"uv":[12.48,0.4799995,13.52,1.52],"texture":"#0"}}},{"from":[8.0,18.5,7.5],"to":[8.5,19.0,8.0],"faces":{"west":{"uv":[10.48,2.48,11.52,3.52],"texture":"#0"},"east":{"uv":[10.48,2.48,11.52,3.52],"texture":"#0"}}},{"from":[8.0,18.5,8.0],"to":[8.5,19.5,8.5],"faces":{"north":{"uv":[4.48,4.48,5.52,5.52],"texture":"#0"},"south":{"uv":[4.48,4.48,5.52,5.52],"texture":"#0"},"west":{"uv":[4.48,4.48,5.52,5.52],"texture":"#0"},"east":{"uv":[4.48,4.48,5.52,5.52],"texture":"#0"}}},{"from":[8.0,19.0,5.0],"to":[8.5,20.5,5.5],"faces":{"down":{"uv":[2.48,2.48,3.52,3.52],"texture":"#0"},"north":{"uv":[2.48,2.48,3.52,3.52],"texture":"#0"},"west":{"uv":[2.48,2.48,3.52,3.52],"texture":"#0"},"east":{"uv":[2.48,2.48,3.52,3.52],"texture":"#0"}}},{"from":[8.0,19.0,6.0],"to":[8.5,20.0,6.5],"faces":{"south":{"uv":[2.48,2.48,3.52,3.52],"texture":"#0"},"west":{"uv":[2.48,2.48,3.52,3.52],"texture":"#0"},"east":{"uv":[2.48,2.48,3.52,3.52],"texture":"#0"}}},{"from":[8.0,19.0,6.5],"to":[8.5,19.5,7.0],"faces":{"west":{"uv":[4.48,2.48,5.52,3.52],"texture":"#0"},"east":{"uv":[4.48,2.48,5.52,3.52],"texture":"#0"}}},{"from":[8.0,19.0,8.5],"to":[8.5,19.5,9.0],"faces":{"down":{"uv":[10.48,2.48,11.52,3.52],"texture":"#0"},"south":{"uv":[10.48,2.48,11.52,3.52],"texture":"#0"},"west":{"uv":[10.48,2.48,11.52,3.52],"texture":"#0"},"east":{"uv":[10.48,2.48,11.52,3.52],"texture":"#0"}}},{"from":[8.0,19.5,6.5],"to":[8.5,20.0,7.0],"faces":{"west":{"uv":[6.48,2.48,7.52,3.52],"texture":"#0"},"east":{"uv":[6.48,2.48,7.52,3.52],"texture":"#0"}}},{"from":[8.0,19.5,8.0],"to":[8.5,20.0,9.0],"faces":{"down":{"uv":[2.48,4.48,3.52,5.52],"texture":"#0"},"up":{"uv":[2.48,4.48,3.52,5.52],"texture":"#0"},"south":{"uv":[2.48,4.48,3.52,5.52],"texture":"#0"},"west":{"uv":[2.48,4.48,3.52,5.52],"texture":"#0"},"east":{"uv":[2.48,4.48,3.52,5.52],"texture":"#0"}}},{"from":[8.0,20.0,6.0],"to":[8.5,20.5,6.5],"faces":{"west":{"uv":[6.48,2.48,7.52,3.52],"texture":"#0"},"east":{"uv":[6.48,2.48,7.52,3.52],"texture":"#0"}}},{"from":[8.0,20.0,8.0],"to":[8.5,20.5,8.5],"faces":{"west":{"uv":[8.48,2.48,9.52,3.52],"texture":"#0"},"east":{"uv":[8.48,2.48,9.52,3.52],"texture":"#0"}}},{"from":[8.0,20.0,8.5],"to":[8.5,20.5,9.0],"faces":{"west":{"uv":[2.48,4.48,3.52,5.52],"texture":"#0"},"east":{"uv":[2.48,4.48,3.52,5.52],"texture":"#0"}}},{"from":[8.0,20.0,9.0],"to":[8.5,20.5,9.5],"faces":{"down":{"uv":[10.48,2.48,11.52,3.52],"texture":"#0"},"south":{"uv":[10.48,2.48,11.52,3.52],"texture":"#0"},"west":{"uv":[10.48,2.48,11.52,3.52],"texture":"#0"},"east":{"uv":[10.48,2.48,11.52,3.52],"texture":"#0"}}},{"from":[8.0,20.5,4.0],"to":[8.5,21.0,4.5],"faces":{"down":{"uv":[8.48,0.4799995,9.52,1.52],"texture":"#0"},"north":{"uv":[8.48,0.4799995,9.52,1.52],"texture":"#0"}}},{"from":[8.0,20.5,5.5],"to":[8.5,21.0,6.0],"faces":{"west":{"uv":[4.48,2.48,5.52,3.52],"texture":"#0"},"east":{"uv":[4.48,2.48,5.52,3.52],"texture":"#0"}}},{"from":[8.0,20.5,8.5],"to":[8.5,21.0,9.0],"faces":{"west":{"uv":[12.48,2.48,13.52,3.52],"texture":"#0"},"east":{"uv":[12.48,2.48,13.52,3.52],"texture":"#0"}}},{"from":[8.0,20.5,9.0],"to":[8.5,21.0,9.5],"faces":{"south":{"uv":[8.48,2.48,9.52,3.52],"texture":"#0"},"west":{"uv":[8.48,2.48,9.52,3.52],"texture":"#0"},"east":{"uv":[8.48,2.48,9.52,3.52],"texture":"#0"}}},{"from":[8.0,21.0,4.0],"to":[8.5,21.5,4.5],"faces":{"north":{"uv":[2.48,0.4799995,3.52,1.52],"texture":"#0"}}},{"from":[8.0,21.0,5.5],"to":[8.5,22.0,6.0],"faces":{"north":{"uv":[12.48,0.4799995,13.52,1.52],"texture":"#0"},"south":{"uv":[12.48,0.4799995,13.52,1.52],"texture":"#0"},"west":{"uv":[12.48,0.4799995,13.52,1.52],"texture":"#0"},"east":{"uv":[12.48,0.4799995,13.52,1.52],"texture":"#0"}}},{"from":[8.0,21.0,6.5],"to":[8.5,22.0,7.0],"faces":{"north":{"uv":[6.48,0.4799995,7.52,1.52],"texture":"#0"},"south":{"uv":[6.48,0.4799995,7.52,1.52],"texture":"#0"},"west":{"uv":[6.48,0.4799995,7.52,1.52],"texture":"#0"},"east":{"uv":[6.48,0.4799995,7.52,1.52],"texture":"#0"}}},{"from":[8.0,21.0,8.5],"to":[9.0,21.5,9.0],"faces":{"down":{"uv":[10.48,0.4799995,11.52,1.52],"texture":"#0"},"north":{"uv":[10.48,0.4799995,11.52,1.52],"texture":"#0"},"south":{"uv":[10.48,0.4799995,11.52,1.52],"texture":"#0"},"east":{"uv":[10.48,0.4799995,11.52,1.52],"texture":"#0"}}},{"from":[8.0,21.0,9.0],"to":[8.5,21.5,9.5],"faces":{"west":{"uv":[0.48,4.48,1.52,5.52],"texture":"#0"},"east":{"uv":[0.48,4.48,1.52,5.52],"texture":"#0"}}},{"from":[8.0,21.0,9.5],"to":[8.5,22.0,10.0],"faces":{"down":{"uv":[4.48,4.48,5.52,5.52],"texture":"#0"},"north":{"uv":[4.48,4.48,5.52,5.52],"texture":"#0"},"south":{"uv":[4.48,4.48,5.52,5.52],"texture":"#0"},"west":{"uv":[4.48,4.48,5.52,5.52],"texture":"#0"},"east":{"uv":[4.48,4.48,5.52,5.52],"texture":"#0"}}},{"from":[8.0,21.5,3.5],"to":[8.5,22.0,4.0],"faces":{"down":{"uv":[2.48,2.48,3.52,3.52],"texture":"#0"},"north":{"uv":[2.48,2.48,3.52,3.52],"texture":"#0"},"west":{"uv":[2.48,2.48,3.52,3.52],"texture":"#0"},"east":{"uv":[2.48,2.48,3.52,3.52],"texture":"#0"}}},{"from":[8.0,21.5,4.5],"to":[8.5,22.5,5.0],"faces":{"north":{"uv":[8.48,0.4799995,9.52,1.52],"texture":"#0"},"west":{"uv":[8.48,0.4799995,9.52,1.52],"texture":"#0"},"east":{"uv":[8.48,0.4799995,9.52,1.52],"texture":"#0"}}},{"from":[8.0,21.5,7.5],"to":[8.5,22.5,8.0],"faces":{"north":{"uv":[2.48,0.4799995,3.52,1.52],"texture":"#0"},"west":{"uv":[2.48,0.4799995,3.52,1.52],"texture":"#0"},"east":{"uv":[2.48,0.4799995,3.52,1.52],"texture":"#0"}}},{"from":[8.0,21.5,9.0],"to":[8.5,22.0,9.5],"faces":{"west":{"uv":[8.48,2.48,9.52,3.52],"texture":"#0"},"east":{"uv":[8.48,2.48,9.52,3.52],"texture":"#0"}}},{"from":[8.0,21.5,10.0],"to":[8.5,22.0,10.5],"faces":{"down":{"uv":[0.48,4.48,1.52,5.52],"texture":"#0"},"south":{"uv":[0.48,4.48,1.52,5.52],"texture":"#0"},"west":{"uv":[0.48,4.48,1.52,5.52],"texture":"#0"},"east":{"uv":[0.48,4.48,1.52,5.52],"texture":"#0"}}},{"from":[8.0,22.0,3.5],"to":[8.5,22.5,4.0],"faces":{"north":{"uv":[10.48,0.4799995,11.52,1.52],"texture":"#0"}}},{"from":[8.0,22.0,6.0],"to":[8.5,22.5,7.0],"faces":{"down":{"uv":[6.48,2.48,7.52,3.52],"texture":"#0"},"west":{"uv":[6.48,2.48,7.52,3.52],"texture":"#0"},"east":{"uv":[6.48,2.48,7.52,3.52],"texture":"#0"}}},{"from":[8.0,22.0,7.0],"to":[8.5,22.5,7.5],"faces":{"west":{"uv":[4.48,2.48,5.52,3.52],"texture":"#0"},"east":{"uv":[4.48,2.48,5.52,3.52],"texture":"#0"}}},{"from":[8.0,22.0,10.0],"to":[8.5,22.5,10.5],"faces":{"west":{"uv":[2.48,4.48,3.52,5.52],"texture":"#0"},"east":{"uv":[2.48,4.48,3.52,5.52],"texture":"#0"}}},{"from":[8.0,22.0,10.5],"to":[8.5,22.5,11.0],"faces":{"down":{"uv":[4.48,4.48,5.52,5.52],"texture":"#0"},"south":{"uv":[4.48,4.48,5.52,5.52],"texture":"#0"},"west":{"uv":[4.48,4.48,5.52,5.52],"texture":"#0"},"east":{"uv":[4.48,4.48,5.52,5.52],"texture":"#0"}}},{"from":[8.0,22.5,3.0],"to":[8.5,23.5,3.5],"faces":{"down":{"uv":[2.48,2.48,3.52,3.52],"texture":"#0"},"up":{"uv":[2.48,2.48,3.52,3.52],"texture":"#0"},"north":{"uv":[2.48,2.48,3.52,3.52],"texture":"#0"},"south":{"uv":[2.48,2.48,3.52,3.52],"texture":"#0"},"west":{"uv":[2.48,2.48,3.52,3.52],"texture":"#0"},"east":{"uv":[2.48,2.48,3.52,3.52],"texture":"#0"}}},{"from":[8.0,22.5,4.5],"to":[8.5,23.0,7.0],"faces":{"down":{"uv":[2.48,2.48,3.52,3.52],"texture":"#0"},"up":{"uv":[2.48,2.48,3.52,3.52],"texture":"#0"},"west":{"uv":[2.48,2.48,3.52,3.52],"texture":"#0"},"east":{"uv":[2.48,2.48,3.52,3.52],"texture":"#0"}}},{"from":[8.0,22.5,7.0],"to":[8.5,23.0,8.0],"faces":{"down":{"uv":[6.48,2.48,7.52,3.52],"texture":"#0"},"west":{"uv":[6.48,2.48,7.52,3.52],"texture":"#0"},"east":{"uv":[6.48,2.48,7.52,3.52],"texture":"#0"}}},{"from":[8.0,22.5,8.0],"to":[8.5,23.0,8.5],"faces":{"west":{"uv":[4.48,2.48,5.52,3.52],"texture":"#0"},"east":{"uv":[4.48,2.48,5.52,3.52],"texture":"#0"}}},{"from":[8.0,22.5,9.0],"to":[8.5,23.0,10.0],"faces":{"down":{"uv":[12.48,0.4799995,13.52,1.52],"texture":"#0"},"west":{"uv":[12.48,0.4799995,13.52,1.52],"texture":"#0"},"east":{"uv":[12.48,0.4799995,13.52,1.52],"texture":"#0"}}},{"from":[8.0,22.5,11.0],"to":[8.5,23.0,11.5],"faces":{"down":{"uv":[0.48,4.48,1.52,5.52],"texture":"#0"},"south":{"uv":[0.48,4.48,1.52,5.52],"texture":"#0"},"west":{"uv":[0.48,4.48,1.52,5.52],"texture":"#0"},"east":{"uv":[0.48,4.48,1.52,5.52],"texture":"#0"}}},{"from":[8.0,23.0,3.5],"to":[8.5,23.5,4.5],"faces":{"down":{"uv":[2.48,2.48,3.52,3.52],"texture":"#0"},"up":{"uv":[2.48,2.48,3.52,3.52],"texture":"#0"},"south":{"uv":[2.48,2.48,3.52,3.52],"texture":"#0"},"west":{"uv":[2.48,2.48,3.52,3.52],"texture":"#0"},"east":{"uv":[2.48,2.48,3.52,3.52],"texture":"#0"}}},{"from":[8.0,23.0,6.0],"to":[8.5,23.5,8.5],"faces":{"down":{"uv":[2.48,2.48,3.52,3.52],"texture":"#0"},"up":{"uv":[2.48,2.48,3.52,3.52],"texture":"#0"},"north":{"uv":[2.48,2.48,3.52,3.52],"texture":"#0"},"west":{"uv":[2.48,2.48,3.52,3.52],"texture":"#0"},"east":{"uv":[2.48,2.48,3.52,3.52],"texture":"#0"}}},{"from":[8.0,23.0,8.5],"to":[8.5,23.5,9.0],"faces":{"west":{"uv":[6.48,2.48,7.52,3.52],"texture":"#0"},"east":{"uv":[6.48,2.48,7.52,3.52],"texture":"#0"}}},{"from":[8.0,23.0,11.0],"to":[9.0,23.5,11.5],"faces":{"down":{"uv":[6.48,0.4799995,7.52,1.52],"texture":"#0"},"up":{"uv":[6.48,0.4799995,7.52,1.52],"texture":"#0"},"north":{"uv":[6.48,0.4799995,7.52,1.52],"texture":"#0"},"south":{"uv":[6.48,0.4799995,7.52,1.52],"texture":"#0"},"east":{"uv":[6.48,0.4799995,7.52,1.52],"texture":"#0"}}},{"from":[8.0,23.5,7.0],"to":[8.5,24.0,9.0],"faces":{"down":{"uv":[2.48,2.48,3.52,3.52],"texture":"#0"},"up":{"uv":[2.48,2.48,3.52,3.52],"texture":"#0"},"north":{"uv":[2.48,2.48,3.52,3.52],"texture":"#0"},"west":{"uv":[2.48,2.48,3.52,3.52],"texture":"#0"},"east":{"uv":[2.48,2.48,3.52,3.52],"texture":"#0"}}},{"from":[8.0,23.5,9.0],"to":[8.5,24.0,9.5],"faces":{"west":{"uv":[6.48,2.48,7.52,3.52],"texture":"#0"},"east":{"uv":[6.48,2.48,7.52,3.52],"texture":"#0"}}},{"from":[8.0,23.5,9.5],"to":[8.5,24.0,10.0],"faces":{"west":{"uv":[4.48,2.48,5.52,3.52],"texture":"#0"},"east":{"uv":[4.48,2.48,5.52,3.52],"texture":"#0"}}},{"from":[8.0,23.5,11.5],"to":[8.5,24.0,12.0],"faces":{"down":{"uv":[4.48,0.4799995,5.52,1.52],"texture":"#0"},"south":{"uv":[4.48,0.4799995,5.52,1.52],"texture":"#0"}}},{"from":[8.0,24.0,8.0],"to":[8.5,24.5,9.5],"faces":{"down":{"uv":[2.48,2.48,3.52,3.52],"texture":"#0"},"up":{"uv":[2.48,2.48,3.52,3.52],"texture":"#0"},"north":{"uv":[2.48,2.48,3.52,3.52],"texture":"#0"},"west":{"uv":[2.48,2.48,3.52,3.52],"texture":"#0"},"east":{"uv":[2.48,2.48,3.52,3.52],"texture":"#0"}}},{"from":[8.0,24.0,12.0],"to":[8.5,24.5,12.5],"faces":{"down":{"uv":[12.48,0.4799995,13.52,1.52],"texture":"#0"},"south":{"uv":[12.48,0.4799995,13.52,1.52],"texture":"#0"},"west":{"uv":[12.48,0.4799995,13.52,1.52],"texture":"#0"},"east":{"uv":[12.48,0.4799995,13.52,1.52],"texture":"#0"}}},{"from":[8.0,24.5,9.5],"to":[8.5,25.0,11.0],"faces":{"down":{"uv":[2.48,2.48,3.52,3.52],"texture":"#0"},"up":{"uv":[2.48,2.48,3.52,3.52],"texture":"#0"},"north":{"uv":[2.48,2.48,3.52,3.52],"texture":"#0"},"west":{"uv":[2.48,2.48,3.52,3.52],"texture":"#0"},"east":{"uv":[2.48,2.48,3.52,3.52],"texture":"#0"}}},{"from":[8.0,24.5,12.5],"to":[8.5,25.0,13.0],"faces":{"down":{"uv":[8.48,0.4799995,9.52,1.52],"texture":"#0"},"south":{"uv":[8.48,0.4799995,9.52,1.52],"texture":"#0"}}},{"from":[8.0,25.0,11.0],"to":[8.5,25.5,12.5],"faces":{"down":{"uv":[2.48,2.48,3.52,3.52],"texture":"#0"},"up":{"uv":[2.48,2.48,3.52,3.52],"texture":"#0"},"north":{"uv":[2.48,2.48,3.52,3.52],"texture":"#0"},"west":{"uv":[2.48,2.48,3.52,3.52],"texture":"#0"},"east":{"uv":[2.48,2.48,3.52,3.52],"texture":"#0"}}},{"from":[8.0,25.0,13.0],"to":[8.5,26.0,14.0],"faces":{"down":{"uv":[2.48,2.48,3.52,3.52],"texture":"#0"},"up":{"uv":[2.48,2.48,3.52,3.52],"texture":"#0"},"north":{"uv":[2.48,2.48,3.52,3.52],"texture":"#0"},"south":{"uv":[2.48,2.48,3.52,3.52],"texture":"#0"},"west":{"uv":[2.48,2.48,3.52,3.52],"texture":"#0"},"east":{"uv":[2.48,2.48,3.52,3.52],"texture":"#0"}}},{"from":[8.0,25.5,12.5],"to":[8.5,26.0,13.0],"faces":{"up":{"uv":[2.48,2.48,3.52,3.52],"texture":"#0"},"north":{"uv":[2.48,2.48,3.52,3.52],"texture":"#0"},"west":{"uv":[2.48,2.48,3.52,3.52],"texture":"#0"},"east":{"uv":[2.48,2.48,3.52,3.52],"texture":"#0"}}},{"from":[8.0,25.5,14.0],"to":[8.5,26.0,15.0],"faces":{"down":{"uv":[2.48,2.48,3.52,3.52],"texture":"#0"},"up":{"uv":[2.48,2.48,3.52,3.52],"texture":"#0"},"south":{"uv":[2.48,2.48,3.52,3.52],"texture":"#0"},"west":{"uv":[2.48,2.48,3.52,3.52],"texture":"#0"},"east":{"uv":[2.48,2.48,3.52,3.52],"texture":"#0"}}},{"from":[8.5,0.0,9.5],"to":[9.0,0.5,10.0],"faces":{"down":{"uv":[4.48,0.4799995,5.52,1.52],"texture":"#0"},"north":{"uv":[4.48,0.4799995,5.52,1.52],"texture":"#0"},"east":{"uv":[4.48,0.4799995,5.52,1.52],"texture":"#0"}}},{"from":[8.5,0.0,10.0],"to":[9.0,1.0,10.5],"faces":{"down":{"uv":[6.48,0.4799995,7.52,1.52],"texture":"#0"},"up":{"uv":[6.48,0.4799995,7.52,1.52],"texture":"#0"},"north":{"uv":[6.48,0.4799995,7.52,1.52],"texture":"#0"},"south":{"uv":[6.48,0.4799995,7.52,1.52],"texture":"#0"},"east":{"uv":[6.48,0.4799995,7.52,1.52],"texture":"#0"}}},{"from":[8.5,0.5,8.5],"to":[9.0,1.0,9.0],"faces":{"down":{"uv":[8.48,0.4799995,9.52,1.52],"texture":"#0"},"east":{"uv":[8.48,0.4799995,9.52,1.52],"texture":"#0"}}},{"from":[8.5,0.5,10.5],"to":[9.0,1.0,11.0],"faces":{"down":{"uv":[4.48,0.4799995,5.52,1.52],"texture":"#0"},"up":{"uv":[4.48,0.4799995,5.52,1.52],"texture":"#0"},"south":{"uv":[4.48,0.4799995,5.52,1.52],"texture":"#0"},"east":{"uv":[4.48,0.4799995,5.52,1.52],"texture":"#0"}}},{"from":[8.5,1.0,7.5],"to":[9.0,1.5,8.0],"faces":{"down":{"uv":[2.48,0.4799995,3.52,1.52],"texture":"#0"},"up":{"uv":[2.48,0.4799995,3.52,1.52],"texture":"#0"},"east":{"uv":[2.48,0.4799995,3.52,1.52],"texture":"#0"}}},{"from":[8.5,1.0,8.0],"to":[9.0,1.5,8.5],"faces":{"up":{"uv":[6.48,0.4799995,7.52,1.52],"texture":"#0"},"east":{"uv":[6.48,0.4799995,7.52,1.52],"texture":"#0"}}},{"from":[8.5,1.0,9.0],"to":[9.0,1.5,9.5],"faces":{"east":{"uv":[12.48,0.4799995,13.52,1.52],"texture":"#0"}}},{"from":[8.5,1.0,9.5],"to":[9.0,1.5,10.0],"faces":{"up":{"uv":[2.48,0.4799995,3.52,1.52],"texture":"#0"},"south":{"uv":[2.48,0.4799995,3.52,1.52],"texture":"#0"},"east":{"uv":[2.48,0.4799995,3.52,1.52],"texture":"#0"}}},{"from":[8.5,1.5,8.5],"to":[9.0,2.0,9.5],"faces":{"down":{"uv":[14.48,0.4799995,15.52,1.52],"texture":"#0"},"north":{"uv":[14.48,0.4799995,15.52,1.52],"texture":"#0"},"south":{"uv":[14.48,0.4799995,15.52,1.52],"texture":"#0"},"west":{"uv":[14.48,0.4799995,15.52,1.52],"texture":"#0"},"east":{"uv":[14.48,0.4799995,15.52,1.52],"texture":"#0"}}},{"from":[8.5,2.5,8.5],"to":[9.0,3.0,9.5],"faces":{"up":{"uv":[0.48,2.48,1.52,3.52],"texture":"#0"},"north":{"uv":[0.48,2.48,1.52,3.52],"texture":"#0"},"west":{"uv":[0.48,2.48,1.52,3.52],"texture":"#0"},"east":{"uv":[0.48,2.48,1.52,3.52],"texture":"#0"}}},{"from":[8.5,3.0,9.5],"to":[9.0,3.5,10.0],"faces":{"south":{"uv":[0.48,2.48,1.52,3.52],"texture":"#0"},"east":{"uv":[0.48,2.48,1.52,3.52],"texture":"#0"}}},{"from":[8.5,5.5,9.0],"to":[9.0,6.5,9.5],"faces":{"down":{"uv":[0.48,2.48,1.52,3.52],"texture":"#0"},"north":{"uv":[0.48,2.48,1.52,3.52],"texture":"#0"},"south":{"uv":[0.48,2.48,1.52,3.52],"texture":"#0"},"east":{"uv":[0.48,2.48,1.52,3.52],"texture":"#0"}}},{"from":[8.5,6.0,9.5],"to":[9.0,6.5,10.0],"faces":{"south":{"uv":[0.48,2.48,1.52,3.52],"texture":"#0"},"east":{"uv":[0.48,2.48,1.52,3.52],"texture":"#0"}}},{"from":[8.5,8.0,8.5],"to":[9.0,8.5,9.0],"faces":{"north":{"uv":[0.48,2.48,1.52,3.52],"texture":"#0"},"east":{"uv":[0.48,2.48,1.52,3.52],"texture":"#0"}}},{"from":[8.5,8.5,9.0],"to":[9.0,9.0,9.5],"faces":{"south":{"uv":[0.48,2.48,1.52,3.52],"texture":"#0"},"east":{"uv":[0.48,2.48,1.52,3.52],"texture":"#0"}}},{"from":[8.5,9.5,9.0],"to":[9.0,10.0,9.5],"faces":{"up":{"uv":[14.48,0.4799995,15.52,1.52],"texture":"#0"},"south":{"uv":[14.48,0.4799995,15.52,1.52],"texture":"#0"},"east":{"uv":[14.48,0.4799995,15.52,1.52],"texture":"#0"}}},{"from":[8.5,10.0,6.0],"to":[9.0,10.5,6.5],"faces":{"up":{"uv":[6.48,0.4799995,7.52,1.52],"texture":"#0"},"north":{"uv":[6.48,0.4799995,7.52,1.52],"texture":"#0"},"east":{"uv":[6.48,0.4799995,7.52,1.52],"texture":"#0"}}},{"from":[8.5,10.0,8.0],"to":[9.0,10.5,9.0],"faces":{"up":{"uv":[14.48,0.4799995,15.52,1.52],"texture":"#0"},"south":{"uv":[14.48,0.4799995,15.52,1.52],"texture":"#0"},"west":{"uv":[14.48,0.4799995,15.52,1.52],"texture":"#0"},"east":{"uv":[14.48,0.4799995,15.52,1.52],"texture":"#0"}}},{"from":[8.5,10.5,6.5],"to":[9.0,11.0,7.0],"faces":{"north":{"uv":[12.48,0.4799995,13.52,1.52],"texture":"#0"}}},{"from":[8.5,11.0,6.0],"to":[9.0,11.5,6.5],"faces":{"down":{"uv":[6.48,0.4799995,7.52,1.52],"texture":"#0"},"north":{"uv":[6.48,0.4799995,7.52,1.52],"texture":"#0"},"east":{"uv":[6.48,0.4799995,7.52,1.52],"texture":"#0"}}},{"from":[8.5,11.0,7.0],"to":[9.0,11.5,7.5],"faces":{"east":{"uv":[8.48,0.4799995,9.52,1.52],"texture":"#0"}}},{"from":[8.5,11.0,7.5],"to":[9.0,12.5,8.0],"faces":{"north":{"uv":[10.48,0.4799995,11.52,1.52],"texture":"#0"},"south":{"uv":[10.48,0.4799995,11.52,1.52],"texture":"#0"},"west":{"uv":[10.48,0.4799995,11.52,1.52],"texture":"#0"},"east":{"uv":[10.48,0.4799995,11.52,1.52],"texture":"#0"}}},{"from":[8.5,11.0,8.5],"to":[9.5,11.5,9.0],"faces":{"down":{"uv":[4.48,0.4799995,5.52,1.52],"texture":"#0"},"up":{"uv":[4.48,0.4799995,5.52,1.52],"texture":"#0"},"south":{"uv":[4.48,0.4799995,5.52,1.52],"texture":"#0"},"east":{"uv":[4.48,0.4799995,5.52,1.52],"texture":"#0"}}},{"from":[8.5,11.5,6.5],"to":[9.0,12.0,7.0],"faces":{"east":{"uv":[2.48,0.4799995,3.52,1.52],"texture":"#0"}}},{"from":[8.5,11.5,8.0],"to":[9.0,12.0,8.5],"faces":{"east":{"uv":[4.48,0.4799995,5.52,1.52],"texture":"#0"}}},{"from":[8.5,12.0,5.0],"to":[9.0,12.5,5.5],"faces":{"down":{"uv":[10.48,0.4799995,11.52,1.52],"texture":"#0"},"north":{"uv":[10.48,0.4799995,11.52,1.52],"texture":"#0"},"east":{"uv":[10.48,0.4799995,11.52,1.52],"texture":"#0"}}},{"from":[8.5,12.0,5.5],"to":[9.0,13.0,6.0],"faces":{"north":{"uv":[4.48,0.4799995,5.52,1.52],"texture":"#0"},"south":{"uv":[4.48,0.4799995,5.52,1.52],"texture":"#0"},"west":{"uv":[4.48,0.4799995,5.52,1.52],"texture":"#0"},"east":{"uv":[4.48,0.4799995,5.52,1.52],"texture":"#0"}}},{"from":[8.5,12.0,7.0],"to":[9.0,12.5,7.5],"faces":{"east":{"uv":[12.48,0.4799995,13.52,1.52],"texture":"#0"}}},{"from":[8.5,12.0,8.5],"to":[9.0,12.5,9.0],"faces":{"up":{"uv":[10.48,0.4799995,11.52,1.52],"texture":"#0"},"south":{"uv":[10.48,0.4799995,11.52,1.52],"texture":"#0"},"east":{"uv":[10.48,0.4799995,11.52,1.52],"texture":"#0"}}},{"from":[8.5,12.5,5.0],"to":[9.0,13.0,5.5],"faces":{"north":{"uv":[6.48,0.4799995,7.52,1.52],"texture":"#0"},"east":{"uv":[6.48,0.4799995,7.52,1.52],"texture":"#0"}}},{"from":[8.5,12.5,6.0],"to":[9.0,13.0,6.5],"faces":{"east":{"uv":[2.48,0.4799995,3.52,1.52],"texture":"#0"}}},{"from":[8.5,12.5,6.5],"to":[9.0,13.0,7.0],"faces":{"east":{"uv":[12.48,0.4799995,13.52,1.52],"texture":"#0"}}},{"from":[8.5,12.5,7.5],"to":[9.0,13.0,8.0],"faces":{"south":{"uv":[12.48,0.4799995,13.52,1.52],"texture":"#0"},"east":{"uv":[12.48,0.4799995,13.52,1.52],"texture":"#0"}}},{"from":[8.5,13.0,5.0],"to":[9.0,13.5,5.5],"faces":{"up":{"uv":[2.48,0.4799995,3.52,1.52],"texture":"#0"},"north":{"uv":[2.48,0.4799995,3.52,1.52],"texture":"#0"},"east":{"uv":[2.48,0.4799995,3.52,1.52],"texture":"#0"}}},{"from":[8.5,13.0,6.0],"to":[9.0,13.5,6.5],"faces":{"east":{"uv":[12.48,0.4799995,13.52,1.52],"texture":"#0"}}},{"from":[8.5,13.0,7.0],"to":[9.0,13.5,7.5],"faces":{"east":{"uv":[10.48,0.4799995,11.52,1.52],"texture":"#0"}}},{"from":[8.5,13.5,5.5],"to":[9.0,15.0,6.0],"faces":{"north":{"uv":[2.48,0.4799995,3.52,1.52],"texture":"#0"},"south":{"uv":[2.48,0.4799995,3.52,1.52],"texture":"#0"},"west":{"uv":[2.48,0.4799995,3.52,1.52],"texture":"#0"},"east":{"uv":[2.48,0.4799995,3.52,1.52],"texture":"#0"}}},{"from":[8.5,13.5,7.0],"to":[9.0,14.0,7.5],"faces":{"east":{"uv":[4.48,0.4799995,5.52,1.52],"texture":"#0"}}},{"from":[8.5,13.5,7.5],"to":[9.0,14.0,8.0],"faces":{"up":{"uv":[10.48,0.4799995,11.52,1.52],"texture":"#0"},"south":{"uv":[10.48,0.4799995,11.52,1.52],"texture":"#0"},"east":{"uv":[10.48,0.4799995,11.52,1.52],"texture":"#0"}}},{"from":[8.5,14.0,6.0],"to":[9.0,14.5,6.5],"faces":{"east":{"uv":[6.48,0.4799995,7.52,1.52],"texture":"#0"}}},{"from":[8.5,14.0,7.0],"to":[9.0,15.0,7.5],"faces":{"up":{"uv":[8.48,0.4799995,9.52,1.52],"texture":"#0"},"north":{"uv":[8.48,0.4799995,9.52,1.52],"texture":"#0"},"south":{"uv":[8.48,0.4799995,9.52,1.52],"texture":"#0"},"east":{"uv":[8.48,0.4799995,9.52,1.52],"texture":"#0"}}},{"from":[8.5,14.5,6.5],"to":[9.0,15.0,7.0],"faces":{"east":{"uv":[10.48,0.4799995,11.52,1.52],"texture":"#0"}}},{"from":[8.5,15.0,6.0],"to":[9.0,15.5,6.5],"faces":{"east":{"uv":[2.48,0.4799995,3.52,1.52],"texture":"#0"}}},{"from":[8.5,15.5,6.5],"to":[9.0,16.0,7.0],"faces":{"south":{"uv":[8.48,0.4799995,9.52,1.52],"texture":"#0"},"east":{"uv":[8.48,0.4799995,9.52,1.52],"texture":"#0"}}},{"from":[8.5,16.0,6.5],"to":[9.0,16.5,7.0],"faces":{"south":{"uv":[12.48,0.4799995,13.52,1.52],"texture":"#0"},"east":{"uv":[12.48,0.4799995,13.52,1.52],"texture":"#0"}}},{"from":[8.5,17.0,6.5],"to":[9.0,17.5,7.0],"faces":{"north":{"uv":[10.48,0.4799995,11.52,1.52],"texture":"#0"},"south":{"uv":[10.48,0.4799995,11.52,1.52],"texture":"#0"},"east":{"uv":[10.48,0.4799995,11.52,1.52],"texture":"#0"}}},{"from":[8.5,17.5,6.5],"to":[9.0,18.0,7.0],"faces":{"east":{"uv":[12.48,0.4799995,13.52,1.52],"texture":"#0"}}},{"from":[8.5,18.0,6.0],"to":[9.0,18.5,6.5],"faces":{"up":{"uv":[10.48,0.4799995,11.52,1.52],"texture":"#0"},"north":{"uv":[10.48,0.4799995,11.52,1.52],"texture":"#0"},"east":{"uv":[10.48,0.4799995,11.52,1.52],"texture":"#0"}}},{"from":[8.5,18.0,7.0],"to":[9.0,18.5,7.5],"faces":{"south":{"uv":[2.48,0.4799995,3.52,1.52],"texture":"#0"},"east":{"uv":[2.48,0.4799995,3.52,1.52],"texture":"#0"}}},{"from":[8.5,18.5,6.5],"to":[9.0,19.0,7.5],"faces":{"down":{"uv":[4.48,0.4799995,5.52,1.52],"texture":"#0"},"up":{"uv":[4.48,0.4799995,5.52,1.52],"texture":"#0"},"north":{"uv":[4.48,0.4799995,5.52,1.52],"texture":"#0"},"south":{"uv":[4.48,0.4799995,5.52,1.52],"texture":"#0"},"east":{"uv":[4.48,0.4799995,5.52,1.52],"texture":"#0"}}},{"from":[8.5,19.5,7.5],"to":[9.0,20.0,8.0],"faces":{"south":{"uv":[6.48,0.4799995,7.52,1.52],"texture":"#0"},"east":{"uv":[6.48,0.4799995,7.52,1.52],"texture":"#0"}}},{"from":[8.5,20.0,7.0],"to":[9.0,20.5,7.5],"faces":{"east":{"uv":[12.48,0.4799995,13.52,1.52],"texture":"#0"}}},{"from":[8.5,20.5,4.0],"to":[9.0,21.0,4.5],"faces":{"down":{"uv":[4.48,0.4799995,5.52,1.52],"texture":"#0"},"north":{"uv":[4.48,0.4799995,5.52,1.52],"texture":"#0"},"east":{"uv":[4.48,0.4799995,5.52,1.52],"texture":"#0"}}},{"from":[8.5,20.5,4.5],"to":[9.0,21.0,5.5],"faces":{"down":{"uv":[10.48,0.4799995,11.52,1.52],"texture":"#0"},"up":{"uv":[10.48,0.4799995,11.52,1.52],"texture":"#0"},"south":{"uv":[10.48,0.4799995,11.52,1.52],"texture":"#0"},"west":{"uv":[10.48,0.4799995,11.52,1.52],"texture":"#0"},"east":{"uv":[10.48,0.4799995,11.52,1.52],"texture":"#0"}}},{"from":[8.5,20.5,6.5],"to":[9.0,21.0,7.0],"faces":{"east":{"uv":[8.48,0.4799995,9.52,1.52],"texture":"#0"}}},{"from":[8.5,20.5,7.5],"to":[9.0,21.0,8.0],"faces":{"east":{"uv":[6.48,0.4799995,7.52,1.52],"texture":"#0"}}},{"from":[8.5,21.0,4.0],"to":[9.0,22.0,4.5],"faces":{"north":{"uv":[12.48,0.4799995,13.52,1.52],"texture":"#0"},"south":{"uv":[12.48,0.4799995,13.52,1.52],"texture":"#0"},"west":{"uv":[12.48,0.4799995,13.52,1.52],"texture":"#0"},"east":{"uv":[12.48,0.4799995,13.52,1.52],"texture":"#0"}}},{"from":[8.5,21.0,5.0],"to":[9.0,21.5,6.0],"faces":{"down":{"uv":[10.48,0.4799995,11.52,1.52],"texture":"#0"},"up":{"uv":[10.48,0.4799995,11.52,1.52],"texture":"#0"},"west":{"uv":[10.48,0.4799995,11.52,1.52],"texture":"#0"},"east":{"uv":[10.48,0.4799995,11.52,1.52],"texture":"#0"}}},{"from":[8.5,21.0,6.5],"to":[9.0,21.5,7.0],"faces":{"east":{"uv":[10.48,0.4799995,11.52,1.52],"texture":"#0"}}},{"from":[8.5,21.0,7.0],"to":[9.0,22.0,7.5],"faces":{"up":{"uv":[8.48,0.4799995,9.52,1.52],"texture":"#0"},"north":{"uv":[8.48,0.4799995,9.52,1.52],"texture":"#0"},"south":{"uv":[8.48,0.4799995,9.52,1.52],"texture":"#0"},"west":{"uv":[8.48,0.4799995,9.52,1.52],"texture":"#0"},"east":{"uv":[8.48,0.4799995,9.52,1.52],"texture":"#0"}}},{"from":[8.5,21.0,8.0],"to":[9.0,21.5,8.5],"faces":{"east":{"uv":[10.48,0.4799995,11.52,1.52],"texture":"#0"}}},{"from":[8.5,21.5,4.5],"to":[9.0,22.0,5.0],"faces":{"east":{"uv":[10.48,0.4799995,11.52,1.52],"texture":"#0"}}},{"from":[8.5,21.5,5.5],"to":[9.0,22.0,6.0],"faces":{"east":{"uv":[4.48,0.4799995,5.52,1.52],"texture":"#0"}}},{"from":[8.5,21.5,6.5],"to":[9.0,22.0,7.0],"faces":{"up":{"uv":[8.48,0.4799995,9.52,1.52],"texture":"#0"},"east":{"uv":[8.48,0.4799995,9.52,1.52],"texture":"#0"}}},{"from":[8.5,21.5,7.5],"to":[9.0,22.0,8.0],"faces":{"east":{"uv":[10.48,0.4799995,11.52,1.52],"texture":"#0"}}},{"from":[8.5,22.0,3.5],"to":[9.0,22.5,5.0],"faces":{"down":{"uv":[6.48,0.4799995,7.52,1.52],"texture":"#0"},"up":{"uv":[6.48,0.4799995,7.52,1.52],"texture":"#0"},"north":{"uv":[6.48,0.4799995,7.52,1.52],"texture":"#0"},"west":{"uv":[6.48,0.4799995,7.52,1.52],"texture":"#0"},"east":{"uv":[6.48,0.4799995,7.52,1.52],"texture":"#0"}}},{"from":[8.5,22.0,5.5],"to":[9.0,22.5,6.0],"faces":{"up":{"uv":[12.48,0.4799995,13.52,1.52],"texture":"#0"},"south":{"uv":[12.48,0.4799995,13.52,1.52],"texture":"#0"},"east":{"uv":[12.48,0.4799995,13.52,1.52],"texture":"#0"}}},{"from":[8.5,22.0,7.5],"to":[9.0,22.5,8.0],"faces":{"up":{"uv":[12.48,0.4799995,13.52,1.52],"texture":"#0"},"north":{"uv":[12.48,0.4799995,13.52,1.52],"texture":"#0"},"east":{"uv":[12.48,0.4799995,13.52,1.52],"texture":"#0"}}},{"from":[8.5,22.5,8.5],"to":[9.0,23.0,9.5],"faces":{"down":{"uv":[8.48,0.4799995,9.52,1.52],"texture":"#0"},"up":{"uv":[8.48,0.4799995,9.52,1.52],"texture":"#0"},"north":{"uv":[8.48,0.4799995,9.52,1.52],"texture":"#0"},"west":{"uv":[8.48,0.4799995,9.52,1.52],"texture":"#0"},"east":{"uv":[8.48,0.4799995,9.52,1.52],"texture":"#0"}}},{"from":[8.5,22.5,9.5],"to":[9.0,23.0,10.5],"faces":{"down":{"uv":[2.48,0.4799995,3.52,1.52],"texture":"#0"},"west":{"uv":[2.48,0.4799995,3.52,1.52],"texture":"#0"},"east":{"uv":[2.48,0.4799995,3.52,1.52],"texture":"#0"}}},{"from":[8.5,23.0,10.5],"to":[9.0,23.5,11.0],"faces":{"east":{"uv":[6.48,0.4799995,7.52,1.52],"texture":"#0"}}},{"from":[8.5,23.5,10.0],"to":[9.0,24.0,10.5],"faces":{"north":{"uv":[4.48,0.4799995,5.52,1.52],"texture":"#0"},"east":{"uv":[4.48,0.4799995,5.52,1.52],"texture":"#0"}}},{"from":[8.5,23.5,11.0],"to":[9.0,24.0,11.5],"faces":{"east":{"uv":[4.48,0.4799995,5.52,1.52],"texture":"#0"}}},{"from":[8.5,23.5,11.5],"to":[9.0,24.0,12.0],"faces":{"down":{"uv":[6.48,0.4799995,7.52,1.52],"texture":"#0"},"south":{"uv":[6.48,0.4799995,7.52,1.52],"texture":"#0"},"east":{"uv":[6.48,0.4799995,7.52,1.52],"texture":"#0"}}},{"from":[8.5,24.0,10.0],"to":[9.0,24.5,10.5],"faces":{"up":{"uv":[8.48,0.4799995,9.52,1.52],"texture":"#0"},"east":{"uv":[8.48,0.4799995,9.52,1.52],"texture":"#0"}}},{"from":[8.5,24.0,11.0],"to":[9.0,24.5,11.5],"faces":{"east":{"uv":[10.48,0.4799995,11.52,1.52],"texture":"#0"}}},{"from":[8.5,24.5,11.5],"to":[9.0,25.0,12.0],"faces":{"up":{"uv":[6.48,0.4799995,7.52,1.52],"texture":"#0"},"east":{"uv":[6.48,0.4799995,7.52,1.52],"texture":"#0"}}},{"from":[8.5,24.5,12.5],"to":[9.0,25.0,13.0],"faces":{"down":{"uv":[4.48,0.4799995,5.52,1.52],"texture":"#0"},"south":{"uv":[4.48,0.4799995,5.52,1.52],"texture":"#0"},"east":{"uv":[4.48,0.4799995,5.52,1.52],"texture":"#0"}}},{"from":[9.0,10.0,6.5],"to":[9.5,10.5,7.0],"faces":{"down":{"uv":[6.48,0.4799995,7.52,1.52],"texture":"#0"},"north":{"uv":[6.48,0.4799995,7.52,1.52],"texture":"#0"},"east":{"uv":[6.48,0.4799995,7.52,1.52],"texture":"#0"}}},{"from":[9.0,10.0,7.0],"to":[9.5,10.5,7.5],"faces":{"down":{"uv":[12.48,0.4799995,13.52,1.52],"texture":"#0"},"south":{"uv":[12.48,0.4799995,13.52,1.52],"texture":"#0"},"east":{"uv":[12.48,0.4799995,13.52,1.52],"texture":"#0"}}},{"from":[9.0,10.5,6.5],"to":[9.5,11.0,7.0],"faces":{"up":{"uv":[2.48,0.4799995,3.52,1.52],"texture":"#0"},"north":{"uv":[2.48,0.4799995,3.52,1.52],"texture":"#0"},"east":{"uv":[2.48,0.4799995,3.52,1.52],"texture":"#0"}}},{"from":[9.0,10.5,7.5],"to":[9.5,11.0,8.0],"faces":{"down":{"uv":[4.48,0.4799995,5.52,1.52],"texture":"#0"},"east":{"uv":[4.48,0.4799995,5.52,1.52],"texture":"#0"}}},{"from":[9.0,10.5,8.5],"to":[9.5,11.0,9.0],"faces":{"down":{"uv":[8.48,0.4799995,9.52,1.52],"texture":"#0"},"south":{"uv":[8.48,0.4799995,9.52,1.52],"texture":"#0"},"east":{"uv":[8.48,0.4799995,9.52,1.52],"texture":"#0"}}},{"from":[9.0,11.0,7.5],"to":[9.5,11.5,8.0],"faces":{"up":{"uv":[6.48,0.4799995,7.52,1.52],"texture":"#0"},"north":{"uv":[6.48,0.4799995,7.52,1.52],"texture":"#0"},"east":{"uv":[6.48,0.4799995,7.52,1.52],"texture":"#0"}}}],"textures":{"0":"81acb2d7-de73-4d1e-b29d-0fac254f483d"}}