{"parent":"jukebox_close","display":{"thirdperson_righthand":{"rotation":[3.19,27.98,-12.68],"translation":[0.0,1.0,0.0],"scale":[0.12695,0.12695,0.12695]},"thirdperson_lefthand":{"rotation":[3.19,27.98,-12.68],"translation":[0.0,1.0,0.0],"scale":[0.12695,0.12695,0.12695]},"firstperson_righthand":{"rotation":[-180.0,56.75,-180.0],"translation":[0.0,2.75,0.0],"scale":[0.31445,0.31445,0.31445]},"firstperson_lefthand":{"rotation":[-180.0,56.75,-180.0],"translation":[0.0,2.75,0.0],"scale":[0.31445,0.31445,0.31445]},"ground":{"translation":[0.0,4.25,0.0],"scale":[0.41602,0.41602,0.41602]},"gui":{"rotation":[-146.65,-19.4,-169.47],"translation":[0.5,2.25,0.0],"scale":[0.45898,0.45898,0.45898]},"fixed":{"translation":[0.0,-5.0,-10.25],"scale":[1.37891,1.37891,1.37891]}},"elements":[{"from":[6.0,0.0,-5.0],"to":[10.0,4.0,-3.0],"rotation":{"origin":[-2.0,0.0,-10.0],"axis":"y","angle":0.0},"faces":{"north":{"uv":[5.75,3.125,6.25,3.625],"texture":"#2"},"east":{"uv":[5.625,5.75,5.875,6.25],"texture":"#2"},"south":{"uv":[3.625,5.75,4.125,6.25],"texture":"#2"},"west":{"uv":[0.0,5.875,0.25,6.375],"texture":"#2"},"up":{"uv":[0.75,6.125,0.25,5.875],"texture":"#2"},"down":{"uv":[1.25,5.875,0.75,6.125],"texture":"#2"}}},{"from":[-2.25,3.0,-1.0],"to":[0.75,6.0,2.0],"rotation":{"origin":[-3.25,0.0,-10.0],"axis":"y","angle":0.0},"faces":{"north":{"uv":[5.75,3.875,6.125,4.25],"texture":"#2"},"east":{"uv":[4.125,5.75,4.5,6.125],"texture":"#2"},"south":{"uv":[4.5,5.75,4.875,6.125],"texture":"#2"},"west":{"uv":[5.75,4.5,6.125,4.875],"texture":"#2"},"up":{"uv":[5.25,6.125,4.875,5.75],"texture":"#2"},"down":{"uv":[5.625,5.75,5.25,6.125],"texture":"#2"}}},{"from":[-3.0,0.0,-3.0],"to":[20.0,4.0,17.0],"rotation":{"origin":[-2.0,0.0,3.0],"axis":"y","angle":0.0},"faces":{"north":{"uv":[2.875,4.5,5.75,5.0],"texture":"#2"},"east":{"uv":[2.875,5.0,5.375,5.5],"texture":"#2"},"south":{"uv":[0.0,5.0,2.875,5.5],"texture":"#2"},"west":{"uv":[5.375,5.0,7.875,5.5],"texture":"#2"},"up":{"uv":[2.875,2.5,0.0,0.0],"texture":"#2"},"down":{"uv":[2.875,2.5,0.0,5.0],"texture":"#2"}}},{"from":[3.52566,5.8,0.77801],"to":[5.52566,6.8,13.77801],"rotation":{"origin":[4.56079,5.8,8.0817],"axis":"y","angle":-45.0},"faces":{"north":{"uv":[5.75,4.875,6.0,5.0],"texture":"#2"},"east":{"uv":[5.75,3.625,7.375,3.75],"texture":"#2"},"south":{"uv":[6.0,4.875,6.25,5.0],"texture":"#2"},"west":{"uv":[5.75,3.75,7.375,3.875],"texture":"#2"},"up":{"uv":[5.75,4.25,5.5,2.625],"texture":"#2"},"down":{"uv":[3.125,5.5,2.875,7.125],"texture":"#2"}}},{"from":[3.52566,3.8,13.77801],"to":[5.52566,6.8,15.77801],"rotation":{"origin":[4.56079,5.8,8.0817],"axis":"y","angle":-45.0},"faces":{"north":{"uv":[1.25,5.875,1.5,6.25],"texture":"#2"},"east":{"uv":[1.5,5.875,1.75,6.25],"texture":"#2"},"south":{"uv":[1.75,5.875,2.0,6.25],"texture":"#2"},"west":{"uv":[2.0,5.875,2.25,6.25],"texture":"#2"},"up":{"uv":[6.25,5.75,6.0,5.5],"texture":"#2"},"down":{"uv":[0.75,6.125,0.5,6.375],"texture":"#2"}}},{"from":[3.69593,5.0,0.98539],"to":[5.49593,5.8,1.78539],"rotation":{"origin":[4.56079,5.8,8.0817],"axis":"y","angle":-45.0},"faces":{"north":{"uv":[4.75,6.125,5.0,6.25],"texture":"#2"},"east":{"uv":[5.5,6.125,5.625,6.25],"texture":"#2"},"south":{"uv":[5.0,6.125,5.25,6.25],"texture":"#2"},"west":{"uv":[5.875,6.125,6.0,6.25],"texture":"#2"},"up":{"uv":[5.5,6.25,5.25,6.125],"texture":"#2"},"down":{"uv":[6.375,5.75,6.125,5.875],"texture":"#2"}}},{"from":[9.4,4.15,6.65],"to":[10.6,6.35,7.85],"rotation":{"origin":[-6.5,4.5,3.75],"axis":"y","angle":0.0},"faces":{"north":{"uv":[2.25,5.875,2.5,6.25],"texture":"#2"},"east":{"uv":[2.5,5.875,2.75,6.25],"texture":"#2"},"south":{"uv":[5.875,5.75,6.125,6.125],"texture":"#2"},"west":{"uv":[0.25,6.125,0.5,6.5],"texture":"#2"},"up":{"uv":[1.0,6.375,0.75,6.125],"texture":"#2"},"down":{"uv":[1.25,6.125,1.0,6.375],"texture":"#2"}}},{"from":[-2.0,6.0,-2.1],"to":[19.0,7.0,15.9],"rotation":{"origin":[9.0,4.0,16.9],"axis":"y","angle":0.0},"faces":{"north":{"uv":[5.75,2.625,8.375,2.75],"texture":"#2"},"east":{"uv":[5.75,2.875,8.0,3.0],"texture":"#2"},"south":{"uv":[5.75,2.75,8.375,2.875],"texture":"#2"},"west":{"uv":[5.75,3.0,8.0,3.125],"texture":"#2"},"up":{"uv":[5.5,2.25,2.875,0.0],"texture":"#2"},"down":{"uv":[5.5,2.25,2.875,4.5],"texture":"#2"}}},{"from":[-3.0,4.0,-2.1],"to":[-2.0,7.0,15.9],"rotation":{"origin":[9.0,4.0,16.9],"axis":"y","angle":0.0},"faces":{"north":{"uv":[2.75,5.875,2.875,6.25],"texture":"#2"},"east":{"uv":[5.5,1.125,7.75,1.5],"texture":"#2"},"south":{"uv":[6.125,3.875,6.25,4.25],"texture":"#2"},"west":{"uv":[5.5,1.5,7.75,1.875],"texture":"#2"},"up":{"uv":[3.25,8.0,3.125,5.75],"texture":"#2"},"down":{"uv":[3.375,5.75,3.25,8.0],"texture":"#2"}}},{"from":[-3.0,4.0,15.9],"to":[20.0,7.0,16.9],"rotation":{"origin":[9.0,4.0,16.9],"axis":"y","angle":0.0},"faces":{"north":{"uv":[0.0,5.5,2.875,5.875],"texture":"#2"},"east":{"uv":[4.125,6.125,4.25,6.5],"texture":"#2"},"south":{"uv":[5.5,0.0,8.375,0.375],"texture":"#2"},"west":{"uv":[4.25,6.125,4.375,6.5],"texture":"#2"},"up":{"uv":[6.0,5.625,3.125,5.5],"texture":"#2"},"down":{"uv":[8.375,4.25,5.5,4.375],"texture":"#2"}}},{"from":[19.0,4.0,-2.1],"to":[20.0,7.0,15.9],"rotation":{"origin":[9.0,4.0,16.9],"axis":"y","angle":0.0},"faces":{"north":{"uv":[4.375,6.125,4.5,6.5],"texture":"#2"},"east":{"uv":[5.5,1.875,7.75,2.25],"texture":"#2"},"south":{"uv":[4.5,6.125,4.625,6.5],"texture":"#2"},"west":{"uv":[5.5,2.25,7.75,2.625],"texture":"#2"},"up":{"uv":[3.5,8.0,3.375,5.75],"texture":"#2"},"down":{"uv":[3.625,5.75,3.5,8.0],"texture":"#2"}}},{"from":[-3.0,4.0,-3.1],"to":[20.0,7.0,-2.1],"rotation":{"origin":[9.0,4.0,16.9],"axis":"y","angle":0.0},"faces":{"north":{"uv":[5.5,0.375,8.375,0.75],"texture":"#2"},"east":{"uv":[6.125,4.5,6.25,4.875],"texture":"#2"},"south":{"uv":[5.5,0.75,8.375,1.125],"texture":"#2"},"west":{"uv":[4.625,6.125,4.75,6.5],"texture":"#2"},"up":{"uv":[8.375,4.5,5.5,4.375],"texture":"#2"},"down":{"uv":[6.0,5.625,3.125,5.75],"texture":"#2"}}}],"textures":{"particle":"5e970abc-1777-4c56-bb89-6434c59ff6e3","2":"396244f4-22ed-4515-8684-72c20e211578"}}