{"display":{"thirdperson_righthand":{"rotation":[0.0,90.0,0.0],"translation":[7.8,13.5,-1.0],"scale":[1.5,1.5,1.5]},"thirdperson_lefthand":{"rotation":[0.0,-90.0,0.0],"translation":[-7.8,13.5,-1.0],"scale":[1.5,1.5,1.5]},"firstperson_righthand":{"rotation":[0.0,106.0,0.0],"translation":[5.0,10.0,-5.0]},"firstperson_lefthand":{"rotation":[0.0,-86.0,0.0],"translation":[-5.0,10.0,-5.0]},"gui":{"rotation":[-180.0,-180.0,137.0],"translation":[4.1747,2.0541,0.0],"scale":[1.5173,0.9955,1.0E-4]}},"elements":[{"from":[6.5,-4.0,2.5],"to":[6.75,-0.25,3.25],"faces":{"down":{"uv":[3.5,7.0,5.0,11.5],"texture":"#0"},"up":{"uv":[3.5,7.0,5.0,11.5],"texture":"#0"},"north":{"uv":[15.5,5.5,16.0,13.0],"texture":"#0"},"south":{"uv":[15.5,5.5,16.0,13.0],"texture":"#0"},"west":{"uv":[13.5,5.5,15.0,13.0],"texture":"#0"},"east":{"uv":[13.5,5.5,15.0,13.0],"texture":"#0"}}},{"from":[6.5,-5.5,2.5],"to":[7.5,-5.25,3.25],"faces":{"down":{"uv":[3.5,12.5,6.0,14.0],"texture":"#0"},"up":{"uv":[3.5,12.5,6.0,14.0],"texture":"#0"},"north":{"uv":[2.5,11.5,4.5,12.0],"texture":"#0"},"south":{"uv":[2.5,11.5,4.5,12.0],"texture":"#0"},"west":{"uv":[5.0,13.5,6.5,14.0],"texture":"#0"},"east":{"uv":[5.0,13.5,6.5,14.0],"texture":"#0"}}},{"from":[6.25,-5.25,2.5],"to":[7.25,-4.75,3.25],"faces":{"down":{"uv":[4.0,11.5,6.5,13.5],"texture":"#0"},"up":{"uv":[4.0,11.5,6.5,13.5],"texture":"#0"},"north":{"uv":[4.5,13.0,6.5,14.5],"texture":"#0"},"south":{"uv":[4.5,13.0,6.5,14.5],"texture":"#0"},"west":{"uv":[4.5,13.0,6.5,14.5],"texture":"#0"},"east":{"uv":[4.5,13.0,6.5,14.5],"texture":"#0"}}},{"from":[6.25,-4.75,2.5],"to":[7.0,-4.0,3.25],"faces":{"down":{"uv":[4.0,12.5,6.0,14.0],"texture":"#0"},"up":{"uv":[4.0,12.5,6.0,14.0],"texture":"#0"},"north":{"uv":[4.0,12.5,6.5,14.5],"texture":"#0"},"south":{"uv":[4.0,12.5,6.5,14.5],"texture":"#0"},"west":{"uv":[5.0,13.5,7.5,15.5],"texture":"#0"},"east":{"uv":[5.0,13.5,7.5,15.5],"texture":"#0"}}},{"from":[6.25,-4.0,2.75],"to":[7.0,0.0,3.0],"faces":{"down":{"uv":[0.0,7.0,1.5,11.5],"texture":"#0"},"up":{"uv":[0.0,7.0,1.5,11.5],"texture":"#0"},"north":{"uv":[12.5,5.5,14.0,13.0],"texture":"#0"},"south":{"uv":[12.5,5.5,14.0,13.0],"texture":"#0"},"west":{"uv":[13.0,5.5,13.5,13.0],"texture":"#0"},"east":{"uv":[13.0,5.5,13.5,13.0],"texture":"#0"}}},{"from":[5.75,0.75,2.75],"to":[7.0,1.5,3.0],"faces":{"down":{"uv":[1.0,4.0,4.0,4.5],"texture":"#0"},"up":{"uv":[1.0,4.0,4.0,4.5],"texture":"#0"},"north":{"uv":[1.0,4.5,3.0,6.0],"texture":"#0"},"south":{"uv":[1.0,4.5,3.0,6.0],"texture":"#0"},"west":{"uv":[1.0,4.5,1.5,7.0],"texture":"#0"},"east":{"uv":[1.0,4.5,1.5,7.0],"texture":"#0"}}},{"from":[5.75,0.0,2.5],"to":[7.0,0.25,3.25],"faces":{"down":{"uv":[13.5,7.5,16.0,9.0],"texture":"#0"},"up":{"uv":[13.5,7.5,16.0,9.0],"texture":"#0"},"north":{"uv":[13.5,9.0,16.0,9.5],"texture":"#0"},"south":{"uv":[13.5,9.0,16.0,9.5],"texture":"#0"},"west":{"uv":[13.0,10.0,14.5,10.5],"texture":"#0"},"east":{"uv":[13.0,10.0,14.5,10.5],"texture":"#0"}}},{"from":[6.0,-0.25,2.5],"to":[7.0,0.0,3.25],"faces":{"down":{"uv":[12.5,5.5,14.5,7.0],"texture":"#0"},"up":{"uv":[12.5,5.5,14.5,7.0],"texture":"#0"},"north":{"uv":[14.0,6.0,16.0,6.5],"texture":"#0"},"south":{"uv":[14.0,6.0,16.0,6.5],"texture":"#0"},"west":{"uv":[12.5,5.5,14.0,6.0],"texture":"#0"},"east":{"uv":[14.0,7.0,15.5,7.5],"texture":"#0"}}},{"from":[5.75,0.25,2.75],"to":[7.0,0.75,3.0],"faces":{"down":{"uv":[1.0,4.5,4.0,5.0],"texture":"#0"},"up":{"uv":[1.0,4.5,4.0,5.0],"texture":"#0"},"north":{"uv":[1.0,4.5,3.0,5.5],"texture":"#0"},"south":{"uv":[1.0,4.5,3.0,5.5],"texture":"#0"},"west":{"uv":[1.0,4.5,1.5,5.5],"texture":"#0"},"east":{"uv":[1.0,4.5,1.5,5.5],"texture":"#0"}}},{"from":[5.75,2.25,2.75],"to":[7.0,2.75,3.0],"faces":{"down":{"uv":[1.0,4.0,3.5,4.5],"texture":"#0"},"up":{"uv":[1.0,4.0,3.5,4.5],"texture":"#0"},"north":{"uv":[1.0,4.5,3.0,5.5],"texture":"#0"},"south":{"uv":[1.0,4.5,3.0,5.5],"texture":"#0"},"west":{"uv":[1.0,4.5,1.5,5.5],"texture":"#0"},"east":{"uv":[1.0,4.5,1.5,5.5],"texture":"#0"}}},{"from":[6.0,2.75,2.75],"to":[6.25,4.75,3.0],"faces":{"down":{"uv":[3.0,5.5,3.5,6.0],"texture":"#0"},"up":{"uv":[3.0,5.5,3.5,6.0],"texture":"#0"},"north":{"uv":[3.5,4.0,4.0,7.0],"texture":"#0"},"south":{"uv":[3.5,4.0,4.0,7.0],"texture":"#0"},"west":{"uv":[3.0,4.0,3.5,7.0],"texture":"#0"},"east":{"uv":[3.0,4.0,3.5,7.0],"texture":"#0"}}},{"from":[6.0,4.75,2.75],"to":[6.5,7.0,3.0],"faces":{"down":{"uv":[1.5,5.5,2.5,6.0],"texture":"#0"},"up":{"uv":[1.5,5.5,2.5,6.0],"texture":"#0"},"north":{"uv":[5.0,4.0,6.0,8.5],"texture":"#0"},"south":{"uv":[5.0,4.0,6.0,8.5],"texture":"#0"},"west":{"uv":[4.0,4.0,4.5,7.0],"texture":"#0"},"east":{"uv":[4.0,4.0,4.5,7.0],"texture":"#0"}}},{"from":[6.0,7.0,2.75],"to":[6.25,8.25,3.0],"faces":{"down":{"uv":[0.5,4.5,1.0,5.0],"texture":"#0"},"up":{"uv":[0.5,4.5,1.0,5.0],"texture":"#0"},"north":{"uv":[2.0,4.0,2.5,6.0],"texture":"#0"},"south":{"uv":[2.0,4.0,2.5,6.0],"texture":"#0"},"west":{"uv":[1.0,4.0,1.5,7.0],"texture":"#0"},"east":{"uv":[1.0,4.0,1.5,7.0],"texture":"#0"}}},{"from":[6.0,8.25,2.75],"to":[6.25,8.5,3.0],"faces":{"down":{"uv":[1.0,6.5,1.5,7.0],"texture":"#0"},"up":{"uv":[1.0,6.5,1.5,7.0],"texture":"#0"},"north":{"uv":[1.0,6.0,1.5,6.5],"texture":"#0"},"south":{"uv":[1.0,6.0,1.5,6.5],"texture":"#0"},"west":{"uv":[1.0,6.5,1.5,7.0],"texture":"#0"},"east":{"uv":[1.0,6.5,1.5,7.0],"texture":"#0"}}},{"from":[5.75,9.75,2.75],"to":[6.75,10.75,3.0],"faces":{"down":{"uv":[5.0,5.5,7.0,6.0],"texture":"#0"},"up":{"uv":[5.5,6.0,7.5,6.5],"texture":"#0"},"north":{"uv":[7.5,4.0,5.5,6.0],"texture":"#0"},"south":{"uv":[5.5,4.0,7.5,6.0],"texture":"#0"},"west":{"uv":[5.5,4.0,6.0,7.0],"texture":"#0"},"east":{"uv":[7.5,4.0,8.0,7.0],"texture":"#0"}}},{"from":[5.75,10.75,2.75],"to":[6.5,11.25,3.0],"faces":{"down":{"uv":[5.5,6.0,7.0,6.5],"texture":"#0"},"up":{"uv":[6.0,5.5,7.5,6.0],"texture":"#0"},"north":{"uv":[7.5,6.0,5.5,7.5],"texture":"#0"},"south":{"uv":[5.5,6.0,7.5,7.5],"texture":"#0"},"west":{"uv":[2.5,4.5,3.0,6.0],"texture":"#0"},"east":{"uv":[9.5,5.0,10.0,6.5],"texture":"#0"}}},{"from":[6.0,2.25,2.5],"to":[6.75,2.5,3.25],"faces":{"down":{"uv":[0.0,12.0,1.5,14.0],"texture":"#0"},"up":{"uv":[0.0,12.0,1.5,14.0],"texture":"#0"},"north":{"uv":[1.0,13.0,2.5,13.5],"texture":"#0"},"south":{"uv":[1.0,13.0,2.5,13.5],"texture":"#0"},"west":{"uv":[0.0,12.0,2.0,12.5],"texture":"#0"},"east":{"uv":[0.0,12.0,2.0,12.5],"texture":"#0"}}},{"from":[6.75,7.0,2.75],"to":[7.25,8.25,3.0],"faces":{"down":{"uv":[1.0,6.5,2.0,7.0],"texture":"#0"},"up":{"uv":[4.0,4.5,5.0,5.0],"texture":"#0"},"north":{"uv":[2.0,4.0,3.0,6.0],"texture":"#0"},"south":{"uv":[2.0,4.0,3.0,6.0],"texture":"#0"},"west":{"uv":[1.0,4.0,1.5,7.0],"texture":"#0"},"east":{"uv":[1.0,4.0,1.5,7.0],"texture":"#0"}}},{"from":[6.75,4.75,2.75],"to":[7.25,7.0,3.0],"faces":{"down":{"uv":[2.0,5.0,3.0,5.5],"texture":"#0"},"up":{"uv":[2.0,5.0,3.0,5.5],"texture":"#0"},"north":{"uv":[6.0,2.0,5.0,6.0],"texture":"#0"},"south":{"uv":[6.0,2.0,5.0,6.0],"texture":"#0"},"west":{"uv":[2.0,4.0,2.5,7.0],"texture":"#0"},"east":{"uv":[2.0,4.0,2.5,7.0],"texture":"#0"}}},{"from":[6.75,2.75,2.75],"to":[7.25,4.75,3.0],"faces":{"down":{"uv":[0.5,4.0,1.5,4.5],"texture":"#0"},"up":{"uv":[0.5,4.0,1.5,4.5],"texture":"#0"},"north":{"uv":[2.0,4.0,3.0,7.0],"texture":"#0"},"south":{"uv":[2.0,4.0,3.0,7.0],"texture":"#0"},"west":{"uv":[1.0,4.0,1.5,7.0],"texture":"#0"},"east":{"uv":[1.0,4.0,1.5,7.0],"texture":"#0"}}},{"from":[6.25,2.75,2.75],"to":[6.5,3.5,3.0],"faces":{"down":{"uv":[1.5,5.5,2.0,6.0],"texture":"#0"},"up":{"uv":[1.5,5.5,2.0,6.0],"texture":"#0"},"north":{"uv":[2.0,4.5,2.5,5.5],"texture":"#0"},"south":{"uv":[2.0,4.5,2.5,5.5],"texture":"#0"},"west":{"uv":[2.0,4.5,2.5,5.5],"texture":"#0"},"east":{"uv":[2.0,4.5,2.5,5.5],"texture":"#0"}}},{"from":[5.75,2.75,2.75],"to":[6.0,4.5,3.0],"faces":{"down":{"uv":[0.5,5.0,1.0,5.5],"texture":"#0"},"up":{"uv":[0.5,5.0,1.0,5.5],"texture":"#0"},"north":{"uv":[4.0,3.0,4.5,6.0],"texture":"#0"},"south":{"uv":[4.0,3.0,4.5,6.0],"texture":"#0"},"west":{"uv":[1.0,4.0,1.5,7.0],"texture":"#0"},"east":{"uv":[1.0,4.0,1.5,7.0],"texture":"#0"}}},{"from":[6.25,4.25,2.75],"to":[6.5,4.75,3.0],"faces":{"down":{"uv":[1.5,5.5,2.0,6.0],"texture":"#0"},"up":{"uv":[1.5,5.5,2.0,6.0],"texture":"#0"},"north":{"uv":[3.5,5.0,4.0,6.0],"texture":"#0"},"south":{"uv":[3.5,5.0,4.0,6.0],"texture":"#0"},"west":{"uv":[3.5,5.0,4.0,6.0],"texture":"#0"},"east":{"uv":[3.5,5.0,4.0,6.0],"texture":"#0"}}},{"from":[6.25,7.0,2.75],"to":[6.5,8.0,3.0],"faces":{"down":{"uv":[2.5,4.5,3.0,5.0],"texture":"#0"},"up":{"uv":[2.5,4.5,3.0,5.0],"texture":"#0"},"north":{"uv":[3.5,4.0,4.0,6.0],"texture":"#0"},"south":{"uv":[3.5,4.0,4.0,6.0],"texture":"#0"},"west":{"uv":[2.5,4.5,3.0,7.0],"texture":"#0"},"east":{"uv":[2.5,4.5,3.0,7.0],"texture":"#0"}}},{"from":[6.5,8.25,2.75],"to":[7.0,9.75,3.0],"faces":{"down":{"uv":[2.0,4.5,3.0,5.0],"texture":"#0"},"up":{"uv":[6.5,4.5,7.5,5.0],"texture":"#0"},"north":{"uv":[7.5,4.0,6.5,6.5],"texture":"#0"},"south":{"uv":[6.5,4.0,7.5,6.5],"texture":"#0"},"west":{"uv":[5.5,4.0,6.0,7.0],"texture":"#0"},"east":{"uv":[11.0,4.0,11.5,7.5],"texture":"#0"}}},{"from":[6.25,8.75,2.75],"to":[6.5,9.75,3.0],"faces":{"down":{"uv":[2.0,4.0,2.5,4.5],"texture":"#0"},"up":{"uv":[2.0,4.0,2.5,4.5],"texture":"#0"},"north":{"uv":[3.0,4.0,3.5,7.0],"texture":"#0"},"south":{"uv":[3.0,4.0,3.5,7.0],"texture":"#0"},"west":{"uv":[3.0,4.0,3.5,4.5],"texture":"#0"},"east":{"uv":[3.0,4.0,3.5,4.5],"texture":"#0"}}},{"from":[5.75,8.5,2.75],"to":[6.25,9.75,3.0],"faces":{"down":{"uv":[4.0,4.0,5.0,4.5],"texture":"#0"},"up":{"uv":[4.0,4.0,5.0,4.5],"texture":"#0"},"north":{"uv":[2.5,4.0,3.5,7.0],"texture":"#0"},"south":{"uv":[2.5,4.0,3.5,7.0],"texture":"#0"},"west":{"uv":[4.0,4.0,4.5,7.0],"texture":"#0"},"east":{"uv":[4.0,4.0,4.5,7.0],"texture":"#0"}}},{"from":[6.5,2.75,2.75],"to":[6.75,4.0,3.0],"faces":{"down":{"uv":[4.0,4.0,5.0,4.5],"texture":"#0"},"up":{"uv":[4.0,4.0,5.0,4.5],"texture":"#0"},"north":{"uv":[4.0,4.0,4.5,6.0],"texture":"#0"},"south":{"uv":[4.0,4.0,4.5,6.0],"texture":"#0"},"west":{"uv":[4.0,4.0,4.5,6.0],"texture":"#0"},"east":{"uv":[4.0,4.0,4.5,6.0],"texture":"#0"}}},{"from":[6.25,1.75,2.5],"to":[6.5,2.0,3.25],"faces":{"down":{"uv":[1.0,11.5,1.5,14.5],"texture":"#0"},"up":{"uv":[1.0,11.5,1.5,14.5],"texture":"#0"},"north":{"uv":[0.5,13.0,1.5,14.0],"texture":"#0"},"south":{"uv":[0.5,13.0,1.5,14.0],"texture":"#0"},"west":{"uv":[0.0,13.5,2.5,14.0],"texture":"#0"},"east":{"uv":[0.0,13.5,2.5,14.0],"texture":"#0"}}},{"from":[6.0,1.25,2.5],"to":[6.75,1.5,3.25],"faces":{"down":{"uv":[0.0,12.5,2.0,14.5],"texture":"#0"},"up":{"uv":[0.0,12.5,2.0,14.5],"texture":"#0"},"north":{"uv":[0.0,12.5,2.0,13.0],"texture":"#0"},"south":{"uv":[0.0,12.5,2.0,13.0],"texture":"#0"},"west":{"uv":[0.0,12.5,1.5,13.0],"texture":"#0"},"east":{"uv":[0.0,12.5,1.5,13.0],"texture":"#0"}}},{"from":[6.75,1.5,2.5],"to":[7.0,2.25,3.25],"faces":{"down":{"uv":[1.0,12.0,2.0,14.0],"texture":"#0"},"up":{"uv":[1.0,12.0,2.0,14.0],"texture":"#0"},"north":{"uv":[1.0,13.5,1.5,15.0],"texture":"#0"},"south":{"uv":[1.0,13.5,1.5,15.0],"texture":"#0"},"west":{"uv":[0.5,14.0,2.5,16.0],"texture":"#0"},"east":{"uv":[0.5,14.0,2.5,16.0],"texture":"#0"}}},{"from":[5.75,1.5,2.5],"to":[6.0,2.25,3.25],"faces":{"down":{"uv":[1.5,12.5,2.5,14.5],"texture":"#0"},"up":{"uv":[1.5,12.5,2.5,14.5],"texture":"#0"},"north":{"uv":[1.5,13.0,2.0,14.5],"texture":"#0"},"south":{"uv":[1.5,13.0,2.0,14.5],"texture":"#0"},"west":{"uv":[0.0,12.5,2.0,14.0],"texture":"#0"},"east":{"uv":[0.0,12.5,2.0,14.0],"texture":"#0"}}},{"from":[6.0,1.5,2.75],"to":[6.75,2.25,3.0],"faces":{"down":{"uv":[1.0,4.0,3.5,6.0],"texture":"#0"},"up":{"uv":[1.0,4.0,2.5,5.5],"texture":"#0"},"north":{"uv":[4.0,4.5,5.5,6.0],"texture":"#0"},"south":{"uv":[4.0,4.5,5.5,6.0],"texture":"#0"},"west":{"uv":[1.0,4.0,3.5,6.0],"texture":"#0"},"east":{"uv":[1.0,4.0,3.5,6.0],"texture":"#0"}}},{"from":[5.75,12.125,2.75],"to":[5.875,12.25,3.0],"faces":{"down":{"uv":[7.0,2.5,7.5,3.0],"texture":"#0"},"up":{"uv":[7.0,2.5,7.5,3.0],"texture":"#0"},"north":{"uv":[7.0,2.5,7.5,3.0],"texture":"#0"},"south":{"uv":[7.0,2.5,7.5,3.0],"texture":"#0"},"west":{"uv":[7.0,2.5,7.5,3.0],"texture":"#0"},"east":{"uv":[7.0,2.5,7.5,3.0],"texture":"#0"}}},{"from":[5.75,11.25,2.75],"to":[6.25,11.75,3.0],"faces":{"down":{"uv":[6.0,5.5,7.0,6.0],"texture":"#0"},"up":{"uv":[5.5,5.5,8.0,6.0],"texture":"#0"},"north":{"uv":[7.5,1.5,6.0,2.5],"texture":"#0"},"south":{"uv":[6.0,1.5,7.5,2.5],"texture":"#0"},"west":{"uv":[3.0,5.5,3.5,7.0],"texture":"#0"},"east":{"uv":[7.5,4.5,8.0,6.0],"texture":"#0"}}},{"from":[5.75,11.75,2.75],"to":[6.1,12.0,3.0],"faces":{"down":{"uv":[5.0,5.5,7.0,6.0],"texture":"#0"},"up":{"uv":[6.0,7.5,7.5,8.0],"texture":"#0"},"north":{"uv":[7.5,7.5,6.0,8.5],"texture":"#0"},"south":{"uv":[6.0,7.5,7.5,8.5],"texture":"#0"},"west":{"uv":[6.0,6.0,6.5,7.0],"texture":"#0"},"east":{"uv":[7.0,7.5,7.5,8.5],"texture":"#0"}}},{"from":[5.75,12.0,2.75],"to":[6.0,12.125,3.0],"faces":{"down":{"uv":[6.0,5.0,7.0,5.5],"texture":"#0"},"up":{"uv":[6.5,2.5,7.5,3.0],"texture":"#0"},"north":{"uv":[7.5,2.5,6.5,3.0],"texture":"#0"},"south":{"uv":[6.5,2.5,7.5,3.0],"texture":"#0"},"west":{"uv":[6.0,3.0,7.0,3.5],"texture":"#0"},"east":{"uv":[7.0,2.5,7.5,3.0],"texture":"#0"}}}],"textures":{"0":"c7fd8b7c-9e27-47ce-8aa3-b497676a877c"}}