{"display":{"thirdperson_righthand":{"rotation":[10.0,-45.0,-45.0],"translation":[0.0,1.5,-2.75],"scale":[0.37,0.37,0.37]},"thirdperson_lefthand":{"rotation":[10.0,-45.0,-45.0],"translation":[0.0,1.5,-2.75],"scale":[0.37,0.37,0.37]},"firstperson_righthand":{"rotation":[0.0,113.0,18.0],"translation":[0.0,3.59,0.0],"scale":[0.35,0.35,0.35]},"firstperson_lefthand":{"rotation":[0.0,113.0,18.0],"translation":[0.0,3.59,0.0],"scale":[0.35,0.35,0.35]},"gui":{"rotation":[13.0,149.0,0.0],"scale":[0.7,0.7,0.7]},"head":{"translation":[0.0,-12.09,0.0],"scale":[4.0,4.0,4.0]},"ground":{"translation":[0.0,5.1,0.0],"scale":[0.5,0.5,0.5]},"fixed":{"rotation":[-90.0,180.0,0.0],"translation":[0.0,0.76,-7.18]}},"elements":[{"from":[5.5,4.75,8.5],"to":[7.0,5.0,9.0],"faces":{"up":{"texture":"#0"},"north":{"uv":[7.0,8.5,5.5,9.0],"texture":"#0"},"south":{"uv":[5.5,9.0,7.0,8.5],"texture":"#0"},"west":{"uv":[5.5,8.5,6.0,9.0],"texture":"#0","rotation":270}}},{"from":[6.0,4.75,10.0],"to":[10.5,5.0,10.5],"faces":{"up":{"texture":"#0"},"north":{"uv":[10.5,10.0,6.0,10.5],"texture":"#0"},"south":{"uv":[6.0,10.5,10.5,10.0],"texture":"#0"},"west":{"uv":[6.0,10.0,6.5,10.5],"texture":"#0","rotation":270},"east":{"uv":[10.5,10.0,10.0,10.5],"texture":"#0","rotation":90}}},{"from":[6.5,4.75,10.5],"to":[10.0,5.0,11.0],"faces":{"up":{"texture":"#0"},"south":{"uv":[6.5,11.0,10.0,10.5],"texture":"#0"},"west":{"uv":[6.5,10.5,7.0,11.0],"texture":"#0","rotation":270},"east":{"uv":[10.0,10.5,9.5,11.0],"texture":"#0","rotation":90}}},{"from":[6.5,4.75,11.5],"to":[10.0,5.0,12.0],"faces":{"up":{"texture":"#0"},"north":{"uv":[10.0,11.5,6.5,12.0],"texture":"#0"},"south":{"uv":[6.5,12.0,10.0,11.5],"texture":"#0"},"west":{"uv":[6.5,11.5,7.0,12.0],"texture":"#0","rotation":270},"east":{"uv":[10.0,11.5,9.5,12.0],"texture":"#0","rotation":90}}},{"from":[7.0,4.75,6.0],"to":[9.5,5.0,7.0],"faces":{"down":{"uv":[7.0,7.0,9.5,6.0],"texture":"#0"},"up":{"texture":"#0"},"north":{"uv":[9.5,6.0,7.0,6.5],"texture":"#0"},"west":{"uv":[7.0,6.0,7.5,7.0],"texture":"#0","rotation":270},"east":{"uv":[9.5,6.0,9.0,7.0],"texture":"#0","rotation":90}}},{"from":[7.0,4.75,12.0],"to":[9.5,5.0,12.5],"faces":{"up":{"texture":"#0"},"south":{"uv":[7.0,12.5,9.5,12.0],"texture":"#0"},"west":{"uv":[7.0,12.0,7.5,12.5],"texture":"#0","rotation":270},"east":{"uv":[9.5,12.0,9.0,12.5],"texture":"#0","rotation":90}}},{"from":[7.5,4.75,13.0],"to":[9.0,5.0,13.5],"faces":{"up":{"texture":"#0"},"north":{"uv":[9.0,13.0,7.5,13.5],"texture":"#0"},"south":{"uv":[7.5,13.5,9.0,13.0],"texture":"#0"},"west":{"uv":[7.5,13.0,8.0,13.5],"texture":"#0","rotation":270},"east":{"uv":[9.0,13.0,8.5,13.5],"texture":"#0","rotation":90}}},{"from":[9.5,4.75,8.5],"to":[11.0,5.0,9.0],"faces":{"up":{"texture":"#0"},"north":{"uv":[11.0,8.5,9.5,9.0],"texture":"#0"},"south":{"uv":[9.5,9.0,11.0,8.5],"texture":"#0"},"east":{"uv":[11.0,8.5,10.5,9.0],"texture":"#0","rotation":90}}},{"from":[5.0,2.0,7.5],"to":[5.5,4.75,9.5],"faces":{"down":{"uv":[5.0,9.5,5.5,7.5],"texture":"#0"},"up":{"texture":"#0"},"north":{"uv":[5.5,7.5,5.0,8.0],"texture":"#0"},"south":{"uv":[5.0,9.5,5.5,9.0],"texture":"#0"},"west":{"uv":[5.0,7.5,5.5,9.5],"texture":"#0","rotation":270},"east":{"uv":[5.5,7.5,5.0,9.5],"texture":"#0","rotation":90}}},{"from":[5.0,2.0,10.0],"to":[11.5,4.75,11.0],"faces":{"down":{"uv":[5.0,11.0,11.5,10.0],"texture":"#0"},"up":{"texture":"#0"},"north":{"uv":[11.5,10.0,5.0,10.5],"texture":"#0"},"south":{"uv":[5.0,11.0,11.5,10.5],"texture":"#0"},"west":{"uv":[5.0,10.0,5.5,11.0],"texture":"#0","rotation":270},"east":{"uv":[11.5,10.0,11.0,11.0],"texture":"#0","rotation":90}}},{"from":[5.5,2.0,6.5],"to":[11.0,4.75,7.0],"faces":{"down":{"uv":[5.5,7.0,11.0,6.5],"texture":"#0"},"up":{"texture":"#0"},"north":{"uv":[11.0,6.5,5.5,7.0],"texture":"#0"},"south":{"uv":[5.5,7.0,11.0,6.5],"texture":"#0"},"west":{"uv":[5.5,6.5,6.0,7.0],"texture":"#0","rotation":270},"east":{"uv":[11.0,6.5,10.5,7.0],"texture":"#0","rotation":90}}},{"from":[5.5,2.0,11.5],"to":[11.0,4.75,12.5],"faces":{"down":{"uv":[5.5,12.5,11.0,11.5],"texture":"#0"},"up":{"texture":"#0"},"north":{"uv":[11.0,11.5,5.5,12.0],"texture":"#0"},"south":{"uv":[5.5,12.5,11.0,12.0],"texture":"#0"},"west":{"uv":[5.5,11.5,6.0,12.5],"texture":"#0","rotation":270},"east":{"uv":[11.0,11.5,10.5,12.5],"texture":"#0","rotation":90}}},{"from":[6.0,2.0,6.0],"to":[10.5,4.75,6.5],"faces":{"down":{"uv":[6.0,6.5,10.5,6.0],"texture":"#0"},"up":{"texture":"#0"},"north":{"uv":[10.5,6.0,6.0,6.5],"texture":"#0"},"west":{"uv":[6.0,6.0,6.5,6.5],"texture":"#0","rotation":270},"east":{"uv":[10.5,6.0,10.0,6.5],"texture":"#0","rotation":90}}},{"from":[6.0,2.0,9.5],"to":[10.5,4.75,10.0],"faces":{"down":{"uv":[6.0,10.0,10.5,9.5],"texture":"#0"},"up":{"texture":"#0"},"north":{"uv":[10.5,9.5,6.0,10.0],"texture":"#0"},"west":{"uv":[6.0,9.5,6.5,10.0],"texture":"#0","rotation":270},"east":{"uv":[10.5,9.5,10.0,10.0],"texture":"#0","rotation":90}}},{"from":[6.0,2.0,13.0],"to":[10.5,4.75,13.5],"faces":{"down":{"uv":[6.0,13.5,10.5,13.0],"texture":"#0"},"up":{"texture":"#0"},"north":{"uv":[10.5,13.0,6.0,13.5],"texture":"#0"},"south":{"uv":[6.0,13.5,10.5,13.0],"texture":"#0"},"west":{"uv":[6.0,13.0,6.5,13.5],"texture":"#0","rotation":270},"east":{"uv":[10.5,13.0,10.0,13.5],"texture":"#0","rotation":90}}},{"from":[6.5,2.0,11.0],"to":[10.0,4.75,11.5],"faces":{"down":{"uv":[6.5,11.5,10.0,11.0],"texture":"#0"},"up":{"texture":"#0"},"west":{"uv":[6.5,11.0,7.0,11.5],"texture":"#0","rotation":270},"east":{"uv":[10.0,11.0,9.5,11.5],"texture":"#0","rotation":90}}},{"from":[7.0,2.0,5.5],"to":[9.5,4.75,6.0],"faces":{"down":{"uv":[7.0,6.0,9.5,5.5],"texture":"#0"},"up":{"texture":"#0"},"north":{"uv":[9.5,5.5,7.0,6.0],"texture":"#0"},"west":{"uv":[7.0,5.5,7.5,6.0],"texture":"#0","rotation":270},"east":{"uv":[9.5,5.5,9.0,6.0],"texture":"#0","rotation":90}}},{"from":[7.0,2.0,7.0],"to":[9.5,4.75,7.5],"faces":{"down":{"uv":[7.0,7.5,9.5,7.0],"texture":"#0"},"south":{"uv":[7.0,7.5,9.5,7.0],"texture":"#0"},"west":{"uv":[7.0,7.0,7.5,7.5],"texture":"#0","rotation":270},"east":{"uv":[9.5,7.0,9.0,7.5],"texture":"#0","rotation":90}}},{"from":[7.0,2.0,12.5],"to":[9.5,4.75,13.0],"faces":{"down":{"uv":[7.0,13.0,9.5,12.5],"texture":"#0"},"up":{"texture":"#0"},"west":{"uv":[7.0,12.5,7.5,13.0],"texture":"#0","rotation":270},"east":{"uv":[9.5,12.5,9.0,13.0],"texture":"#0","rotation":90}}},{"from":[7.0,2.0,14.0],"to":[9.5,4.75,14.5],"faces":{"down":{"uv":[7.0,14.5,9.5,14.0],"texture":"#0"},"up":{"texture":"#0"},"north":{"uv":[9.5,14.0,7.0,14.5],"texture":"#0"},"south":{"uv":[7.0,14.5,9.5,14.0],"texture":"#0"},"west":{"uv":[7.0,14.0,7.5,14.5],"texture":"#0","rotation":270},"east":{"uv":[9.5,14.0,9.0,14.5],"texture":"#0","rotation":90}}},{"from":[7.5,2.0,13.5],"to":[9.0,4.75,14.0],"faces":{"down":{"uv":[7.5,14.0,9.0,13.5],"texture":"#0"},"up":{"texture":"#0"},"west":{"uv":[7.5,13.5,8.0,14.0],"texture":"#0","rotation":270},"east":{"uv":[9.0,13.5,8.5,14.0],"texture":"#0","rotation":90}}},{"from":[9.5,2.0,8.0],"to":[11.5,4.75,8.5],"faces":{"down":{"uv":[9.5,8.5,11.5,8.0],"texture":"#0"},"up":{"texture":"#0"},"north":{"uv":[11.5,8.0,9.5,8.5],"texture":"#0"},"west":{"uv":[9.5,8.0,10.0,8.5],"texture":"#0","rotation":270},"east":{"uv":[11.5,8.0,11.0,8.5],"texture":"#0","rotation":90}}},{"from":[11.0,2.0,7.5],"to":[11.5,4.75,8.0],"faces":{"down":{"uv":[11.0,8.0,11.5,7.5],"texture":"#0"},"up":{"texture":"#0"},"north":{"uv":[11.5,7.5,11.0,8.0],"texture":"#0"},"west":{"uv":[11.0,7.5,11.5,8.0],"texture":"#0","rotation":270},"east":{"uv":[11.5,7.5,11.0,8.0],"texture":"#0","rotation":90}}},{"from":[4.5,2.25,7.5],"to":[12.0,4.5,10.0],"faces":{"down":{"uv":[4.5,10.0,12.0,7.5],"texture":"#0"},"up":{"texture":"#0"},"north":{"uv":[12.0,7.5,4.5,8.0],"texture":"#0"},"south":{"uv":[4.5,10.0,12.0,9.5],"texture":"#0"},"west":{"uv":[4.5,7.5,5.0,10.0],"texture":"#0","rotation":270},"east":{"uv":[12.0,7.5,11.5,10.0],"texture":"#0","rotation":90}}},{"from":[5.0,2.25,6.5],"to":[11.5,4.5,7.5],"faces":{"down":{"uv":[5.0,7.5,11.5,6.5],"texture":"#0"},"up":{"texture":"#0"},"north":{"uv":[11.5,6.5,5.0,7.0],"texture":"#0"},"west":{"uv":[5.0,6.5,5.5,7.5],"texture":"#0","rotation":270},"east":{"uv":[11.5,6.5,11.0,7.5],"texture":"#0","rotation":90}}},{"from":[5.0,2.25,10.0],"to":[11.5,4.5,12.0],"faces":{"down":{"uv":[5.0,12.0,11.5,10.0],"texture":"#0"},"up":{"texture":"#0"},"south":{"uv":[5.0,12.0,11.5,11.5],"texture":"#0"},"west":{"uv":[5.0,10.0,5.5,12.0],"texture":"#0","rotation":270},"east":{"uv":[11.5,10.0,11.0,12.0],"texture":"#0","rotation":90}}},{"from":[5.5,2.25,6.0],"to":[11.0,4.5,6.5],"faces":{"down":{"uv":[5.5,6.5,11.0,6.0],"texture":"#0"},"up":{"texture":"#0"},"north":{"uv":[11.0,6.0,5.5,6.5],"texture":"#0"},"west":{"uv":[5.5,6.0,6.0,6.5],"texture":"#0","rotation":270},"east":{"uv":[11.0,6.0,10.5,6.5],"texture":"#0","rotation":90}}},{"from":[5.5,2.25,12.0],"to":[11.0,4.5,13.0],"faces":{"down":{"uv":[5.5,13.0,11.0,12.0],"texture":"#0"},"up":{"texture":"#0"},"south":{"uv":[5.5,13.0,11.0,12.5],"texture":"#0"},"west":{"uv":[5.5,12.0,6.0,13.0],"texture":"#0","rotation":270},"east":{"uv":[11.0,12.0,10.5,13.0],"texture":"#0","rotation":90}}},{"from":[6.0,2.25,5.5],"to":[10.5,4.5,6.0],"faces":{"down":{"uv":[6.0,6.0,10.5,5.5],"texture":"#0"},"up":{"texture":"#0"},"north":{"uv":[10.5,5.5,6.0,6.0],"texture":"#0"},"west":{"uv":[6.0,5.5,6.5,6.0],"texture":"#0","rotation":270},"east":{"uv":[10.5,5.5,10.0,6.0],"texture":"#0","rotation":90}}},{"from":[6.5,2.25,13.5],"to":[10.0,4.5,14.0],"faces":{"down":{"uv":[6.5,14.0,10.0,13.5],"texture":"#0"},"up":{"texture":"#0"},"south":{"uv":[6.5,14.0,10.0,13.5],"texture":"#0"},"west":{"uv":[6.5,13.5,7.0,14.0],"texture":"#0","rotation":270},"east":{"uv":[10.0,13.5,9.5,14.0],"texture":"#0","rotation":90}}},{"from":[7.0,2.25,5.0],"to":[9.5,4.5,5.5],"faces":{"down":{"uv":[7.0,5.5,9.5,5.0],"texture":"#0"},"up":{"texture":"#0"},"north":{"uv":[9.5,5.0,7.0,5.5],"texture":"#0"},"west":{"uv":[7.0,5.0,7.5,5.5],"texture":"#0","rotation":270},"east":{"uv":[9.5,5.0,9.0,5.5],"texture":"#0","rotation":90}}},{"from":[4.0,2.5,7.5],"to":[12.5,4.0,10.0],"faces":{"down":{"uv":[4.0,10.0,12.5,7.5],"texture":"#0"},"up":{"texture":"#0"},"north":{"uv":[12.5,7.5,4.0,8.0],"texture":"#0"},"south":{"uv":[4.0,10.0,12.5,9.5],"texture":"#0"},"west":{"uv":[4.0,7.5,4.5,10.0],"texture":"#0","rotation":270},"east":{"uv":[12.5,7.5,12.0,10.0],"texture":"#0","rotation":90}}},{"from":[4.5,2.5,6.0],"to":[12.0,4.0,7.5],"faces":{"down":{"uv":[4.5,7.5,12.0,6.0],"texture":"#0"},"up":{"texture":"#0"},"north":{"uv":[12.0,6.0,4.5,6.5],"texture":"#0"},"west":{"uv":[4.5,6.0,5.0,7.5],"texture":"#0","rotation":270},"east":{"uv":[12.0,6.0,11.5,7.5],"texture":"#0","rotation":90}}},{"from":[4.5,2.5,10.0],"to":[12.0,4.0,12.0],"faces":{"down":{"uv":[4.5,12.0,12.0,10.0],"texture":"#0"},"up":{"texture":"#0"},"south":{"uv":[4.5,12.0,12.0,11.5],"texture":"#0"},"west":{"uv":[4.5,10.0,5.0,12.0],"texture":"#0","rotation":270},"east":{"uv":[12.0,10.0,11.5,12.0],"texture":"#0","rotation":90}}},{"from":[5.0,2.5,5.5],"to":[11.5,4.0,6.0],"faces":{"down":{"uv":[5.0,6.0,11.5,5.5],"texture":"#0"},"up":{"texture":"#0"},"north":{"uv":[11.5,5.5,5.0,6.0],"texture":"#0"},"west":{"uv":[5.0,5.5,5.5,6.0],"texture":"#0","rotation":270},"east":{"uv":[11.5,5.5,11.0,6.0],"texture":"#0","rotation":90}}},{"from":[5.0,2.5,12.0],"to":[11.5,4.0,13.0],"faces":{"down":{"uv":[5.0,13.0,11.5,12.0],"texture":"#0"},"up":{"texture":"#0"},"south":{"uv":[5.0,13.0,11.5,12.5],"texture":"#0"},"west":{"uv":[5.0,12.0,5.5,13.0],"texture":"#0","rotation":270},"east":{"uv":[11.5,12.0,11.0,13.0],"texture":"#0","rotation":90}}},{"from":[5.5,2.5,13.0],"to":[11.0,4.0,13.5],"faces":{"down":{"uv":[5.5,13.5,11.0,13.0],"texture":"#0"},"up":{"texture":"#0"},"south":{"uv":[5.5,13.5,11.0,13.0],"texture":"#0"},"west":{"uv":[5.5,13.0,6.0,13.5],"texture":"#0","rotation":270},"east":{"uv":[11.0,13.0,10.5,13.5],"texture":"#0","rotation":90}}},{"from":[6.0,2.75,3.5],"to":[10.5,3.75,4.5],"faces":{"down":{"uv":[6.0,4.5,10.5,3.5],"texture":"#0"},"up":{"texture":"#0"},"north":{"uv":[10.5,3.5,6.0,4.0],"texture":"#0"},"south":{"uv":[6.0,4.5,10.5,4.0],"texture":"#0"},"west":{"uv":[6.0,3.5,6.5,4.5],"texture":"#0","rotation":270},"east":{"uv":[10.5,3.5,10.0,4.5],"texture":"#0","rotation":90}}},{"from":[6.0,2.5,5.0],"to":[10.5,4.0,5.5],"faces":{"down":{"uv":[6.0,5.5,10.5,5.0],"texture":"#0"},"up":{"texture":"#0"},"north":{"uv":[10.5,5.0,6.0,5.5],"texture":"#0"},"west":{"uv":[6.0,5.0,6.5,5.5],"texture":"#0","rotation":270},"east":{"uv":[10.5,5.0,10.0,5.5],"texture":"#0","rotation":90}}},{"from":[6.0,2.5,13.5],"to":[10.5,4.0,14.0],"faces":{"down":{"uv":[6.0,14.0,10.5,13.5],"texture":"#0"},"up":{"texture":"#0"},"south":{"uv":[6.0,14.0,10.5,13.5],"texture":"#0"},"west":{"uv":[6.0,13.5,6.5,14.0],"texture":"#0","rotation":270},"east":{"uv":[10.5,13.5,10.0,14.0],"texture":"#0","rotation":90}}},{"from":[6.5,2.75,3.0],"to":[10.0,3.75,3.5],"faces":{"down":{"uv":[6.5,3.5,10.0,3.0],"texture":"#0"},"up":{"texture":"#0"},"north":{"uv":[10.0,3.0,6.5,3.5],"texture":"#0"},"west":{"uv":[6.5,3.0,7.0,3.5],"texture":"#0","rotation":270},"east":{"uv":[10.0,3.0,9.5,3.5],"texture":"#0","rotation":90}}},{"from":[6.5,2.5,14.0],"to":[10.0,4.0,14.5],"faces":{"down":{"uv":[6.5,14.5,10.0,14.0],"texture":"#0"},"up":{"texture":"#0"},"south":{"uv":[6.5,14.5,10.0,14.0],"texture":"#0"},"west":{"uv":[6.5,14.0,7.0,14.5],"texture":"#0","rotation":270},"east":{"uv":[10.0,14.0,9.5,14.5],"texture":"#0","rotation":90}}},{"from":[7.0,2.5,4.5],"to":[9.5,4.0,5.0],"faces":{"down":{"uv":[7.0,5.0,9.5,4.5],"texture":"#0"},"up":{"texture":"#0"},"north":{"uv":[9.5,4.5,7.0,5.0],"texture":"#0"},"west":{"uv":[7.0,4.5,7.5,5.0],"texture":"#0","rotation":270},"east":{"uv":[9.5,4.5,9.0,5.0],"texture":"#0","rotation":90}}},{"from":[7.0,2.5,14.5],"to":[9.5,4.0,15.0],"faces":{"down":{"uv":[7.0,15.0,9.5,14.5],"texture":"#0"},"up":{"texture":"#0"},"south":{"uv":[7.0,15.0,9.5,14.5],"texture":"#0"},"west":{"uv":[7.0,14.5,7.5,15.0],"texture":"#0","rotation":270},"east":{"uv":[9.5,14.5,9.0,15.0],"texture":"#0","rotation":90}}},{"from":[7.5,2.75,2.5],"to":[9.0,3.75,3.0],"faces":{"down":{"uv":[7.5,3.0,9.0,2.5],"texture":"#0"},"up":{"texture":"#0"},"west":{"uv":[7.5,2.5,8.0,3.0],"texture":"#0","rotation":270},"east":{"uv":[9.0,2.5,8.5,3.0],"texture":"#0","rotation":90}}},{"from":[4.0,3.0,7.0],"to":[12.5,3.5,10.5],"faces":{"down":{"uv":[4.0,10.5,12.5,7.0],"texture":"#0"},"up":{"texture":"#0"},"north":{"uv":[12.5,7.0,4.0,7.5],"texture":"#0"},"south":{"uv":[4.0,10.5,12.5,10.0],"texture":"#0"},"west":{"uv":[4.0,7.0,4.5,10.5],"texture":"#0","rotation":270},"east":{"uv":[12.5,7.0,12.0,10.5],"texture":"#0","rotation":90}}},{"from":[4.5,3.0,5.5],"to":[12.0,3.5,7.0],"faces":{"down":{"uv":[4.5,7.0,12.0,5.5],"texture":"#0"},"up":{"texture":"#0"},"north":{"uv":[12.0,5.5,4.5,6.0],"texture":"#0"},"west":{"uv":[4.5,5.5,5.0,7.0],"texture":"#0","rotation":270},"east":{"uv":[12.0,5.5,11.5,7.0],"texture":"#0","rotation":90}}},{"from":[4.5,3.0,10.5],"to":[12.0,3.5,12.5],"faces":{"down":{"uv":[4.5,12.5,12.0,10.5],"texture":"#0"},"up":{"texture":"#0"},"south":{"uv":[4.5,12.5,12.0,12.0],"texture":"#0"},"west":{"uv":[4.5,10.5,5.0,12.5],"texture":"#0","rotation":270},"east":{"uv":[12.0,10.5,11.5,12.5],"texture":"#0","rotation":90}}},{"from":[5.0,3.0,12.5],"to":[11.5,3.5,13.5],"faces":{"down":{"uv":[5.0,13.5,11.5,12.5],"texture":"#0"},"up":{"texture":"#0"},"south":{"uv":[5.0,13.5,11.5,13.0],"texture":"#0"},"west":{"uv":[5.0,12.5,5.5,13.5],"texture":"#0","rotation":270},"east":{"uv":[11.5,12.5,11.0,13.5],"texture":"#0","rotation":90}}},{"from":[5.5,3.0,3.5],"to":[11.0,3.5,4.5],"faces":{"down":{"uv":[5.5,4.5,11.0,3.5],"texture":"#0"},"up":{"texture":"#0"},"north":{"uv":[11.0,3.5,5.5,4.0],"texture":"#0"},"south":{"uv":[5.5,4.5,11.0,4.0],"texture":"#0"},"west":{"uv":[5.5,3.5,6.0,4.5],"texture":"#0","rotation":270},"east":{"uv":[11.0,3.5,10.5,4.5],"texture":"#0","rotation":90}}},{"from":[5.5,3.0,5.0],"to":[11.0,3.5,5.5],"faces":{"down":{"uv":[5.5,5.5,11.0,5.0],"texture":"#0"},"up":{"texture":"#0"},"north":{"uv":[11.0,5.0,5.5,5.5],"texture":"#0"},"west":{"uv":[5.5,5.0,6.0,5.5],"texture":"#0","rotation":270},"east":{"uv":[11.0,5.0,10.5,5.5],"texture":"#0","rotation":90}}},{"from":[5.5,3.0,13.5],"to":[11.0,3.5,14.0],"faces":{"down":{"uv":[5.5,14.0,11.0,13.5],"texture":"#0"},"up":{"texture":"#0"},"south":{"uv":[5.5,14.0,11.0,13.5],"texture":"#0"},"west":{"uv":[5.5,13.5,6.0,14.0],"texture":"#0","rotation":270},"east":{"uv":[11.0,13.5,10.5,14.0],"texture":"#0","rotation":90}}},{"from":[6.0,3.0,3.0],"to":[10.5,3.5,3.5],"faces":{"down":{"uv":[6.0,3.5,10.5,3.0],"texture":"#0"},"up":{"texture":"#0"},"north":{"uv":[10.5,3.0,6.0,3.5],"texture":"#0"},"west":{"uv":[6.0,3.0,6.5,3.5],"texture":"#0","rotation":270},"east":{"uv":[10.5,3.0,10.0,3.5],"texture":"#0","rotation":90}}},{"from":[6.0,3.0,14.0],"to":[10.5,3.5,14.5],"faces":{"down":{"uv":[6.0,14.5,10.5,14.0],"texture":"#0"},"up":{"texture":"#0"},"south":{"uv":[6.0,14.5,10.5,14.0],"texture":"#0"},"west":{"uv":[6.0,14.0,6.5,14.5],"texture":"#0","rotation":270},"east":{"uv":[10.5,14.0,10.0,14.5],"texture":"#0","rotation":90}}},{"from":[6.5,2.5,1.0],"to":[10.0,4.0,2.5],"faces":{"down":{"uv":[12.5,2.5,16.0,1.0],"texture":"#0"},"up":{"texture":"#0"},"north":{"uv":[16.0,4.0,12.5,5.5],"texture":"#0"},"south":{"uv":[6.5,2.5,10.0,2.0],"texture":"#0"},"west":{"uv":[14.5,2.5,16.0,4.0],"texture":"#0"},"east":{"uv":[14.5,2.5,16.0,4.0],"texture":"#0","rotation":90}}},{"from":[6.5,3.0,4.5],"to":[10.0,3.5,5.0],"faces":{"down":{"uv":[6.5,5.0,10.0,4.5],"texture":"#0"},"up":{"texture":"#0"},"west":{"uv":[6.5,4.5,7.0,5.0],"texture":"#0","rotation":270},"east":{"uv":[10.0,4.5,9.5,5.0],"texture":"#0","rotation":90}}},{"from":[6.5,3.0,14.5],"to":[10.0,3.5,15.0],"faces":{"down":{"uv":[6.5,15.0,10.0,14.5],"texture":"#0"},"up":{"texture":"#0"},"south":{"uv":[6.5,15.0,10.0,14.5],"texture":"#0"},"west":{"uv":[6.5,14.5,7.0,15.0],"texture":"#0","rotation":270},"east":{"uv":[10.0,14.5,9.5,15.0],"texture":"#0","rotation":90}}},{"from":[7.0,3.0,2.5],"to":[9.5,3.5,3.0],"faces":{"down":{"uv":[7.0,3.0,9.5,2.5],"texture":"#0"},"up":{"texture":"#0"},"west":{"uv":[7.0,2.5,7.5,3.0],"texture":"#0","rotation":270},"east":{"uv":[9.5,2.5,9.0,3.0],"texture":"#0","rotation":90}}},{"from":[7.5,2.5,0.0],"to":[8.0,3.5,0.5],"faces":{"down":{"uv":[7.5,0.0,8.0,0.5],"texture":"#0"},"up":{"texture":"#0"},"north":{"uv":[7.5,0.0,8.0,0.5],"texture":"#0"},"south":{"uv":[7.5,0.0,8.0,0.5],"texture":"#0"},"west":{"uv":[7.5,0.0,8.0,0.5],"texture":"#0"},"east":{"uv":[7.5,0.0,8.0,0.5],"texture":"#0"}}},{"from":[7.5,3.0,15.0],"to":[9.0,3.5,15.5],"faces":{"down":{"uv":[7.5,15.5,9.0,15.0],"texture":"#0"},"up":{"texture":"#0"},"south":{"uv":[7.5,15.5,9.0,15.0],"texture":"#0"},"west":{"uv":[7.5,15.0,8.0,15.5],"texture":"#0","rotation":270},"east":{"uv":[9.0,15.0,8.5,15.5],"texture":"#0","rotation":90}}},{"from":[7.25,2.75,0.5],"to":[9.25,3.75,1.0],"faces":{"down":{"uv":[8.0,1.0,9.0,0.5],"texture":"#0"},"up":{"uv":[8.0,0.5,9.0,1.0],"texture":"#0"},"north":{"uv":[9.0,0.5,8.0,1.0],"texture":"#0"},"west":{"uv":[8.0,0.5,8.5,1.0],"texture":"#0","rotation":270},"east":{"uv":[9.0,0.5,8.5,1.0],"texture":"#0","rotation":90}}},{"from":[8.5,2.5,0.0],"to":[9.0,3.5,0.5],"faces":{"down":{"uv":[8.5,0.5,9.0,0.0],"texture":"#0"},"up":{"texture":"#0"},"north":{"uv":[9.0,0.0,8.5,0.5],"texture":"#0"},"south":{"uv":[8.5,0.5,9.0,0.0],"texture":"#0"},"west":{"uv":[8.5,0.0,9.0,0.5],"texture":"#0","rotation":270},"east":{"uv":[9.0,0.0,8.5,0.5],"texture":"#0","rotation":90}}},{"from":[6.25,3.0,1.0],"to":[7.0,4.0,2.0],"faces":{"down":{"uv":[16.0,0.5,15.0,1.0],"texture":"#0","rotation":90},"up":{"uv":[15.0,0.0,16.0,0.5],"texture":"#0","rotation":90},"north":{"uv":[14.5,2.5,15.0,3.5],"texture":"#0"},"south":{"uv":[15.0,2.5,15.5,3.5],"texture":"#0"},"west":{"uv":[14.5,2.5,15.5,3.5],"texture":"#0"}}},{"from":[9.5,3.0,1.0],"to":[10.25,4.0,2.0],"faces":{"down":{"uv":[16.0,0.5,15.0,1.0],"texture":"#0","rotation":90},"up":{"uv":[15.0,0.0,16.0,0.5],"texture":"#0","rotation":90},"north":{"uv":[14.5,2.5,15.0,3.5],"texture":"#0"},"south":{"uv":[15.0,2.5,15.5,3.5],"texture":"#0"},"east":{"uv":[15.5,2.5,14.5,3.5],"texture":"#0"}}},{"from":[7.0,4.0,1.25],"to":[9.5,4.25,2.25],"faces":{"up":{"texture":"#0"},"north":{"uv":[7.0,1.25,9.5,1.5],"texture":"#0"},"south":{"uv":[7.0,2.25,9.5,2.5],"texture":"#0"},"west":{"uv":[9.0,2.25,9.5,1.25],"texture":"#0","rotation":90},"east":{"uv":[7.0,1.25,7.5,2.25],"texture":"#0","rotation":90}}},{"from":[6.5,3.75,3.5],"to":[10.0,4.0,4.5],"faces":{"up":{"texture":"#0"},"north":{"uv":[6.5,3.5,10.0,3.75],"texture":"#0"},"south":{"uv":[6.5,4.25,10.0,4.5],"texture":"#0"},"west":{"uv":[6.75,4.5,7.0,3.5],"texture":"#0","rotation":90},"east":{"uv":[6.75,3.5,7.0,4.5],"texture":"#0","rotation":90}}},{"from":[7.5,3.75,3.0],"to":[9.0,4.0,3.5],"faces":{"up":{"texture":"#0"},"north":{"uv":[7.5,3.0,9.0,3.25],"texture":"#0"},"west":{"uv":[7.5,3.25,8.0,3.5],"texture":"#0"},"east":{"uv":[8.5,3.25,9.0,3.5],"texture":"#0"}}},{"from":[7.0,2.25,1.25],"to":[9.5,2.5,2.25],"faces":{"down":{"uv":[9.5,2.25,7.0,1.25],"texture":"#0"},"north":{"uv":[7.0,1.25,9.5,1.5],"texture":"#0"},"south":{"uv":[7.0,2.25,9.5,2.5],"texture":"#0"},"west":{"uv":[9.0,2.25,9.5,1.25],"texture":"#0","rotation":90},"east":{"uv":[7.0,1.25,7.5,2.25],"texture":"#0","rotation":90}}},{"from":[7.25,2.25,0.75],"to":[7.75,2.5,1.25],"faces":{"down":{"uv":[7.5,0.0,8.0,0.5],"texture":"#0"},"up":{"uv":[7.5,0.0,8.0,0.5],"texture":"#0"},"north":{"uv":[7.5,0.0,8.0,0.5],"texture":"#0"},"west":{"uv":[7.5,0.0,8.0,0.5],"texture":"#0"},"east":{"uv":[7.5,0.0,8.0,0.5],"texture":"#0"}}},{"from":[8.75,2.25,0.75],"to":[9.25,2.5,1.25],"faces":{"down":{"uv":[7.5,0.0,8.0,0.5],"texture":"#0"},"up":{"uv":[7.5,0.0,8.0,0.5],"texture":"#0"},"north":{"uv":[7.5,0.0,8.0,0.5],"texture":"#0"},"west":{"uv":[7.5,0.0,8.0,0.5],"texture":"#0"},"east":{"uv":[7.5,0.0,8.0,0.5],"texture":"#0"}}},{"from":[14.0,2.5,6.75],"to":[15.0,6.5,7.75],"rotation":{"origin":[14.0,6.5,6.75],"axis":"z","angle":-45.0},"faces":{"down":{"uv":[0.5,0.0,1.5,0.5],"texture":"#0"},"up":{"uv":[0.5,0.0,1.5,0.5],"texture":"#0"},"north":{"uv":[0.0,0.0,1.0,4.0],"texture":"#0"},"south":{"uv":[2.0,0.0,3.0,4.0],"texture":"#0"},"west":{"uv":[1.0,0.0,2.0,4.0],"texture":"#0"},"east":{"uv":[3.0,0.0,4.0,4.0],"texture":"#0"}}},{"from":[13.75,2.25,9.5],"to":[14.75,6.25,10.5],"rotation":{"origin":[13.75,6.25,9.5],"axis":"z","angle":-45.0},"faces":{"down":{"uv":[0.5,0.0,1.5,0.5],"texture":"#0"},"up":{"uv":[0.5,0.0,1.5,0.5],"texture":"#0"},"north":{"uv":[3.0,0.0,4.0,4.0],"texture":"#0"},"south":{"uv":[1.0,0.0,2.0,4.0],"texture":"#0"},"west":{"uv":[0.0,0.0,1.0,4.0],"texture":"#0"},"east":{"uv":[2.0,0.0,3.0,4.0],"texture":"#0"}}},{"from":[13.75,-0.5,6.75],"to":[14.25,6.25,7.25],"rotation":{"origin":[13.75,6.25,6.75],"axis":"x","angle":22.5},"faces":{"down":{"uv":[0.0,4.5,0.5,5.0],"texture":"#0"},"up":{"uv":[0.0,4.5,0.5,5.0],"texture":"#0"},"north":{"uv":[0.0,4.5,0.5,8.5],"texture":"#0"},"south":{"uv":[0.0,4.5,0.5,8.5],"texture":"#0"},"west":{"uv":[0.0,4.5,0.5,8.5],"texture":"#0"},"east":{"uv":[0.0,4.5,0.5,8.5],"texture":"#0"}}},{"from":[14.0,-0.75,9.75],"to":[14.5,6.0,10.25],"rotation":{"origin":[14.0,6.0,9.75],"axis":"z","angle":22.5},"faces":{"down":{"uv":[0.0,4.5,0.5,5.0],"texture":"#0"},"up":{"uv":[0.0,4.5,0.5,5.0],"texture":"#0"},"north":{"uv":[0.0,4.5,0.5,8.5],"texture":"#0"},"south":{"uv":[0.0,4.5,0.5,8.5],"texture":"#0"},"west":{"uv":[0.0,4.5,0.5,8.5],"texture":"#0"},"east":{"uv":[0.0,4.5,0.5,8.5],"texture":"#0"}}},{"from":[2.0,2.0,6.75],"to":[3.0,6.0,7.75],"rotation":{"origin":[2.0,6.0,6.75],"axis":"z","angle":45.0},"faces":{"down":{"uv":[0.5,0.0,1.5,0.5],"texture":"#0"},"up":{"uv":[0.5,0.0,1.5,0.5],"texture":"#0"},"north":{"uv":[0.0,0.0,1.0,4.0],"texture":"#0"},"south":{"uv":[2.0,0.0,3.0,4.0],"texture":"#0"},"west":{"uv":[1.0,0.0,2.0,4.0],"texture":"#0"},"east":{"uv":[3.0,0.0,4.0,4.0],"texture":"#0"}}},{"from":[2.25,1.5,9.5],"to":[3.25,5.5,10.5],"rotation":{"origin":[2.25,5.5,9.5],"axis":"z","angle":45.0},"faces":{"down":{"uv":[0.5,0.0,1.5,0.5],"texture":"#0"},"up":{"uv":[0.5,0.0,1.5,0.5],"texture":"#0"},"north":{"uv":[3.0,0.0,4.0,4.0],"texture":"#0"},"south":{"uv":[1.0,0.0,2.0,4.0],"texture":"#0"},"west":{"uv":[0.0,0.0,1.0,4.0],"texture":"#0"},"east":{"uv":[2.0,0.0,3.0,4.0],"texture":"#0"}}},{"from":[2.25,-0.5,6.75],"to":[2.75,6.25,7.25],"rotation":{"origin":[2.25,6.25,6.75],"axis":"x","angle":22.5},"faces":{"down":{"uv":[0.0,4.5,0.5,5.0],"texture":"#0"},"up":{"uv":[0.0,4.5,0.5,5.0],"texture":"#0"},"north":{"uv":[0.0,4.5,0.5,8.5],"texture":"#0"},"south":{"uv":[0.0,4.5,0.5,8.5],"texture":"#0"},"west":{"uv":[0.0,4.5,0.5,8.5],"texture":"#0"},"east":{"uv":[0.0,4.5,0.5,8.5],"texture":"#0"}}},{"from":[2.5,-0.5,9.75],"to":[3.0,6.25,10.25],"rotation":{"origin":[2.5,6.25,9.75],"axis":"z","angle":-22.5},"faces":{"down":{"uv":[0.0,4.5,0.5,5.0],"texture":"#0"},"up":{"uv":[0.0,4.5,0.5,5.0],"texture":"#0"},"north":{"uv":[0.0,4.5,0.5,8.5],"texture":"#0"},"south":{"uv":[0.0,4.5,0.5,8.5],"texture":"#0"},"west":{"uv":[0.0,4.5,0.5,8.5],"texture":"#0"},"east":{"uv":[0.0,4.5,0.5,8.5],"texture":"#0"}}},{"from":[5.25,2.4375,14.0],"to":[6.25,6.4375,15.0],"rotation":{"origin":[5.25,6.4375,14.0],"axis":"x","angle":45.0},"faces":{"up":{"uv":[0.5,0.0,1.5,0.5],"texture":"#0"},"north":{"uv":[3.0,0.0,4.0,4.0],"texture":"#0"},"south":{"uv":[1.0,0.0,2.0,4.0],"texture":"#0"},"west":{"uv":[0.0,0.0,1.0,4.0],"texture":"#0"},"east":{"uv":[2.0,0.0,3.0,4.0],"texture":"#0"}}},{"from":[10.25,2.25,14.0],"to":[11.25,6.25,15.0],"rotation":{"origin":[10.25,6.25,14.0],"axis":"x","angle":45.0},"faces":{"up":{"uv":[0.5,0.0,1.5,0.5],"texture":"#0"},"north":{"uv":[3.0,0.0,4.0,4.0],"texture":"#0"},"south":{"uv":[1.0,0.0,2.0,4.0],"texture":"#0"},"west":{"uv":[0.0,0.0,1.0,4.0],"texture":"#0"},"east":{"uv":[2.0,0.0,3.0,4.0],"texture":"#0"}}},{"from":[5.4375,-0.625,13.75],"to":[5.9375,6.125,14.25],"rotation":{"origin":[5.4375,6.125,13.75],"axis":"z","angle":-22.5},"faces":{"down":{"uv":[0.0,4.5,0.5,5.0],"texture":"#0"},"up":{"uv":[0.0,4.5,0.5,5.0],"texture":"#0"},"north":{"uv":[0.0,4.5,0.5,8.5],"texture":"#0"},"south":{"uv":[0.0,4.5,0.5,8.5],"texture":"#0"},"west":{"uv":[0.0,4.5,0.5,8.5],"texture":"#0"},"east":{"uv":[0.0,4.5,0.5,8.5],"texture":"#0"}}},{"from":[10.625,-1.0,13.75],"to":[11.125,5.75,14.25],"rotation":{"origin":[10.625,5.75,13.75],"axis":"z","angle":22.5},"faces":{"down":{"uv":[0.0,4.5,0.5,5.0],"texture":"#0"},"up":{"uv":[0.0,4.5,0.5,5.0],"texture":"#0"},"north":{"uv":[0.0,4.5,0.5,8.5],"texture":"#0"},"south":{"uv":[0.0,4.5,0.5,8.5],"texture":"#0"},"west":{"uv":[0.0,4.5,0.5,8.5],"texture":"#0"},"east":{"uv":[0.0,4.5,0.5,8.5],"texture":"#0"}}},{"from":[2.75,3.75,8.5],"to":[2.8125,15.25,12.0],"rotation":{"origin":[2.75,15.25,8.5],"axis":"z","angle":22.5},"faces":{"west":{"uv":[6.5,1.0,10.0,12.5],"texture":"#1"},"east":{"uv":[10.0,1.0,6.5,12.5],"texture":"#1"}}},{"from":[14.25,3.75,8.5],"to":[14.3125,15.25,12.0],"rotation":{"origin":[14.25,15.25,8.5],"axis":"z","angle":-22.5},"faces":{"west":{"uv":[6.5,1.0,10.0,12.5],"texture":"#1"},"east":{"uv":[10.0,1.0,6.5,12.5],"texture":"#1"}}},{"from":[-1.5,1.5,8.5],"to":[-1.4375,13.0,12.0],"rotation":{"origin":[-1.5,13.0,8.5],"axis":"z","angle":45.0},"faces":{"west":{"uv":[6.5,1.0,10.0,12.5],"texture":"#2"},"east":{"uv":[10.0,1.0,6.5,12.5],"texture":"#2"}}},{"from":[9.5,4.4375,8.5],"to":[21.0,4.5,12.0],"rotation":{"origin":[9.5,4.5,8.5],"axis":"z","angle":22.5},"faces":{"down":{"uv":[10.0,1.5,6.5,13.0],"texture":"#3","rotation":90},"up":{"uv":[6.5,1.5,10.0,13.0],"texture":"#3","rotation":90}}},{"from":[18.5,1.5,8.5],"to":[18.5625,13.0,12.0],"rotation":{"origin":[18.5,13.0,8.5],"axis":"z","angle":-45.0},"faces":{"west":{"uv":[6.5,1.0,10.0,12.5],"texture":"#2"},"east":{"uv":[10.0,1.0,6.5,12.5],"texture":"#2"}}},{"from":[-4.0,8.9375,8.5],"to":[7.5,9.0,12.0],"rotation":{"origin":[-4.0,9.0,8.5],"axis":"z","angle":-22.5},"faces":{"down":{"uv":[10.0,13.0,6.5,1.5],"texture":"#3","rotation":90},"up":{"uv":[6.5,13.0,10.0,1.5],"texture":"#3","rotation":90}}},{"from":[6.75,12.125,7.0],"to":[9.75,15.125,10.5],"faces":{"up":{"uv":[7.5,0.5,10.5,4.0],"texture":"#4"},"north":{"uv":[3.5,0.5,6.5,3.5],"texture":"#4"},"south":{"uv":[7.5,0.5,10.5,3.5],"texture":"#4"},"west":{"uv":[7.5,1.0,11.0,4.0],"texture":"#4"},"east":{"uv":[7.5,1.0,11.0,4.0],"texture":"#4"}}},{"from":[6.25,12.125,7.25],"to":[10.25,14.625,10.25],"faces":{"down":{"uv":[7.5,1.0,11.0,4.0],"texture":"#4"},"up":{"uv":[7.5,1.0,11.0,4.0],"texture":"#4"},"north":{"uv":[3.0,1.0,7.0,3.5],"texture":"#4"},"south":{"uv":[7.0,1.0,11.0,3.5],"texture":"#4"},"west":{"uv":[7.5,1.0,10.5,3.5],"texture":"#4"},"east":{"uv":[8.0,1.5,11.0,4.0],"texture":"#4"}}},{"from":[6.5,11.125,6.625],"to":[10.0,12.125,10.625],"faces":{"down":{"uv":[3.5,3.5,7.0,4.5],"texture":"#4"},"up":{"uv":[3.5,3.5,7.0,4.5],"texture":"#4"},"north":{"uv":[3.5,3.5,7.0,4.5],"texture":"#4"},"south":{"uv":[7.5,3.5,11.0,4.5],"texture":"#4"},"west":{"uv":[7.5,3.5,11.0,4.5],"texture":"#4"},"east":{"uv":[7.5,3.5,11.0,4.5],"texture":"#4"}}},{"from":[7.5,15.125,7.5],"to":[9.0,15.625,10.0],"faces":{"up":{"uv":[7.5,0.5,9.0,3.0],"texture":"#4"},"north":{"uv":[4.0,0.0,5.5,0.5],"texture":"#4"},"south":{"uv":[8.0,0.0,9.5,0.5],"texture":"#4"},"west":{"uv":[8.0,0.0,10.0,0.5],"texture":"#4"},"east":{"uv":[8.0,0.0,10.0,0.5],"texture":"#4"}}},{"from":[6.0,6.625,7.25],"to":[10.5,10.625,10.25],"faces":{"down":{"uv":[6.0,11.5,10.5,14.5],"texture":"#4"},"up":{"uv":[7.5,1.0,11.0,3.5],"texture":"#4"},"north":{"uv":[0.0,4.5,4.5,8.5],"texture":"#4"},"south":{"uv":[7.5,1.5,11.0,4.5],"texture":"#4"},"west":{"uv":[7.5,0.5,10.5,4.5],"texture":"#4"},"east":{"uv":[7.5,0.5,10.5,4.5],"texture":"#4"}}},{"from":[7.75,10.625,8.25],"to":[8.75,11.125,9.25],"faces":{"north":{"texture":"#4"},"south":{"texture":"#4"},"west":{"texture":"#4"},"east":{"texture":"#4"}}},{"from":[6.25,8.625,7.0],"to":[10.25,10.125,7.5],"faces":{"down":{"uv":[4.5,4.5,8.5,5.0],"texture":"#4"},"up":{"uv":[4.5,5.5,8.5,6.0],"texture":"#4"},"north":{"uv":[4.5,4.5,8.5,6.0],"texture":"#4"},"west":{"uv":[4.5,4.5,5.0,6.0],"texture":"#4"},"east":{"uv":[8.0,4.5,8.5,6.0],"texture":"#4"}}},{"from":[5.75,4.625,6.75],"to":[10.75,6.625,9.75],"faces":{"up":{"uv":[6.0,6.0,11.0,8.0],"texture":"#4"},"north":{"uv":[6.0,6.0,11.0,8.0],"texture":"#4"},"south":{"uv":[6.0,6.0,11.0,8.0],"texture":"#4"},"west":{"uv":[6.0,6.0,9.0,8.0],"texture":"#4"},"east":{"uv":[8.0,6.0,11.0,8.0],"texture":"#4"}}},{"from":[6.0,4.75,4.25],"to":[7.5,5.75,7.75],"rotation":{"origin":[7.5,4.75,7.75],"axis":"y","angle":22.5},"faces":{"down":{"uv":[9.5,1.0,11.0,4.5],"texture":"#4"},"up":{"uv":[8.0,1.0,9.5,4.5],"texture":"#4"},"north":{"uv":[8.0,2.5,9.5,3.5],"texture":"#4"},"west":{"uv":[7.5,2.5,11.0,3.5],"texture":"#4"},"east":{"uv":[7.5,1.0,11.0,2.0],"texture":"#4"}}},{"from":[8.875,4.75,4.875],"to":[10.375,5.75,8.375],"rotation":{"origin":[10.375,4.75,8.375],"axis":"y","angle":-22.5},"faces":{"down":{"uv":[9.5,1.0,11.0,4.5],"texture":"#4"},"up":{"uv":[8.0,1.0,9.5,4.5],"texture":"#4"},"north":{"uv":[8.0,2.5,9.5,3.5],"texture":"#4"},"west":{"uv":[7.5,2.5,11.0,3.5],"texture":"#4"},"east":{"uv":[7.5,1.0,11.0,2.0],"texture":"#4"}}},{"from":[5.0,6.625,7.75],"to":[6.0,10.125,9.25],"faces":{"down":{"uv":[10.5,6.75,11.5,8.25],"texture":"#4"},"north":{"uv":[10.0,1.0,11.0,4.5],"texture":"#4"},"south":{"uv":[10.0,1.0,11.0,4.5],"texture":"#4"},"west":{"uv":[10.0,1.0,11.0,4.5],"texture":"#4"}}},{"from":[10.5,6.625,7.75],"to":[11.5,10.125,9.25],"faces":{"down":{"texture":"#4"},"north":{"uv":[10.0,1.0,11.0,4.5],"texture":"#4"},"south":{"uv":[10.0,1.0,11.0,4.5],"texture":"#4"},"east":{"uv":[9.5,1.0,11.0,4.5],"texture":"#4"}}},{"from":[10.25,9.0,7.5],"to":[11.75,10.5,9.5],"faces":{"down":{"uv":[4.5,6.0,6.0,7.5],"texture":"#4"},"up":{"uv":[4.5,6.0,6.0,7.5],"texture":"#4"},"north":{"uv":[4.5,6.0,6.0,7.5],"texture":"#4"},"south":{"uv":[4.5,6.0,6.0,7.5],"texture":"#4"},"east":{"uv":[4.5,6.0,6.0,7.5],"texture":"#4"}}},{"from":[4.75,9.0,7.5],"to":[6.25,10.5,9.5],"faces":{"down":{"uv":[4.5,6.0,6.0,7.5],"texture":"#4"},"up":{"uv":[4.5,6.0,6.0,7.5],"texture":"#4"},"north":{"uv":[4.5,6.0,6.0,7.5],"texture":"#4"},"south":{"uv":[4.5,6.0,6.0,7.5],"texture":"#4"},"west":{"uv":[4.5,6.0,6.0,7.5],"texture":"#4"}}},{"from":[5.0,12.5,9.0],"to":[6.5,14.5,9.001],"faces":{"north":{"uv":[1.5,0.0,0.0,2.0],"texture":"#4"},"south":{"uv":[1.5,0.0,3.0,2.0],"texture":"#4"}}},{"from":[10.0,12.5,9.0],"to":[11.5,14.5,9.001],"faces":{"north":{"uv":[0.0,0.0,1.5,2.0],"texture":"#4"},"south":{"uv":[3.0,0.0,1.5,2.0],"texture":"#4"}}}],"textures":{"0":"82c2fe54-17a1-4e76-b3b9-80cae92cc771","1":"79f2bfe7-48fa-4767-bcfa-cc652e474772","2":"7a4a5cca-5a61-4497-9229-83ba826e5412","3":"99a94a45-1ff5-4721-8544-c9f80432554c","4":"4991aa09-bf3c-4531-9e33-651f25d6b8b7"}}