{"parent":"item/generated","display":{"thirdperson_righthand":{"rotation":[-80.0,260.0,-40.0],"translation":[-1.0,-2.0,2.5],"scale":[0.9,0.9,0.9]},"thirdperson_lefthand":{"rotation":[-80.0,-280.0,40.0],"translation":[-1.0,-2.0,2.5],"scale":[0.9,0.9,0.9]},"firstperson_righthand":{"rotation":[0.0,-90.0,25.0],"translation":[1.13,3.2,1.13],"scale":[0.68,0.68,0.68]},"firstperson_lefthand":{"rotation":[0.0,90.0,-25.0],"translation":[1.13,3.2,1.13],"scale":[0.68,0.68,0.68]}},"textures":{"layer0":"item/bow"},"overrides":[{"predicate":{"pulling":1},"model":"item/bow_pulling_0"},{"predicate":{"pulling":1,"pull":0.65},"model":"item/bow_pulling_1"},{"predicate":{"pulling":1,"pull":0.9},"model":"item/bow_pulling_2"},{"predicate":{"custom_model_data":1000},"model":"539fa17d-4d74-46cc-a3ae-3e245ac3b8da"},{"predicate":{"pulling":1.0,"pull":0.0,"custom_model_data":1000},"model":"e79e4c82-b3dd-4881-b635-a95ff8dde161"},{"predicate":{"pulling":1.0,"pull":0.65,"custom_model_data":1000},"model":"510ec610-767b-4b5c-9b09-6fe6f995e834"},{"predicate":{"pulling":1.0,"pull":0.9,"custom_model_data":1000},"model":"d09fde6c-d1ef-4287-9c7f-629a28eeb064"}]}