{"parent":"item/handheld","textures":{"layer0":"item/diamond_sword"},"overrides":[{"predicate":{"custom_model_data":1001},"model":"6db774b3-9d1e-4b85-ab09-f0d678841eb2"},{"predicate":{"custom_model_data":1002},"model":"4ae24712-5f76-45a1-ad84-1cdf208f0777"},{"predicate":{"custom_model_data":1003},"model":"4598445f-8436-4d59-a7da-07c56eb43e5e"},{"predicate":{"custom_model_data":1004},"model":"4c2925ae-1401-4bac-8b5a-5d15d745c38c"},{"predicate":{"custom_model_data":1005},"model":"e5148327-5421-4ec4-9776-91f746aaeb4a"},{"predicate":{"custom_model_data":1006},"model":"da928516-c5d5-4344-b4bc-8cd87b854bea"},{"predicate":{"custom_model_data":1007},"model":"8dd4fc18-790d-42d9-b57c-1dd3ce05f7ed"},{"predicate":{"custom_model_data":1008},"model":"bf60def4-d26b-46f4-be64-fa611bd111f5"},{"predicate":{"custom_model_data":1009},"model":"21e8cac5-d2c9-4dea-96b3-1108e1b759d9"},{"predicate":{"custom_model_data":1010},"model":"7df2c205-c661-4841-a384-d7617e59cfd6"},{"predicate":{"custom_model_data":1011},"model":"444be2ca-e838-41f9-a510-2d3753696140"},{"predicate":{"custom_model_data":1012},"model":"24fe44d4-7e7e-4e35-b32c-7d446cc983d5"}]}