{"parent":"item/handheld","textures":{"layer0":"item/diamond_pickaxe"},"overrides":[{"predicate":{"custom_model_data":1001},"model":"696bf66e-e828-42da-96ce-03c7b02d4770"},{"predicate":{"custom_model_data":1002},"model":"c3e5cd99-f0dc-4c8f-a0dc-068206ed6226"},{"predicate":{"custom_model_data":1003},"model":"fd133dcd-9c47-4f56-8dfa-8c293ebfa6d4"},{"predicate":{"custom_model_data":1004},"model":"f66ddd1e-e41f-47d2-b11f-69e7f8dd0517"},{"predicate":{"custom_model_data":1005},"model":"e96b5b0d-3bf4-4c89-ae02-91a0a899fb28"},{"predicate":{"custom_model_data":1006},"model":"55a8c06d-e9ee-468f-be3c-d348eb079710"}]}