{"parent":"item/generated","textures":{"layer0":"item/flint"},"overrides":[{"predicate":{"custom_model_data":1},"model":"bloons:ui/previous-page"},{"predicate":{"custom_model_data":2},"model":"bloons:ui/unequip"},{"predicate":{"custom_model_data":3},"model":"bloons:ui/next-page"},{"predicate":{"custom_model_data":4},"model":"bloons:balloons/balloon-blue"},{"predicate":{"custom_model_data":5},"model":"bloons:balloons/balloon-green"},{"predicate":{"custom_model_data":6},"model":"bloons:balloons/balloon-pink"},{"predicate":{"custom_model_data":7},"model":"bloons:balloons/balloon-yellow"}]}