{"parent":"item/generated","textures":{"layer0":"item/gold_nugget"},"overrides":[{"predicate":{"custom_model_data":500},"model":"81eed849-c466-4917-b5b0-67d15156f404"},{"predicate":{"custom_model_data":501},"model":"a81a0de6-4500-48ef-87aa-eaa7d9fb5615"},{"predicate":{"custom_model_data":502},"model":"2063195f-03cd-403d-a3df-c1fd6dc10136"},{"predicate":{"custom_model_data":503},"model":"da6b0923-cb6e-498c-a4da-f1837898a74a"},{"predicate":{"custom_model_data":504},"model":"a0a6c590-101c-4a87-a27c-f4576a733939"},{"predicate":{"custom_model_data":505},"model":"f7316860-1fe0-42db-801e-33cc9877f478"},{"predicate":{"custom_model_data":506},"model":"28470e0e-21bd-4c06-b659-d9a9b8e9f180"},{"predicate":{"custom_model_data":507},"model":"4f28578d-63f4-4df2-a894-c6974706c11a"},{"predicate":{"custom_model_data":508},"model":"8dc2726c-2888-4820-a2b7-26f012db925b"}]}