{"parent":"item/generated","textures":{"layer0":"item/leather_horse_armor"},"overrides":[{"predicate":{"custom_model_data":1},"model":"bloons:balloons/balloon-dyeable"},{"predicate":{"custom_model_data":1},"model":"modelengine:cff7a55d-ed48-494d-92d1-13d976dca1a6"},{"predicate":{"custom_model_data":45},"model":"modelengine:7c288791-5973-44d4-87d2-37df35660985"},{"predicate":{"custom_model_data":52},"model":"modelengine:243e14ad-1ae5-4228-bc0d-da3c29acd7fa"},{"predicate":{"custom_model_data":58},"model":"modelengine:7432d23c-437e-4db1-9f74-0750f827edf2"},{"predicate":{"custom_model_data":59},"model":"modelengine:70beb08c-6c2a-4a74-bcb0-6830855f1079"},{"predicate":{"custom_model_data":60},"model":"modelengine:e7d66545-147d-4dc0-914d-a5365e73ba3b"},{"predicate":{"custom_model_data":61},"model":"modelengine:b7e81066-e33a-48dc-bb2c-51b87fd19d2d"},{"predicate":{"custom_model_data":67},"model":"modelengine:0476e4cd-e839-4415-938f-bc02add0e8f4"},{"predicate":{"custom_model_data":70},"model":"modelengine:e916756c-648e-4a67-a385-fb5e4981ef85"},{"predicate":{"custom_model_data":82},"model":"modelengine:f1739fd8-e4dc-438c-bb8f-19be2d9f2856"},{"predicate":{"custom_model_data":87},"model":"modelengine:ca10b711-0fc3-4cc3-b47d-4d42327f4d44"},{"predicate":{"custom_model_data":185},"model":"modelengine:f97e8667-30b9-4e4f-b366-da232f5c90ed"},{"predicate":{"custom_model_data":186},"model":"modelengine:291671b4-ad03-4d94-ae9a-38e589cc9cc9"},{"predicate":{"custom_model_data":187},"model":"modelengine:b6aba5c0-e386-49a1-b675-79d17b906b9d"},{"predicate":{"custom_model_data":188},"model":"modelengine:b0138e69-9d20-4ac8-a875-f6f49b7ecab3"},{"predicate":{"custom_model_data":189},"model":"modelengine:3aa9a73d-fe8a-4c60-9188-44fe4dd06a20"},{"predicate":{"custom_model_data":190},"model":"modelengine:b8cc22b6-8bf6-41f1-b37f-d8a93de3f15d"},{"predicate":{"custom_model_data":191},"model":"modelengine:7c542a8e-d78f-4f67-96d6-8d2e2d0fa825"},{"predicate":{"custom_model_data":192},"model":"modelengine:d81c9130-5ab2-472d-b8b1-66e775a16a98"},{"predicate":{"custom_model_data":193},"model":"modelengine:c6049bfc-2481-4508-aff1-5e63a22c195f"},{"predicate":{"custom_model_data":194},"model":"modelengine:1d4b384e-b328-42e0-a0e4-3a863cfff7b6"},{"predicate":{"custom_model_data":195},"model":"modelengine:ed511766-ac16-4915-b2d7-8c65efb11392"}]}