{"parent":"item/generated","textures":{"layer0":"item/paper"},"overrides":[{"predicate":{"custom_model_data":1000},"model":"c7099338-e15b-4e46-a1c0-eeece2712014"},{"predicate":{"custom_model_data":1001},"model":"ee998e61-9a76-49a3-a632-2bf375889b03"},{"predicate":{"custom_model_data":1002},"model":"7a4df2b8-6ab4-43f7-90eb-5b32dec11c08"},{"predicate":{"custom_model_data":1003},"model":"30259c52-0b5a-4132-b090-bfe1efca93cd"},{"predicate":{"custom_model_data":1004},"model":"10f53281-5bd6-4108-8364-b451ec1a0dc7"},{"predicate":{"custom_model_data":1005},"model":"96d69fde-b7ef-498a-b750-d0bbfd184219"},{"predicate":{"custom_model_data":1006},"model":"cdd13c98-1f8b-4704-a18a-9623c5b39d84"},{"predicate":{"custom_model_data":1007},"model":"96022a65-ca47-4f25-8680-9c46702e7947"},{"predicate":{"custom_model_data":1008},"model":"32d6668f-d57b-4896-9ff8-0d0c106ddb94"},{"predicate":{"custom_model_data":1009},"model":"f55e1247-ec39-4d0d-babc-52ab34596356"},{"predicate":{"custom_model_data":1010},"model":"da9509b7-c801-4b0d-ba81-bfa71901aed9"},{"predicate":{"custom_model_data":1011},"model":"3ea08f5d-f457-4019-8b00-8ce6c48007ba"},{"predicate":{"custom_model_data":1012},"model":"23c832e9-0ba4-47fa-b85e-344ff5e6dda9"},{"predicate":{"custom_model_data":1013},"model":"c9627436-e7ed-46a7-89c3-233e7f1147b9"},{"predicate":{"custom_model_data":1014},"model":"052df603-05cb-4910-8d48-b88ba76f5a06"},{"predicate":{"custom_model_data":1015},"model":"175e237f-55d0-4781-a2df-a5c077aeda60"},{"predicate":{"custom_model_data":1016},"model":"3d4d3eba-e855-4d86-881a-72fa42d9953a"},{"predicate":{"custom_model_data":1017},"model":"d7e4e646-4c68-40e9-8b4d-045b44cf71c2"},{"predicate":{"custom_model_data":1018},"model":"2dc8663d-3702-489b-9183-b5f0547cae2c"},{"predicate":{"custom_model_data":1019},"model":"1399a9e9-84ee-43b7-bb17-b39c90a7ae1b"},{"predicate":{"custom_model_data":1020},"model":"99cd35d6-3e38-4856-92a5-7bb1a7bf9d15"},{"predicate":{"custom_model_data":1021},"model":"d5a9f80d-a3e3-476b-b563-6e86e632b315"},{"predicate":{"custom_model_data":1022},"model":"7b03b60b-ab3a-48a2-8273-4646c7fb57ec"},{"predicate":{"custom_model_data":1023},"model":"bb1ea759-5e54-4abd-8022-4e4d3bf3767b"},{"predicate":{"custom_model_data":1024},"model":"446cf847-99a1-4789-9e1f-56a46e98a810"},{"predicate":{"custom_model_data":1025},"model":"538b7456-343b-42e5-a18f-d8a5d59ab597"},{"predicate":{"custom_model_data":1026},"model":"4cac83bd-1c4f-407a-8ceb-087faab70d58"},{"predicate":{"custom_model_data":1027},"model":"744ab5a1-1399-4591-a068-1f1b058937bf"},{"predicate":{"custom_model_data":1028},"model":"6d8ce034-cb18-4cc4-bc48-80fdc96802f6"},{"predicate":{"custom_model_data":1029},"model":"f3b42ba7-aa53-4737-9c26-644e7e3607d2"},{"predicate":{"custom_model_data":1030},"model":"1fa00f50-554c-46f2-a19d-817c8810133e"},{"predicate":{"custom_model_data":1031},"model":"c6b8eba0-1f64-43a1-8d2f-1d4e6795c44f"},{"predicate":{"custom_model_data":1032},"model":"c761d9e8-45a1-4391-84a5-13327ae3ac42"},{"predicate":{"custom_model_data":1033},"model":"c8ad7c7e-79bf-46a5-b530-ed206dda2c22"},{"predicate":{"custom_model_data":1034},"model":"91ae78b3-e073-40a0-97fa-bc7dbe30fa93"},{"predicate":{"custom_model_data":1035},"model":"eb701b2e-ba51-48d0-869e-8042bf449683"},{"predicate":{"custom_model_data":1036},"model":"bd7a155e-c045-455c-b14c-2e5584888a5b"},{"predicate":{"custom_model_data":1037},"model":"e53ca83b-6ab4-4427-8da3-fb11b32bf2a0"},{"predicate":{"custom_model_data":1038},"model":"a1c42d98-5263-4d2e-9fd6-86a56c2f7968"},{"predicate":{"custom_model_data":1039},"model":"a2b3b529-bbcc-47de-a2e7-79cd98b020da"},{"predicate":{"custom_model_data":1040},"model":"block/fire_floor0"},{"predicate":{"custom_model_data":1041},"model":"5d82ba31-64cb-449b-b216-7ce543db5b67"},{"predicate":{"custom_model_data":1042},"model":"4de5d3f0-698b-4e2b-b348-0d1b18ef584d"},{"predicate":{"custom_model_data":1043},"model":"144f04df-abe1-4619-a4c6-f1ce5a02a552"},{"predicate":{"custom_model_data":1044},"model":"20ed16f7-e872-4ed0-bb8a-3c44b27aafcf"},{"predicate":{"custom_model_data":1045},"model":"4c19fe53-7048-4f8f-8806-4fe8596e6fa1"},{"predicate":{"custom_model_data":1046},"model":"ed3dc1f7-df60-4d37-afca-d26cf499d1ca"},{"predicate":{"custom_model_data":1047},"model":"b884c13f-5baf-4e4f-b5fc-6d123bb08aee"},{"predicate":{"custom_model_data":1048},"model":"23766628-b2fe-4812-9ebb-ea296cbd9608"},{"predicate":{"custom_model_data":1049},"model":"e42e7328-0771-440f-a9d4-0965f42d7f67"},{"predicate":{"custom_model_data":1050},"model":"43ee5049-f9d5-4686-8357-8f2d6c4def29"},{"predicate":{"custom_model_data":1051},"model":"bf2c0907-2e82-4403-ae89-217418406899"},{"predicate":{"custom_model_data":1052},"model":"ebe807da-e435-4ae0-831d-7157c9f22f3f"},{"predicate":{"custom_model_data":1053},"model":"c4817252-d868-492b-8947-753e5d221c60"},{"predicate":{"custom_model_data":1054},"model":"f2ecc5d5-bccd-4bcf-a1f7-7132e21bbef2"},{"predicate":{"custom_model_data":1055},"model":"7e6269d9-06f0-4861-b45e-31a8c308c005"},{"predicate":{"custom_model_data":1056},"model":"77203e26-e003-4d2c-abc7-d1f349f4122f"},{"predicate":{"custom_model_data":1057},"model":"94cdbd6d-3245-4f33-8516-e1ab691da7a9"},{"predicate":{"custom_model_data":1058},"model":"nexo:7b3ced76-eda2-456f-98ec-a7dc7f6f2010"},{"predicate":{"custom_model_data":1059},"model":"nexo:ed8337a5-e561-4697-b40c-e603a0212ab1"},{"predicate":{"custom_model_data":1060},"model":"nexo:ab30d89f-dc79-4f2e-967a-6ce06e326ed9"},{"predicate":{"custom_model_data":1061},"model":"nexo:de62e1fc-2082-49ef-a482-3e5fe4ae33ec"},{"predicate":{"custom_model_data":1062},"model":"nexo:4ea4dfa8-8e0f-44bf-b6b4-654ed23af297"},{"predicate":{"custom_model_data":1063},"model":"nexo:95601e52-8dfc-45b6-a0eb-22d104e437c9"},{"predicate":{"custom_model_data":1064},"model":"nexo:ceb9dec7-ca7c-4e2f-8628-607aca12aacc"},{"predicate":{"custom_model_data":1065},"model":"818ed99c-2c55-493b-a230-cf0bf6d4a8c2"},{"predicate":{"custom_model_data":1066},"model":"c1dfb264-76ba-490a-89e0-a345708fa840"},{"predicate":{"custom_model_data":1067},"model":"257f8a94-25e6-4236-90f1-1dabee0694c0"},{"predicate":{"custom_model_data":1068},"model":"fortunewheel/fortunewheel_pizza"},{"predicate":{"custom_model_data":1069},"model":"plny_summer2025cosmeticsset:sun_hat"},{"predicate":{"custom_model_data":1070},"model":"plny_summer2025cosmeticsset:duck_floatie"},{"predicate":{"custom_model_data":1071},"model":"plny_summer2025cosmeticsset:flower_crown"},{"predicate":{"custom_model_data":1072},"model":"plny_summer2025cosmeticsset:mini_fan"},{"predicate":{"custom_model_data":1073},"model":"plny_summer2025cosmeticsset:snorkel_mask"},{"predicate":{"custom_model_data":1074},"model":"plny_summer2025cosmeticsset:surfboard"},{"predicate":{"custom_model_data":1075},"model":"plny_summer2025cosmeticsset:umbrella"},{"predicate":{"custom_model_data":1076},"model":"plny_summer2025cosmeticsset:water_gun"}]}