{"parent":"item/template_skull","overrides":[{"predicate":{"custom_model_data":1},"model":"e9ba22f1-bdc6-4fc5-934a-7fdc0f6f9e20"},{"predicate":{"custom_model_data":2},"model":"7d8cfd3c-c3d1-4cb9-b06c-7e614e3e55f9"},{"predicate":{"custom_model_data":3},"model":"df82d709-063b-4829-81c3-db2842198886"},{"predicate":{"custom_model_data":4},"model":"a15a56a4-f80b-44e5-9c8d-bedcd35b8bda"},{"predicate":{"custom_model_data":5},"model":"45c10e1a-eecb-4fc4-80c3-30aa79ce3761"},{"predicate":{"custom_model_data":6},"model":"5fb15ea1-8d43-41c0-a5c7-46dec5cf766b"},{"predicate":{"custom_model_data":7},"model":"063a04cb-21fd-43d0-8791-7c0ea38b4fb0"},{"predicate":{"custom_model_data":8},"model":"8f2f3e3d-7130-4b56-b782-e52177e21182"}]}