{"parent":"item/generated","textures":{"layer0":"item/potion_overlay","layer1":"item/potion"},"overrides":[{"predicate":{"custom_model_data":9925143},"model":"plny_summer2025cosmeticsset:duck_floatie_cosmetic"},{"predicate":{"custom_model_data":9925144},"model":"plny_summer2025cosmeticsset:duck_floatie_cosmetic_self"},{"predicate":{"custom_model_data":9925145},"model":"plny_summer2025cosmeticsset:duck_floatie_cosmetic_self_2"},{"predicate":{"custom_model_data":9925146},"model":"plny_summer2025cosmeticsset:duck_floatie_cosmetic_normal_2"},{"predicate":{"custom_model_data":9925147},"model":"plny_summer2025cosmeticsset:flower_crown"},{"predicate":{"custom_model_data":9925148},"model":"plny_summer2025cosmeticsset:snorkel_mask"},{"predicate":{"custom_model_data":9925149},"model":"plny_summer2025cosmeticsset:sun_hat"},{"predicate":{"custom_model_data":9925150},"model":"plny_summer2025cosmeticsset:surfboard_cosmetic"},{"predicate":{"custom_model_data":9925151},"model":"plny_summer2025cosmeticsset:surfboard_cosmetic_self"},{"predicate":{"custom_model_data":9925152},"model":"plny_summer2025cosmeticsset:surfboard_cosmetic_self_2"},{"predicate":{"custom_model_data":9925153},"model":"plny_summer2025cosmeticsset:surfboard_cosmetic_normal_2"},{"predicate":{"custom_model_data":9925154},"model":"plny_summer2025cosmeticsset:umbrella_cosmetic"},{"predicate":{"custom_model_data":9925155},"model":"plny_summer2025cosmeticsset:umbrella_cosmetic_self"},{"predicate":{"custom_model_data":9925156},"model":"plny_summer2025cosmeticsset:umbrella_cosmetic_self_2"},{"predicate":{"custom_model_data":9925157},"model":"plny_summer2025cosmeticsset:umbrella_cosmetic_normal_2"}]}