{"parent":"builtin/entity","display":{"thirdperson_righthand":{"rotation":[0.0,90.0,0.0],"translation":[10.0,6.0,-4.0]},"thirdperson_lefthand":{"rotation":[0.0,90.0,0.0],"translation":[10.0,6.0,12.0]},"firstperson_righthand":{"rotation":[0.0,180.0,5.0],"translation":[-10.0,2.0,-10.0],"scale":[1.25,1.25,1.25]},"firstperson_lefthand":{"rotation":[0.0,180.0,5.0],"translation":[10.0,0.0,-10.0],"scale":[1.25,1.25,1.25]},"gui":{"rotation":[15.0,-25.0,-5.0],"translation":[2.0,3.0,0.0],"scale":[0.65,0.65,0.65]},"fixed":{"rotation":[0.0,180.0,0.0],"translation":[-4.5,4.5,-5.0],"scale":[0.55,0.55,0.55]},"ground":{"translation":[2.0,4.0,2.0],"scale":[0.25,0.25,0.25]}},"textures":{"particle":"block/dark_oak_planks"},"gui_light":"front","overrides":[{"predicate":{"blocking":1},"model":"item/shield_blocking"},{"predicate":{"custom_model_data":1000},"model":"eb87c5bc-40e5-4fbd-97e0-3f78c24e46a0"},{"predicate":{"blocking":1.0,"custom_model_data":1000},"model":"4bb5f28d-8c81-4834-83e4-a878a702a4af"},{"predicate":{"custom_model_data":1001},"model":"nexo:6f7ef700-254d-4e52-91ab-e25ff23d2bdf"},{"predicate":{"blocking":1.0,"custom_model_data":1001},"model":"nexo:a8de4280-6fff-440f-b427-ca58a53a38de"}]}